{"type": "FeatureCollection", "features": [{"type": "Feature", "properties": {"name": "Belvedere", "region": "southern_marin", "geoid": "0605164", "source": "US Census TIGERweb ACS2025 Places (layers 4,5)", "role": "place"}, "geometry": {"type": "Polygon", "coordinates": [[[-122.48804899962681, 37.871056999715485], [-122.48888399985309, 37.86942599993592], [-122.48417899989066, 37.86721400031232], [-122.48133799965119, 37.86587800014374], [-122.47254899969236, 37.86196400019414], [-122.47119100030767, 37.860331999843915], [-122.4682920003419, 37.857242000277424], [-122.46694999995243, 37.85579800016698], [-122.46557599977591, 37.854319999815], [-122.46368299974064, 37.85232699974551], [-122.46338300016497, 37.85342699976403], [-122.46256899985511, 37.85420099996663], [-122.46179999975108, 37.85493099966487], [-122.45949400016224, 37.85712400023632], [-122.45872599988313, 37.85785500011402], [-122.45843700017812, 37.85812899996709], [-122.45757099998973, 37.858951999828896], [-122.45728300010963, 37.85922699988633], [-122.45614800030772, 37.86099899967889], [-122.45274700020158, 37.8663179999527], [-122.4516130002246, 37.86809100006701], [-122.45155399977504, 37.86824499968077], [-122.45250899965191, 37.86883100015886], [-122.45579500013031, 37.87085000017686], [-122.45689099957414, 37.87152400027593], [-122.45685299993933, 37.87154500016625], [-122.45686200016014, 37.871587999788005], [-122.45686600035812, 37.87160600008398], [-122.4569149998636, 37.871705000214966], [-122.45695000002371, 37.87176000015143], [-122.45699500022955, 37.87181300033503], [-122.45705200013094, 37.87188099972534], [-122.45707399987226, 37.87190800006026], [-122.45710900003237, 37.871957999866424], [-122.4571259997508, 37.87198699988027], [-122.45714400019246, 37.872018000298176], [-122.45715800043617, 37.872083999794825], [-122.45716599993378, 37.87216300013524], [-122.45717099995665, 37.87222099999017], [-122.45717199978154, 37.87231500004929], [-122.45718400037543, 37.872380000140744], [-122.45719900044404, 37.87246099985809], [-122.45709200031392, 37.872634000155486], [-122.45700600010021, 37.872775000117926], [-122.45773300037142, 37.87288800000363], [-122.45777900040218, 37.872990999899095], [-122.45781500038719, 37.8730499996504], [-122.45800199998494, 37.87320900013918], [-122.45805499968839, 37.87324300026158], [-122.45802200007641, 37.8730259999616], [-122.45825100040527, 37.873151000352955], [-122.45825399988003, 37.873205000081995], [-122.45871900021044, 37.87344200007937], [-122.45877100008897, 37.87342500006606], [-122.45886700034842, 37.873408999883104], [-122.45905399994618, 37.8734869996786], [-122.45908099971037, 37.8735149999669], [-122.45925899998561, 37.87378899974441], [-122.45937699998636, 37.873783000060385], [-122.45939999955259, 37.87378200023117], [-122.4594780002687, 37.87378200023117], [-122.45951599990354, 37.87379400030796], [-122.45954900041382, 37.87381100023619], [-122.45961700018587, 37.87387400006091], [-122.45990599989086, 37.87413900008448], [-122.46000299997527, 37.874227999998986], [-122.4598859997994, 37.87429299982077], [-122.45962499968348, 37.87443999978445], [-122.4596199996606, 37.87453899965256], [-122.45961399981282, 37.874672000268745], [-122.45964800014801, 37.87476299988017], [-122.45971500009517, 37.874919000066875], [-122.45985900003521, 37.87525000008254], [-122.45986800025605, 37.875269999810854], [-122.45992400033255, 37.8755629999952], [-122.45996799981516, 37.875675999858956], [-122.46003399993741, 37.87584300018109], [-122.46006700044767, 37.87592500014548], [-122.46022399990818, 37.87602100003967], [-122.46048300037428, 37.87616299969809], [-122.46087199963841, 37.8763909998354], [-122.46121200029536, 37.87656499991322], [-122.46162800022196, 37.87676499976389], [-122.4617160000855, 37.87676099989981], [-122.46178300003264, 37.87679600029841], [-122.46194600023928, 37.876897999906404], [-122.46197200017852, 37.87697000012863], [-122.46212100014145, 37.87705900016814], [-122.46242599973998, 37.87725500025848], [-122.4625110001288, 37.87731599970262], [-122.46271899964292, 37.877500000347], [-122.46291500035983, 37.8777010002713], [-122.46304800042923, 37.87786999980433], [-122.46318300014842, 37.87805699979658], [-122.46347900042444, 37.87852600018357], [-122.46360300027301, 37.87873000013958], [-122.4641740000103, 37.879314999716335], [-122.4655039998059, 37.880678999831645], [-122.46592599958028, 37.881029999781], [-122.46655499994222, 37.88155299966272], [-122.4668699995865, 37.88161099992377], [-122.46775199966844, 37.88195699967643], [-122.47077899968072, 37.883147000067986], [-122.47126199955446, 37.88341400016062], [-122.47237299996527, 37.88402800034698], [-122.4723810003612, 37.88399400023959], [-122.47239899990454, 37.883840000223955], [-122.47239899990454, 37.88373200001169], [-122.47238700020898, 37.88369599966938], [-122.47231100004099, 37.88355900025412], [-122.47213100011594, 37.8833159998673], [-122.47204699955202, 37.883201999969714], [-122.47201499976498, 37.88315499981129], [-122.47206900019165, 37.883178000043436], [-122.47223200039826, 37.883249999798856], [-122.47228699975153, 37.883273999701665], [-122.47231500023895, 37.88330899984134], [-122.47233699998027, 37.88332400030126], [-122.47251600008039, 37.88344700012875], [-122.4725300003241, 37.88345699994431], [-122.47256999960877, 37.88349699990192], [-122.47428799974186, 37.884685999833856], [-122.47474600039958, 37.88501400017728], [-122.47843100018783, 37.8876590002166], [-122.4797529995875, 37.88554500031862], [-122.48066800017969, 37.88572199975118], [-122.48126499985626, 37.88583800004179], [-122.48207900016614, 37.884629000258535], [-122.48238399976466, 37.88412599969282], [-122.48088400008974, 37.88352600033618], [-122.48138500040517, 37.88267800003653], [-122.48535899989841, 37.87596400013975], [-122.48668399967113, 37.87372599984694], [-122.48695599965771, 37.873192000072095], [-122.48777599981534, 37.871590000215065], [-122.48804899962681, 37.871056999715485]]]}}, {"type": "Feature", "properties": {"name": "Burlingame", "region": "burlingame", "geoid": "0609066", "source": "US Census TIGERweb ACS2025 Places (layers 4,5)", "role": "place"}, "geometry": {"type": "Polygon", "coordinates": [[[-122.40361799987086, 37.581612000080426], [-122.40353099983223, 37.58152099975818], [-122.40327300008937, 37.58124899977482], [-122.40318799970055, 37.58115899994883], [-122.4031579995633, 37.58112699976303], [-122.40306800004996, 37.581032000064766], [-122.40303799991273, 37.581001000054535], [-122.40282600020062, 37.580777000125345], [-122.40254499999324, 37.58048000004133], [-122.40216699970145, 37.58013199998152], [-122.40194099974563, 37.579923999930166], [-122.40185299988211, 37.57984300000281], [-122.40159099994128, 37.57960099994102], [-122.40150399990263, 37.579520999912354], [-122.40146399971965, 37.57948399990562], [-122.40134700044213, 37.57937599981929], [-122.40130800008404, 37.57934100024552], [-122.40123000026625, 37.57926899982973], [-122.40099599991451, 37.57905500010128], [-122.40091800009672, 37.57898399966627], [-122.40081000014169, 37.578884999758856], [-122.40048799992643, 37.57859100003458], [-122.40038099979628, 37.578492999868516], [-122.4000860002435, 37.57822300003684], [-122.3999809997632, 37.578126999924066], [-122.39990299994538, 37.57803800015385], [-122.39970899977666, 37.577875000107], [-122.3996059998445, 37.577771999766696], [-122.39941400022386, 37.57755699973088], [-122.3992839996292, 37.57738900008538], [-122.39926299971282, 37.57735799998225], [-122.3991279999936, 37.57715699985009], [-122.39903799958192, 37.57702899997551], [-122.3989189997562, 37.57686000027683], [-122.3988610000299, 37.57677700000215], [-122.39857599962455, 37.576345999678544], [-122.39856499975389, 37.576328999684016], [-122.3984660000197, 37.57617300009749], [-122.39839099967662, 37.576056999955746], [-122.39834399982095, 37.575983000040985], [-122.39818399998737, 37.575757000076926], [-122.39816200024607, 37.57571599984298], [-122.39809699994875, 37.575595999914185], [-122.39802499997872, 37.57546199980071], [-122.3979959996664, 37.575417999912744], [-122.39781599974137, 37.57513899967838], [-122.39777499973347, 37.57508100024867], [-122.39765500008285, 37.57490799986461], [-122.39759399998348, 37.57482099972124], [-122.39753500043227, 37.57474300016916], [-122.39736800002767, 37.574522000163945], [-122.39732000034712, 37.574462999935676], [-122.3971570001405, 37.57426100021198], [-122.39708900036842, 37.57418100014174], [-122.39764699968693, 37.57379399990569], [-122.3980710000095, 37.57350199996564], [-122.39798899999371, 37.57341900021993], [-122.39778800015226, 37.57321400022], [-122.3977079997863, 37.57313300011312], [-122.39695999959869, 37.57260399997339], [-122.395566000229, 37.5709460002375], [-122.39527999999873, 37.57065399981092], [-122.39516700002083, 37.57053699995764], [-122.3951789997164, 37.57047800013231], [-122.39464800016205, 37.569860999737976], [-122.39470699971326, 37.56959000026533], [-122.39324700022135, 37.56836600002949], [-122.39313599989326, 37.5682729998054], [-122.3923209997585, 37.568795999862125], [-122.39242100021592, 37.56889699972774], [-122.3930370001591, 37.56952199979103], [-122.39316100000764, 37.56964799969942], [-122.3934480000628, 37.56993799975245], [-122.39349400009358, 37.569984000074456], [-122.39354500014718, 37.570037999828074], [-122.39365800012511, 37.570156999793], [-122.3938060002631, 37.570088000171545], [-122.3938919995785, 37.57018600000692], [-122.39402700019603, 37.57033900033486], [-122.39422899986242, 37.570568000052305], [-122.39408599974725, 37.570632999887295], [-122.39427999991602, 37.57084300028116], [-122.39432599994677, 37.57089199971822], [-122.39444300012265, 37.57103000025548], [-122.39464599961393, 37.571269999683054], [-122.39525499988436, 37.57199199972386], [-122.39545900009888, 37.57223299995938], [-122.39551900037333, 37.572303999711664], [-122.39570099994822, 37.57251899996258], [-122.39576200004758, 37.57259099978535], [-122.39565400009255, 37.57269099985886], [-122.39560399986384, 37.572736000275306], [-122.3952440000137, 37.57306500002564], [-122.39518499956418, 37.57311299980066], [-122.39511799961704, 37.57315400004377], [-122.39493699986706, 37.57326700014556], [-122.39479499957686, 37.57325499969557], [-122.39473600002562, 37.57325099978244], [-122.39441499963525, 37.57323599975039], [-122.39437000032773, 37.57323599975039], [-122.39431199970308, 37.573237999707324], [-122.39422899986242, 37.57324800020344], [-122.3941660001132, 37.573263000233126], [-122.39408800029541, 37.57328200017137], [-122.3939810001653, 37.57331600012381], [-122.39392099989082, 37.573337000002866], [-122.3938709996621, 37.573357000255164], [-122.39377600012585, 37.57340000031659], [-122.39373000009512, 37.573427999647876], [-122.39366300014795, 37.573470000048935], [-122.39357699993424, 37.57354299999466], [-122.39350499996424, 37.57362499998489], [-122.3933130003436, 37.57389899999192], [-122.39319199996977, 37.57407300019542], [-122.39311099977891, 37.57422500004861], [-122.39306399992326, 37.57432699999166], [-122.39304100035702, 37.57438100015624], [-122.39276900037049, 37.57512900014819], [-122.3926720002861, 37.57539699990849], [-122.3924970003839, 37.57589000007266], [-122.3924630000487, 37.57598899969049], [-122.3924100003453, 37.57617600027063], [-122.3923149999107, 37.576644999743515], [-122.39230099966701, 37.57670199980299], [-122.39226899987996, 37.57677399985322], [-122.39221899965128, 37.57685099983983], [-122.39216199974982, 37.576912000170225], [-122.3920889999549, 37.576972000166336], [-122.39200199991629, 37.57702299969789], [-122.39189499978615, 37.57706700006139], [-122.39180199989971, 37.57709000016013], [-122.3917280002799, 37.577100000138906], [-122.39170700036347, 37.5771039998453], [-122.3914760003848, 37.57710899983391], [-122.39142500033118, 37.57711300025177], [-122.391314999828, 37.57712899978512], [-122.39121000024605, 37.57715699985009], [-122.39115499999446, 37.577176000218785], [-122.39108200019953, 37.57720900024803], [-122.39105000041245, 37.57723799985173], [-122.39096800039671, 37.57731300022292], [-122.39085299987065, 37.577418999897304], [-122.39074400009069, 37.577494999651535], [-122.3906379997855, 37.57755100020772], [-122.3902009999425, 37.57771999976198], [-122.38992899995593, 37.57782699984171], [-122.39001400034475, 37.57817699982025], [-122.39002299966725, 37.57826300004733], [-122.39001500016967, 37.57834900017507], [-122.38998800040548, 37.57844199991996], [-122.38994499984945, 37.57852100013252], [-122.38987799990228, 37.578605000149466], [-122.38984600011526, 37.57864699976646], [-122.38972700028957, 37.5787479997993], [-122.38969600032743, 37.57876499995349], [-122.38961599996148, 37.57879900025019], [-122.38943600003644, 37.57884600034166], [-122.38933300010427, 37.57888600001747], [-122.38927899967759, 37.57892399986754], [-122.38923400037005, 37.57897500019789], [-122.38920599988266, 37.57902700003808], [-122.38917400009561, 37.57915600029265], [-122.3891320002628, 37.579243000354666], [-122.3890660001406, 37.579319999923804], [-122.3889899999726, 37.57937800032332], [-122.3889149996295, 37.57942200000708], [-122.3888429996595, 37.57944600034134], [-122.38877800026047, 37.57945400021375], [-122.38868299982593, 37.57944699988049], [-122.38850799992375, 37.57941700017372], [-122.38843000010594, 37.57941700017372], [-122.38835599958779, 37.579434000175176], [-122.38830200005941, 37.579459000044615], [-122.3882510000058, 37.57949900010298], [-122.38822099986857, 37.57953000002667], [-122.38817800021087, 37.579562000186996], [-122.38810700006573, 37.57959300008441], [-122.38803599992063, 37.579605000225], [-122.38796499977552, 37.57960299972707], [-122.38786699986625, 37.579590000048995], [-122.38782599985835, 37.57959300008441], [-122.3878130003379, 37.57959499987067], [-122.3877599997361, 37.57961600011481], [-122.38771799990334, 37.579650000022966], [-122.3876950003371, 37.57969199976237], [-122.38768899959102, 37.57973199969555], [-122.38773899981973, 37.57991799988584], [-122.38773999964464, 37.5799349997729], [-122.38774200019276, 37.57996800000319], [-122.38773299997194, 37.58001300029368], [-122.38770799985758, 37.58006300034723], [-122.38763099986467, 37.58014299979353], [-122.38771700007842, 37.58020700028537], [-122.3887520003212, 37.58081299996873], [-122.38854300008384, 37.58100599978145], [-122.38853499968792, 37.58103300029448], [-122.38848600018243, 37.58116900009309], [-122.38836900000658, 37.58122000030948], [-122.38835300011304, 37.581314999767855], [-122.38833700021952, 37.581333000273546], [-122.38828199996793, 37.581440999656856], [-122.3881740000129, 37.58147299970769], [-122.38808699997426, 37.581729000331286], [-122.3879000003765, 37.58187500033169], [-122.38792999961541, 37.58212800035163], [-122.38777900000268, 37.582231999862884], [-122.3876810000934, 37.58235800033561], [-122.38724800044835, 37.582523000242354], [-122.38714600034109, 37.582395999837445], [-122.38703500001303, 37.582382999935135], [-122.38695499964707, 37.582479000255546], [-122.38678599959269, 37.58254799978642], [-122.3867660003995, 37.582639000277155], [-122.3863069999169, 37.582381000223755], [-122.38619599958881, 37.58231899989003], [-122.38525999997853, 37.58179700033783], [-122.38576200011886, 37.58123599967217], [-122.3858149998223, 37.581157999720794], [-122.38585199963221, 37.58109500027535], [-122.38661700043657, 37.580239000154656], [-122.38664099982773, 37.5802120000656], [-122.38652200000205, 37.58013900025038], [-122.38644400018423, 37.580092000263235], [-122.38639499978042, 37.58006200010443], [-122.38635700014561, 37.58003900021179], [-122.38633200003125, 37.580071000153346], [-122.38579100043117, 37.580677999754364], [-122.38548699975922, 37.581027999857454], [-122.38516600026718, 37.581389000078794], [-122.38504200041865, 37.58146600027617], [-122.38489500010553, 37.58155800017645], [-122.38474699996752, 37.58150799970308], [-122.38460200020256, 37.58142599985075], [-122.38448000000383, 37.5813520002885], [-122.38439700016315, 37.58127999968174], [-122.38435000030749, 37.581214999884956], [-122.38430199972859, 37.581132000193406], [-122.38423399995654, 37.581027999857454], [-122.38415799978856, 37.58094300020743], [-122.38405400003147, 37.5808739999009], [-122.38399700013007, 37.580839000319386], [-122.38392799963478, 37.580799999789996], [-122.38378700006778, 37.58075699973023], [-122.38370199967896, 37.58074300001998], [-122.3835979999219, 37.58073899979714], [-122.3835130004314, 37.58072999982897], [-122.38339999955518, 37.58071300012349], [-122.38332799958515, 37.580692999711175], [-122.38327800025475, 37.58060400016052], [-122.38322999967588, 37.58053899977355], [-122.3831460000103, 37.58052200002446], [-122.38307999988805, 37.58048499980324], [-122.38288200041964, 37.580373999741234], [-122.3828170001223, 37.580337000158394], [-122.3831750003226, 37.57983800019778], [-122.38360200011985, 37.579711000196056], [-122.38377199999915, 37.57988599987853], [-122.38385999986274, 37.57997800030737], [-122.38364499977757, 37.580298000077924], [-122.38372199977044, 37.580308999865395], [-122.38379899976337, 37.58032999990816], [-122.3838869996269, 37.580364000202124], [-122.38390199969554, 37.58037000021051], [-122.38417299985716, 37.58003600019429], [-122.38431099994943, 37.57985300032383], [-122.38424800020022, 37.579817000016256], [-122.38416700000937, 37.579754999683026], [-122.38415699996364, 37.57974699984296], [-122.38409500003937, 37.57968500016341], [-122.38402300006933, 37.579587000013404], [-122.38398000041163, 37.57949600006378], [-122.38396299979487, 37.57946699991563], [-122.38394100005357, 37.57942800009136], [-122.3839360000307, 37.57941799971326], [-122.38388300032724, 37.57935099992198], [-122.38422999975859, 37.57918999969887], [-122.38426999994154, 37.57914299982453], [-122.38410699973494, 37.57902899983955], [-122.38386300023576, 37.57885600008466], [-122.38381899985484, 37.57889000033981], [-122.38380499961113, 37.57890399968659], [-122.38364999980044, 37.57907099992926], [-122.38359899974681, 37.57912700001208], [-122.38358200002838, 37.57911700030548], [-122.38344899995897, 37.57906199975946], [-122.38342300001972, 37.579050999787796], [-122.38325599961514, 37.579003000280636], [-122.38312599991879, 37.57897899980351], [-122.38297199993302, 37.57896700027401], [-122.38281100027451, 37.57897299968303], [-122.38271400019016, 37.578975999743356], [-122.38267900003005, 37.578973999940466], [-122.38255299963336, 37.57896700027401], [-122.38239500034793, 37.57894400004312], [-122.38228800021781, 37.57891599993819], [-122.38225200023278, 37.57890699974965], [-122.38216299964601, 37.5788769998253], [-122.38191499994889, 37.57879399966312], [-122.38186300007035, 37.57877799977562], [-122.38182399971231, 37.578766999761996], [-122.38164200013742, 37.57919299975045], [-122.3816959996658, 37.57921200031148], [-122.38145399981646, 37.57949199977394], [-122.3814079997857, 37.579548000252], [-122.38099600005704, 37.57931699987734], [-122.38061600011545, 37.57910399983061], [-122.38018099992226, 37.57886099995563], [-122.38024299984656, 37.5788719999554], [-122.38028600040256, 37.57888100014812], [-122.38040900042623, 37.57888900008125], [-122.38043399964225, 37.57888700027607], [-122.38049800011468, 37.578882999953514], [-122.38052400005395, 37.578879999889494], [-122.38054699962017, 37.57887900034273], [-122.3806040004199, 37.57886800034399], [-122.38063100018405, 37.578862999761554], [-122.38073400011622, 37.578832999819475], [-122.38084700009412, 37.57878800023968], [-122.38092999993479, 37.57876399969325], [-122.38100399955466, 37.57874400018126], [-122.38111400005783, 37.57872599976152], [-122.38116900030941, 37.57871700026195], [-122.38133699964058, 37.57870499997829], [-122.38146200021238, 37.57870699978841], [-122.3814789999308, 37.578709000310354], [-122.38150099967213, 37.57835099999475], [-122.3815280003346, 37.57801400007768], [-122.38157199981724, 37.578004000221604], [-122.38163000044185, 37.57807099980109], [-122.38200899966024, 37.5780469997355], [-122.38204600036845, 37.57803899971191], [-122.38219100013342, 37.57803899971191], [-122.382274999799, 37.57794199980256], [-122.38237000023358, 37.5778609998548], [-122.38240399967046, 37.57781099974642], [-122.38238500030216, 37.57780599980494], [-122.38233900027141, 37.57779499964767], [-122.38228999986762, 37.57778600003559], [-122.38219500033138, 37.577771999766696], [-122.38212199963814, 37.57776399971357], [-122.38202499955374, 37.57775899976894], [-122.38192199962158, 37.577758000207126], [-122.3818150003898, 37.57775399982392], [-122.38165100035826, 37.57773799971292], [-122.38163600028963, 37.57773700015084], [-122.38140399958772, 37.57769800013236], [-122.38135599990717, 37.577685000121676], [-122.38131200042453, 37.57766899999587], [-122.38130099965555, 37.577646000075966], [-122.38128899996, 37.577624999988146], [-122.38128399993714, 37.57759700009909], [-122.38128599958695, 37.577571000040194], [-122.38128800013509, 37.577554000325335], [-122.38129700035593, 37.57753300021151], [-122.38133699964058, 37.5774970002061], [-122.3814019999379, 37.577453999662644], [-122.38148200030386, 37.57742200002025], [-122.38153800038033, 37.57741200008467], [-122.38157600001519, 37.5774070001164], [-122.38164299996234, 37.57740899996132], [-122.38171999995522, 37.57741200008467], [-122.38181100019183, 37.57740899996132], [-122.38189900005537, 37.57739099993085], [-122.38196299962948, 37.577364000232876], [-122.381986000094, 37.57735499985674], [-122.38204999966811, 37.5773139997907], [-122.38210800029275, 37.577259000048706], [-122.38224999968465, 37.57704000024593], [-122.38227999982186, 37.576997999722494], [-122.38256500022723, 37.576706999818654], [-122.38261499955763, 37.57664299987802], [-122.3826899999007, 37.57655000002208], [-122.382711999642, 37.57652699975654], [-122.38276100004582, 37.576497000297145], [-122.38281799994722, 37.57648099991606], [-122.38287800022167, 37.57648099991606], [-122.38289599976504, 37.57655500004789], [-122.38294599999372, 37.57659399995312], [-122.38295699986439, 37.57662799981724], [-122.38294099997088, 37.57665799993582], [-122.38268099967986, 37.576989000014066], [-122.38260700006002, 37.5771039998453], [-122.38257199989991, 37.577229999741235], [-122.38256799970199, 37.57730399984067], [-122.38260899970986, 37.57740200014775], [-122.38267800020513, 37.57747799991938], [-122.38277000026663, 37.577533999776335], [-122.38287599967354, 37.57756699964694], [-122.38297600013097, 37.57757499972123], [-122.38308900010887, 37.57756699964694], [-122.38328300027764, 37.57751000024961], [-122.38342200019481, 37.57743199995443], [-122.38352400030206, 37.577346999758795], [-122.38356100011198, 37.57730800024801], [-122.38358899970106, 37.5772989998651], [-122.3839000000457, 37.577186000186], [-122.38416399963634, 37.57708599974104], [-122.38429800042896, 37.57735100016387], [-122.3846759998224, 37.57722200034182], [-122.3850120002814, 37.57710699998093], [-122.38505499993909, 37.57717900035145], [-122.38553500033812, 37.57692599988885], [-122.3856819997529, 37.57700000029041], [-122.38576799996662, 37.57704299967219], [-122.38579200025607, 37.57701599984802], [-122.38581399999738, 37.57699099987027], [-122.3863169999626, 37.57644199995169], [-122.38637399986403, 37.576399000222864], [-122.38643699961322, 37.57636899999999], [-122.38655700016213, 37.576326999810036], [-122.38662999995708, 37.576290999933526], [-122.38671899964552, 37.57622799992967], [-122.38677899991998, 37.576166999750896], [-122.38682099975277, 37.57610699981805], [-122.38692299986005, 37.575938999748956], [-122.38698800015734, 37.575833999691234], [-122.38705000008163, 37.57576400004519], [-122.38712600024961, 37.57570100030744], [-122.38720499989233, 37.57565399965474], [-122.3872509999231, 37.57562700003889], [-122.38727500021254, 37.57561100018283], [-122.38730000032689, 37.575595999914185], [-122.38737899996963, 37.5755299998353], [-122.38745299958946, 37.57544099980886], [-122.38748699992463, 37.575377999797894], [-122.3877239997511, 37.57488999994148], [-122.3877799998276, 37.57481100014834], [-122.3878490003229, 37.57473900033595], [-122.38793999966117, 37.5746680000573], [-122.38795200025507, 37.574660999986065], [-122.38805699983702, 37.57442100009465], [-122.38812399978418, 37.574290000251835], [-122.3881949999293, 37.57408699973581], [-122.38825500020374, 37.57396500009242], [-122.38835300011304, 37.573808999825346], [-122.38837700040247, 37.573747999800915], [-122.38839400012091, 37.573667000274845], [-122.38839400012091, 37.57362100009163], [-122.38831899977785, 37.57361199997507], [-122.38749899962019, 37.57344999982698], [-122.3870969999373, 37.573932999662624], [-122.38646000007778, 37.5741170001661], [-122.38658599957616, 37.57432800031151], [-122.38589500018823, 37.57446100001158], [-122.38580599960146, 37.574480999962006], [-122.38580300012673, 37.57434500005087], [-122.38581800019533, 37.574206000350905], [-122.38585800037833, 37.57404099981203], [-122.38589699983805, 37.57388099982491], [-122.38598300005177, 37.57386799985983], [-122.38624099979465, 37.57383000027742], [-122.38632799983327, 37.57381799991809], [-122.38676700022442, 37.57376200011439], [-122.38698300013449, 37.57373600014038], [-122.38748299972669, 37.57293599989855], [-122.38731399967229, 37.57295699988481], [-122.38687500017946, 37.57301199995633], [-122.3865899997741, 37.57305100029314], [-122.38659300014716, 37.573027999658805], [-122.38658800012428, 37.5729730003111], [-122.38657200023076, 37.57292499973386], [-122.38655100031436, 37.57288699967033], [-122.38652700002491, 37.57284900029929], [-122.38646099990267, 37.57274600012683], [-122.38641900006988, 37.572661000278096], [-122.3863989999784, 37.57259800005116], [-122.38638300008488, 37.5725360001149], [-122.38628299962744, 37.5724359998333], [-122.38626900028206, 37.572398000232205], [-122.38622699955094, 37.572322000259845], [-122.38616799999973, 37.572234000307354], [-122.38605199964877, 37.57195300025649], [-122.38597899985382, 37.571989999733404], [-122.38567500008021, 37.57214400026456], [-122.38544199955338, 37.57226200007696], [-122.38520800009998, 37.5723799997024], [-122.38505099974114, 37.57246000028336], [-122.3849789997711, 37.572495999875954], [-122.38470799960946, 37.57263400028905], [-122.38465099970806, 37.57266199990833], [-122.38441700025466, 37.57278099995256], [-122.38422300008587, 37.572878000177006], [-122.38413299967421, 37.572924000107164], [-122.38398299988638, 37.5729980002138], [-122.38383499974837, 37.573074999833004], [-122.38358299985327, 37.57320100013844], [-122.3836270002342, 37.573348999727706], [-122.38370199967896, 37.57360499980456], [-122.38378399969474, 37.57388600002999], [-122.38383300009853, 37.5740510002003], [-122.38383899994632, 37.57406999993756], [-122.38385599966475, 37.57415900017858], [-122.38385999986274, 37.57417200009286], [-122.383845999619, 37.57418800025816], [-122.38368599978544, 37.574372999738785], [-122.38354500021846, 37.57453399969784], [-122.38352400030206, 37.57455800018374], [-122.38348999996687, 37.574592999869864], [-122.38347800027132, 37.574603999788174], [-122.3834649998525, 37.57461499970486], [-122.38345300015695, 37.574626000331854], [-122.38344099956305, 37.57463700024528], [-122.3834280000426, 37.57464699984155], [-122.38341399979889, 37.574657999751885], [-122.38339999955518, 37.5746680000573], [-122.3833870000347, 37.57467799964941], [-122.38337299979102, 37.57468799995209], [-122.38336000027053, 37.57469699993861], [-122.38334400037702, 37.574707000238796], [-122.3833309999582, 37.57471600022302], [-122.3833159998896, 37.57472500020616], [-122.38330199964588, 37.5747340001882], [-122.38328699957728, 37.57474300016916], [-122.38325700033836, 37.574761000127815], [-122.38322399982806, 37.574775000250845], [-122.38320799993457, 37.57478200031137], [-122.38319299986593, 37.57478999997296], [-122.38316899957651, 37.57479899994715], [-122.38307499986519, 37.57483899966104], [-122.38293299957496, 37.57489800030339], [-122.38292300042751, 37.574902999728195], [-122.38289800031318, 37.57491300000067], [-122.38288200041964, 37.57491800013646], [-122.38286200032817, 37.574923999871714], [-122.38283399984074, 37.57493000031847], [-122.3828099995513, 37.57493400014142], [-122.3827600002209, 37.574941000187], [-122.38271500001508, 37.5749439996978], [-122.38267700038021, 37.5749439996978], [-122.38263899984707, 37.57494199978662], [-122.38261000043308, 37.57493900027574], [-122.38258199994567, 37.57493499974114], [-122.38255500018148, 37.57493000031847], [-122.38253500009002, 37.574925999783375], [-122.38251800037156, 37.574921999960004], [-122.38249900010499, 37.57491699982454], [-122.38247300016572, 37.57490799986461], [-122.38244700022645, 37.57489899990358], [-122.38242899978479, 37.57489199985406], [-122.38241399971619, 37.57488400020348], [-122.38232800040076, 37.57484500011464], [-122.38232599985263, 37.57482999969168], [-122.38220399965391, 37.57472500020616], [-122.38216900039212, 37.57469500002085], [-122.38211800033848, 37.574657999751885], [-122.38202999957663, 37.5746089999447], [-122.38192199962158, 37.57456799979062], [-122.38180799981878, 37.57454299970297], [-122.38169999986374, 37.574535000014905], [-122.38141700000654, 37.57451500007898], [-122.3814079997857, 37.57453899985907], [-122.38139600009012, 37.57456300034337], [-122.38138000019659, 37.574583999870775], [-122.3813659999529, 37.574596000106666], [-122.38135099988429, 37.57460700002453], [-122.38132499994504, 37.574619999860595], [-122.38133499999077, 37.57464100008397], [-122.38136199975493, 37.57470299969173], [-122.38138400039456, 37.57476699987573], [-122.38140500031096, 37.57485400008218], [-122.38141700000654, 37.57494199978662], [-122.38141899965635, 37.57498700026682], [-122.38141899965635, 37.57503099969747], [-122.3814150003567, 37.575097000218626], [-122.38140500031096, 37.57515200013355], [-122.38139199989217, 37.57519199965789], [-122.38137299962558, 37.57523100027692], [-122.38135799955698, 37.575256000133585], [-122.38134099983853, 37.57527900007974], [-122.38132099974706, 37.57530200001883], [-122.38128899996, 37.575337999661556], [-122.38123600025658, 37.57538900031217], [-122.38117799963192, 37.5754370000132], [-122.38109599961618, 37.57549600018176], [-122.38101199995056, 37.575545999708766], [-122.38094900020137, 37.57557800015736], [-122.38084200007125, 37.57562700003889], [-122.38071999987251, 37.575693000031805], [-122.38058099995534, 37.57577999986838], [-122.38053099972663, 37.57581499969213], [-122.38050599961228, 37.575833000103586], [-122.38048200022115, 37.57585200009814], [-122.38045700010682, 37.57587100008785], [-122.38043399964225, 37.57589000007266], [-122.38041000025112, 37.57591000035127], [-122.3803869997866, 37.575929999912546], [-122.3803650000453, 37.575950000180356], [-122.38001199986789, 37.57627799967714], [-122.38006299992149, 37.5762999997263], [-122.38009300005874, 37.576324000354994], [-122.38012700039391, 37.57637999965596], [-122.38014699958708, 37.576438999789325], [-122.38018299957209, 37.576504000195854], [-122.380231000151, 37.57656500009856], [-122.38029899992304, 37.57662400008534], [-122.38042699996957, 37.576706999818654], [-122.3804500004341, 37.57672800016538], [-122.38049700028976, 37.576768999842116], [-122.38054900016829, 37.57683200010017], [-122.38056699971163, 37.576863999996114], [-122.38059199982601, 37.576907999741614], [-122.38065700012332, 37.57707000019847], [-122.38073999996399, 37.57720900024803], [-122.38082899965246, 37.57734100021876], [-122.38092999993479, 37.57749299980892], [-122.3808599996146, 37.577469999834655], [-122.38068499971243, 37.57742800026571], [-122.38053699957442, 37.57740000030258], [-122.380407999703, 37.57737799986651], [-122.38002299973854, 37.57731199994323], [-122.38000199982211, 37.57730800024801], [-122.37995499996646, 37.57730300027275], [-122.37991200030875, 37.57730199999287], [-122.37983399959263, 37.577306999968194], [-122.37974999992704, 37.57732500001902], [-122.37966299988841, 37.577356999703106], [-122.37957300037503, 37.57741099980625], [-122.37948700016132, 37.57748799984604], [-122.37943899958242, 37.577515999776075], [-122.37937199963528, 37.57753699989464], [-122.37931899993183, 37.577543000130845], [-122.3792600003806, 37.577540000012824], [-122.37914599967948, 37.57752899981626], [-122.37903799972445, 37.57753300021151], [-122.37892100044685, 37.57755300004883], [-122.37887899971578, 37.57756600008255], [-122.37882000016454, 37.57758500034687], [-122.37871700023237, 37.57763400033159], [-122.37860599990431, 37.57771199970326], [-122.37848999955335, 37.57779400008636], [-122.3784369998499, 37.57783199978178], [-122.3783799999485, 37.577740999823014], [-122.37829000043513, 37.577595000259166], [-122.3782059998712, 37.57746300002676], [-122.37815800019064, 37.57738900008538], [-122.37814399994693, 37.57739599990019], [-122.37809799991619, 37.577428999831945], [-122.37799099978605, 37.57750899997256], [-122.37782699975453, 37.57763400033159], [-122.3776219997151, 37.57772100003619], [-122.37746199988153, 37.577980999693246], [-122.37730000039817, 37.577977000033954], [-122.37634200014824, 37.57863299965946], [-122.37604800042035, 37.57858699969617], [-122.37587299961987, 37.57872700002227], [-122.37591199997793, 37.57881099980682], [-122.3759310002445, 37.578851999760445], [-122.3759789999251, 37.57895199996946], [-122.37585599990142, 37.57901300000255], [-122.37585099987855, 37.57902599978136], [-122.37580099964984, 37.57914700013312], [-122.37556800002135, 37.57918199979809], [-122.37552399964042, 37.5794080000458], [-122.37499399991098, 37.57954599975259], [-122.37485499999383, 37.57966800021927], [-122.37477800000092, 37.57978499996553], [-122.3746769997186, 37.579809000182856], [-122.37452199990788, 37.5797349997253], [-122.37424400007355, 37.579597999905936], [-122.37413199992054, 37.579543999965004], [-122.37394000029991, 37.57945100017275], [-122.37354799976444, 37.579599999692064], [-122.37337299986227, 37.5798870001237], [-122.37336399964143, 37.579945000081516], [-122.3733550003189, 37.5799959997125], [-122.37334100007521, 37.58008300021685], [-122.37310900027161, 37.58010900011051], [-122.3728070001478, 37.58019200023064], [-122.37276199994199, 37.58018900021931], [-122.37252400029062, 37.580174000160966], [-122.37250800039708, 37.58019200023064], [-122.37240899976456, 37.58030500033117], [-122.37236799975669, 37.58035099994499], [-122.37231000003037, 37.58041500025803], [-122.37227599969519, 37.58047200027916], [-122.37211599986162, 37.58073500028606], [-122.3720809997015, 37.58079300029515], [-122.37199500038611, 37.580854000243754], [-122.37198399961714, 37.58084700004212], [-122.37194799963211, 37.580826000145194], [-122.37188599970781, 37.58078600008778], [-122.37181299991289, 37.58074300001998], [-122.37182499960846, 37.580415999784165], [-122.37183200017947, 37.580224000106384], [-122.37183100035458, 37.58020700028537], [-122.37182999963134, 37.58019800025288], [-122.37182899980644, 37.58018900021931], [-122.3718270001566, 37.580180000184654], [-122.371812000088, 37.5801699999076], [-122.37168999988926, 37.58010199983883], [-122.37153400025363, 37.58034300016895], [-122.37145800008568, 37.58046099980383], [-122.37133199968896, 37.58038999999766], [-122.37130800029783, 37.58037799998363], [-122.37119600014485, 37.58031300011128], [-122.37104700018192, 37.5802300001261], [-122.37133199968896, 37.579902000239876], [-122.37126599956672, 37.579864999710544], [-122.37111300030418, 37.57977899991001], [-122.3704189996449, 37.57939100003841], [-122.3703480003981, 37.57934799987681], [-122.3699679995582, 37.57913799997251], [-122.36947999966156, 37.57886400002047], [-122.36965499956376, 37.57872800028301], [-122.36976099986896, 37.57864699976646], [-122.3696649996095, 37.578494999684324], [-122.36946200011822, 37.57817600026406], [-122.36944799987451, 37.578154000057275], [-122.369319999828, 37.57803999998189], [-122.36923000031463, 37.578081999917586], [-122.36898199971918, 37.57818199973687], [-122.36884699999999, 37.578248000312904], [-122.36878500007569, 37.578277999778734], [-122.36849200017275, 37.578110999893234], [-122.36842699987541, 37.57807399989776], [-122.36838400021772, 37.57811700008317], [-122.36837199962382, 37.57813000001848], [-122.36833700036203, 37.578168999810636], [-122.36832599959308, 37.57818300000493], [-122.36830399985176, 37.57820700002664], [-122.36823100005684, 37.578166999986124], [-122.3681230001018, 37.5781059999719], [-122.36788100025245, 37.57823700022094], [-122.36769799995436, 37.57833600027805], [-122.3675459996184, 37.57841900023883], [-122.36748000039447, 37.57845400024601], [-122.36739300035583, 37.578500999843314], [-122.36724100001985, 37.57858400033211], [-122.367087999859, 37.57866599975488], [-122.36676900001676, 37.57884099975775], [-122.36673300003176, 37.578859999696675], [-122.3666939996737, 37.57888100014812], [-122.3665039997029, 37.578984999923556], [-122.36611899973842, 37.57920099965004], [-122.3657360003221, 37.579414999670796], [-122.36542800035053, 37.57958500022693], [-122.36539499984023, 37.579562000186996], [-122.36534499961152, 37.579588000262596], [-122.36533499956579, 37.57959300008441], [-122.36501400007374, 37.57976900029098], [-122.36417800002255, 37.58022500034701], [-122.36410100002966, 37.58026199998551], [-122.36400200029546, 37.58031499987821], [-122.36356600027737, 37.580551999997915], [-122.36351000020089, 37.58057700020384], [-122.36346400017013, 37.580599999930264], [-122.36344099970557, 37.58056899974016], [-122.36343099965985, 37.580553000234076], [-122.36342099961409, 37.58053800024907], [-122.36341099956836, 37.58052200002446], [-122.36340300007075, 37.58050599979636], [-122.36339499967482, 37.58048900003966], [-122.36338700017723, 37.58047299980453], [-122.36337999960622, 37.58045600004031], [-122.36337399975844, 37.58043999979803], [-122.36336799991065, 37.58042300002632], [-122.36336299988777, 37.58040600025068], [-122.36335799986493, 37.58038899975924], [-122.36335200001712, 37.580371999975895], [-122.36334600016936, 37.58035500018862], [-122.36333899959835, 37.58033799968559], [-122.36333100010071, 37.58032200012987], [-122.36332299970482, 37.58030599985878], [-122.36331500020722, 37.58029000029619], [-122.36330599998638, 37.58027400001823], [-122.36329599994063, 37.58025799973689], [-122.36328500006998, 37.58024299969243], [-122.36327500002425, 37.5802270001163], [-122.36326300032869, 37.5802130003064], [-122.36325199955971, 37.58019800025288], [-122.36323900003921, 37.58018399972559], [-122.36322700034366, 37.5801699999076], [-122.36321300009998, 37.580157000328526], [-122.36319999968119, 37.58014400003525], [-122.36318600033576, 37.580130999739644], [-122.36317100026719, 37.58011800015375], [-122.36315600019854, 37.58010600009589], [-122.36314000030505, 37.58009400003604], [-122.36312400041149, 37.58008300021685], [-122.36310799961967, 37.5800719996841], [-122.36309099990123, 37.5800609998616], [-122.36307400018278, 37.58005000003753], [-122.36305699956604, 37.58003999974297], [-122.36302999980185, 37.5800270001412], [-122.36301999975609, 37.58002200034848], [-122.36300200021275, 37.58001300029368], [-122.3629829999462, 37.58000499976941], [-122.36296399967961, 37.5799969999562], [-122.36289400025771, 37.57997100002337], [-122.3627929999754, 37.57993900003889], [-122.36257200004245, 37.57986700020143], [-122.36223700030669, 37.57973799975492], [-122.36211400028306, 37.57969100022651], [-122.36199000043449, 37.57964299970812], [-122.36183499972547, 37.57958399997776], [-122.36167999991478, 37.579523999950595], [-122.36152500010408, 37.57946500012593], [-122.36133799960803, 37.579392999830105], [-122.36120700008675, 37.5793430000385], [-122.36119100019322, 37.57933599969479], [-122.36116299970583, 37.57932499976362], [-122.36113599994167, 37.57931399983076], [-122.3611100000024, 37.57930200035525], [-122.36108300023821, 37.57929000016587], [-122.36105700029893, 37.5792779999745], [-122.36102700016171, 37.57926299973262], [-122.36099799984939, 37.57924800019965], [-122.36097000026028, 37.579232999951714], [-122.36094199977289, 37.57921700015854], [-122.36091400018381, 37.57920099965004], [-122.36088700041962, 37.57918499984999], [-122.36086099958204, 37.579169000046505], [-122.36083499964278, 37.579151999984546], [-122.36080899970351, 37.57913499991871], [-122.36078399958915, 37.57911799984904], [-122.36075900037311, 37.57910000023165], [-122.36073400025874, 37.57908100035398], [-122.3607090001444, 37.57906199975946], [-122.36068499985495, 37.57904299987209], [-122.36066200028874, 37.57902299972311], [-122.36062600030374, 37.57899200030025], [-122.36055199978557, 37.57892000025892], [-122.36033400022566, 37.57870699978841], [-122.36024999966176, 37.578624999698846], [-122.36019799978322, 37.578573000289786], [-122.36015900032349, 37.57853899988988], [-122.36006800008688, 37.57844500000162], [-122.3598580000246, 37.57823799977636], [-122.3597450000467, 37.578126999924066], [-122.35963600026675, 37.57802000027544], [-122.35952800031173, 37.5779129997611], [-122.35941899963346, 37.57780599980494], [-122.35931099967843, 37.577698999694974], [-122.35920199989847, 37.577592999707285], [-122.35909399994344, 37.57748600000323], [-122.35897199974471, 37.577366000079], [-122.35894400015562, 37.57733899966], [-122.35884100022346, 37.57723700028293], [-122.35872900007047, 37.57727899995962], [-122.35835400015175, 37.57742000017562], [-122.35822600010525, 37.57746799999132], [-122.35821400040966, 37.577479999762396], [-122.35810399990649, 37.577579000114056], [-122.3580570000508, 37.57762300014896], [-122.35778500006424, 37.577868999897504], [-122.35772700033795, 37.577922000069734], [-122.3574910003364, 37.57775599965957], [-122.35726100018262, 37.577592999707285], [-122.35709700015109, 37.5774770003538], [-122.35685399957853, 37.57730399984067], [-122.35680400024812, 37.577359999828545], [-122.35647500036016, 37.57773200020439], [-122.35659599983565, 37.577802999697475], [-122.3566129995541, 37.57781300029244], [-122.35654700033017, 37.57788800008451], [-122.35650200012432, 37.57794300007385], [-122.35608899967245, 37.57841499989114], [-122.35601699970242, 37.57849700021197], [-122.35592700018907, 37.57844699981872], [-122.35577800022614, 37.578365000154776], [-122.35554899989728, 37.57823799977636], [-122.3554230003989, 37.578168999810636], [-122.354901999992, 37.57788199987612], [-122.35446599997391, 37.577641000123414], [-122.35441800029334, 37.577618999758556], [-122.35430699996525, 37.57756699964694], [-122.35408900040537, 37.57747900019684], [-122.35368699982415, 37.577356999703106], [-122.35355399975474, 37.5773210003245], [-122.35324900015623, 37.57723999970125], [-122.35265999997728, 37.577083999887385], [-122.35275600023671, 37.57680899992174], [-122.35260100042605, 37.576603999998504], [-122.35254799982425, 37.57653300007413], [-122.35248199970204, 37.57644599969343], [-122.3524299998235, 37.576377000203], [-122.35251799968704, 37.57631199968561], [-122.35256600026594, 37.57627799967714], [-122.3525639997178, 37.57614299978357], [-122.35254000032667, 37.57601599988699], [-122.35260899992362, 37.57579599968813], [-122.35264400008373, 37.575679000081365], [-122.35255700004512, 37.575720000335686], [-122.35259800005299, 37.57559099982392], [-122.35243300019653, 37.575663000236474], [-122.3528859999331, 37.57487900006542], [-122.35292299974299, 37.57481399966437], [-122.35297600034475, 37.57475400006531], [-122.35339100044644, 37.57461200018081], [-122.35344999999766, 37.574592000265554], [-122.353543999709, 37.57456099970997], [-122.35371399958834, 37.574502999830095], [-122.3538299999393, 37.574462999935676], [-122.3537699996648, 37.57433000023913], [-122.35371000028867, 37.574195999983495], [-122.3536779996033, 37.57411799977678], [-122.35364599981628, 37.57403899987659], [-122.35356799999846, 37.57386900018579], [-122.35344099977684, 37.57363099982432], [-122.35329900038494, 37.573398999984335], [-122.35312000028479, 37.57314099995179], [-122.35309299962232, 37.57310199966211], [-122.35296999959867, 37.57294399975838], [-122.35288299956001, 37.57284999992699], [-122.35302599967515, 37.57281399979352], [-122.35314299985103, 37.5727320003343], [-122.35324400013336, 37.57266300025048], [-122.35369400039515, 37.57236799982143], [-122.35387500014511, 37.57225600012724], [-122.35412399966715, 37.57210500016478], [-122.35411199997158, 37.57208799991409], [-122.35401099968925, 37.57197300016847], [-122.35391000030522, 37.571884000162946], [-122.35383400013724, 37.57180300003351], [-122.35379700032732, 37.57176900010233], [-122.35357399984625, 37.57156100018551], [-122.35344800034787, 37.571465000027985], [-122.35308099992673, 37.57122800017725], [-122.3528669996665, 37.571071999872935], [-122.35271000020597, 37.57093499977893], [-122.35268699974144, 37.57091199991512], [-122.3525789997864, 37.57080099982254], [-122.3524719996563, 37.57067800012327], [-122.35237299992208, 37.57056499965322], [-122.35228900025649, 37.570469000347885], [-122.35227199963973, 37.570447999660125], [-122.35213799974542, 37.57027899997846], [-122.35204499985903, 37.570149000345765], [-122.35199800000336, 37.57007700029823], [-122.35191400033779, 37.5699489996463], [-122.3504449997267, 37.57058099988146], [-122.34995699983006, 37.57079099970986], [-122.34955400032224, 37.57096399968992], [-122.34930599972682, 37.57106999985778], [-122.3485650001102, 37.571388999815525], [-122.348318000238, 37.571495999736385], [-122.34826399981134, 37.57151799977427], [-122.34810499980266, 37.57158700020691], [-122.34805299992414, 37.57160999986226], [-122.34706299988717, 37.57203600021211], [-122.34636499992824, 37.5723360001294], [-122.34611999970586, 37.57243999979016], [-122.34538599976193, 37.572755999977005], [-122.34514200026278, 37.57286199973031], [-122.34474700025257, 37.573030999958654], [-122.34356499969667, 37.57353999971542], [-122.34317200023459, 37.57371000015727], [-122.34293899970775, 37.573808999825346], [-122.34224099974887, 37.57411000004301], [-122.34200899994526, 37.574210000212744], [-122.34217799999968, 37.574288000323094], [-122.34222400003044, 37.5743100002482], [-122.34237399981826, 37.57436600035174], [-122.3425670001621, 37.574424000338375], [-122.34271100010214, 37.57446100001158], [-122.34289299967705, 37.57450799999335], [-122.34273799986633, 37.574702000088905], [-122.34272799982058, 37.574707999841564], [-122.34234399968103, 37.57497100027321], [-122.34208400028835, 37.57514800032237], [-122.34195000039405, 37.57524099979342], [-122.34188599992163, 37.57531400013896], [-122.34178899983723, 37.57534599997528], [-122.34168099988221, 37.575419999811146], [-122.34142499978917, 37.57559799980779], [-122.34110799959676, 37.57581599999194], [-122.34100499966462, 37.57588899977386], [-122.34093799971745, 37.575971000028666], [-122.34083700033345, 37.576012000122205], [-122.34073299967804, 37.57608099995079], [-122.34036500033031, 37.57632800010302], [-122.340151999895, 37.57647000027506], [-122.34003800009218, 37.57654699986401], [-122.3399900004116, 37.57662900010619], [-122.33988099973335, 37.57665400020547], [-122.33984599957321, 37.57667699971982], [-122.33965700032567, 37.57680800034718], [-122.33946800017979, 37.576937000174496], [-122.33942299997395, 37.57696900002533], [-122.33937500029337, 37.577055000223716], [-122.33922299995741, 37.577110000116384], [-122.33882899977209, 37.57738900008538], [-122.33874000008363, 37.57745300009674], [-122.33869900007576, 37.577482999882875], [-122.33867899998427, 37.57749599992883], [-122.3386599997177, 37.57751000024961], [-122.33862899975557, 37.57753099965796], [-122.33842299989125, 37.577680999734596], [-122.33837299966252, 37.5777500001525], [-122.3382799997761, 37.57778400020073], [-122.33817099999615, 37.57785700018912], [-122.33789300016181, 37.5780469997355], [-122.33760100008377, 37.57824399995608], [-122.3374980001516, 37.57831499967283], [-122.3374360002273, 37.57840000018733], [-122.33733499994499, 37.578424000139144], [-122.33723000036298, 37.578495999948174], [-122.336934000087, 37.57870399971724], [-122.33666299992532, 37.578892000144954], [-122.33655300032048, 37.57896900007709], [-122.33649899989382, 37.579048999986924], [-122.33640199980941, 37.57908199989802], [-122.33628899983151, 37.57915900034555], [-122.3358939998213, 37.579434000175176], [-122.33569999965255, 37.579568000260004], [-122.33558699967465, 37.57964699998979], [-122.33552399992546, 37.57972600034769], [-122.33541900034348, 37.57975199965414], [-122.33531100038844, 37.57982600009474], [-122.3350689996408, 37.5799959997125], [-122.3347230000344, 37.5802349999048], [-122.33461500007937, 37.58031100034431], [-122.33455300015507, 37.580397999768635], [-122.33444900039801, 37.580430000267825], [-122.33438599975048, 37.58047299980453], [-122.33417900006125, 37.580616000138114], [-122.33392799999108, 37.58078700032086], [-122.33385000017329, 37.580842000304465], [-122.33380300031762, 37.580918000124406], [-122.33370500040833, 37.58094099974551], [-122.33363900028608, 37.580986000159776], [-122.33332899976638, 37.58120400023138], [-122.33319700042021, 37.58129599974351], [-122.3331200004273, 37.581349999837514], [-122.33307500022148, 37.58142299988914], [-122.33299499985553, 37.5814430001054], [-122.33291500038793, 37.581498000316266], [-122.33264599987609, 37.58168799982621], [-122.33247500017187, 37.581806000177025], [-122.33239800017897, 37.58186100011976], [-122.33234700012532, 37.581927999788], [-122.33226500010956, 37.58194900008601], [-122.3321820002689, 37.58200599964462], [-122.33185599985566, 37.582231999862884], [-122.33172500033439, 37.58232199981553], [-122.3316469996183, 37.58237700008898], [-122.33159399991483, 37.58244900034667], [-122.33151500027213, 37.58247800004521], [-122.33142900005839, 37.58253600012023], [-122.33110199982023, 37.58275800003908], [-122.33096200007815, 37.58285299967063], [-122.33089099993306, 37.58290199974789], [-122.33082700035895, 37.58298100021138], [-122.33111799971377, 37.58324699978594], [-122.33199200029809, 37.58404600011501], [-122.33228400037613, 37.584313000341126], [-122.33256600040845, 37.58457200028805], [-122.33341300033028, 37.58534899970499], [-122.3336960001875, 37.585608000318544], [-122.3338150000132, 37.58571700007368], [-122.33417400003839, 37.58604600013006], [-122.334293999689, 37.58615600011665], [-122.33433399987194, 37.58619200020638], [-122.33445600007069, 37.58630300013619], [-122.33449700007857, 37.586340999759884], [-122.33465000023946, 37.586480999742214], [-122.3347330000801, 37.586644000167794], [-122.33471100033881, 37.58673600007576], [-122.33468799987429, 37.586835999661005], [-122.3346460000415, 37.58701400012801], [-122.3346250001251, 37.58710699972683], [-122.3342810001685, 37.58722500003028], [-122.33392299996824, 37.58734999973748], [-122.33325799962127, 37.5876039997999], [-122.33324000007792, 37.587611000078034], [-122.33303199966545, 37.58788499987087], [-122.33316499973483, 37.59063400017642], [-122.33326699984211, 37.592721999748264], [-122.33327400041311, 37.592820999761365], [-122.33343400024667, 37.59630100018289], [-122.33355399989729, 37.598883999669006], [-122.33368100011887, 37.60163400002768], [-122.33690099957671, 37.60163400002768], [-122.33848099961754, 37.60163400002768], [-122.34656099974681, 37.60170600016179], [-122.34978100010296, 37.60173500018621], [-122.35168099981095, 37.60173500018621], [-122.35168099981095, 37.60609300022425], [-122.35168099981095, 37.607534000011405], [-122.35493299995416, 37.607534000011405], [-122.36901500022948, 37.607534000011405], [-122.36978199978537, 37.60753499988503], [-122.37359799999315, 37.605044999666255], [-122.37252000009265, 37.60462299996568], [-122.37250300037421, 37.6046159998644], [-122.37336700001448, 37.60414199981421], [-122.37340800002235, 37.60414099989503], [-122.37344900003025, 37.604136000298745], [-122.3735589996351, 37.60411399993599], [-122.37370400029837, 37.604063999669705], [-122.37392500023131, 37.603921000259916], [-122.37444400009008, 37.603617999736095], [-122.37815599964249, 37.60139099968346], [-122.37831300000134, 37.601301000013564], [-122.3784789996827, 37.601199000018774], [-122.37864500026237, 37.60110700019661], [-122.37884100008093, 37.6009859999556], [-122.38202200007903, 37.599106999925766], [-122.38212300036135, 37.59904400001354], [-122.38405599968131, 37.59791800032387], [-122.38420999966708, 37.59780899993161], [-122.38443899999594, 37.5976459997588], [-122.38448800039976, 37.597611000234025], [-122.3845279996844, 37.59757699998849], [-122.38464999988314, 37.59747499987049], [-122.38469099989102, 37.59744200028386], [-122.38485300027274, 37.59732499981976], [-122.38534000034446, 37.59697700021724], [-122.38545400014728, 37.596896999644926], [-122.38550100000292, 37.59685899971662], [-122.38555200005655, 37.596819999751276], [-122.38565900018669, 37.59673699966575], [-122.38570500021743, 37.596702999732614], [-122.38575700009596, 37.59666499970523], [-122.38591799975447, 37.59654200002674], [-122.3860330002805, 37.59645700029793], [-122.38687000015659, 37.59584200028829], [-122.38711399965571, 37.59566300025983], [-122.38714799999093, 37.59563600007106], [-122.38728799973302, 37.59551300011514], [-122.38741599977953, 37.5953839997346], [-122.38750299981817, 37.59528100013096], [-122.38755899989465, 37.595214999708816], [-122.38768399956813, 37.5950320001409], [-122.3878710000642, 37.59471499978549], [-122.38828299979284, 37.59399200009064], [-122.38835499976285, 37.59386700014987], [-122.38848000033464, 37.59368899970097], [-122.38857200039617, 37.59358200035392], [-122.38876999986455, 37.593410000316084], [-122.38886100010116, 37.593343000305474], [-122.38890499958377, 37.59331299979249], [-122.3897940002367, 37.59271099965959], [-122.39010499968302, 37.592500999725594], [-122.38991600043545, 37.592362999832766], [-122.38935200037083, 37.59194900004236], [-122.38916400004986, 37.59181099983777], [-122.3890669999655, 37.59174000017951], [-122.38877800026047, 37.591529000264096], [-122.38868200000104, 37.59145899971469], [-122.38862900029757, 37.59141999976643], [-122.38847000028892, 37.59130499998262], [-122.38841800041037, 37.591267000045924], [-122.38831299993006, 37.59119000002105], [-122.38877599971234, 37.59067800032572], [-122.38902099993473, 37.590163000346], [-122.38930700016498, 37.5895710000856], [-122.38963000020519, 37.58891000012269], [-122.38994599967437, 37.58824199976606], [-122.39034999990542, 37.58854699981156], [-122.39094999995503, 37.58899800029817], [-122.39130499978226, 37.58871899969922], [-122.39212699958976, 37.58808500009089], [-122.39337199989482, 37.58712299995991], [-122.39349300026868, 37.58702999966927], [-122.39385800014165, 37.58675000008275], [-122.39398000034038, 37.58665800019209], [-122.39402899984587, 37.586618999863695], [-122.39417799980879, 37.58650300033581], [-122.3942280000375, 37.58646500008295], [-122.3947629997898, 37.58604799974299], [-122.39551000015251, 37.58546900028818], [-122.39557899974946, 37.58542200010654], [-122.39565300026763, 37.58538000004029], [-122.39573100008542, 37.58534400026968], [-122.39581300010121, 37.585312999919445], [-122.3958969997668, 37.585287999880144], [-122.39653500034956, 37.58512500004454], [-122.3971930001255, 37.584959000032896], [-122.39797499975, 37.58476100031547], [-122.39903900030514, 37.584494000272414], [-122.3991639999786, 37.58445299986634], [-122.39928500035245, 37.58440299991359], [-122.39939900015524, 37.584344999869366], [-122.39950600028536, 37.58427999990116], [-122.400178000305, 37.5838309996875], [-122.40085000032467, 37.58338400000958], [-122.40099199971657, 37.58328800014433], [-122.40141799968892, 37.583001000009034], [-122.40156099980406, 37.58290599985451], [-122.40183500033876, 37.5827210002172], [-122.40265899979603, 37.58216599997087], [-122.40267899988754, 37.58215400024311], [-122.40275599988041, 37.58211000003816], [-122.4028389997211, 37.58207800026113], [-122.40292900013279, 37.582058000215504], [-122.40296699976764, 37.58205400006332], [-122.40309700036228, 37.581965000004], [-122.40348700034963, 37.581700000341], [-122.40361799987086, 37.581612000080426]]]}}, {"type": "Feature", "properties": {"name": "Corte Madera", "region": "southern_marin", "geoid": "0616462", "source": "US Census TIGERweb ACS2025 Places (layers 4,5)", "role": "place"}, "geometry": {"type": "Polygon", "coordinates": [[[-122.53973899981453, 37.925160000158016], [-122.53971399970015, 37.92455199990309], [-122.53969000030902, 37.92392299975428], [-122.53964199973015, 37.922729999901584], [-122.53961800033902, 37.92212299998686], [-122.53959999989736, 37.92212000034259], [-122.539434000216, 37.92202699997111], [-122.53938999983508, 37.9219979998236], [-122.53933299993368, 37.92198599980812], [-122.53911299982565, 37.92196000000401], [-122.53891899965689, 37.92191600015103], [-122.5388480004101, 37.92189999987586], [-122.53871100014274, 37.92164100029637], [-122.53846300044562, 37.92146699974377], [-122.53829600004103, 37.92138699997059], [-122.53744999994413, 37.92085000033898], [-122.53698899981167, 37.9212959998748], [-122.53695799984953, 37.92100799975622], [-122.53699200018472, 37.92068800027012], [-122.53701899994891, 37.920592999700666], [-122.53709199974384, 37.92046599996366], [-122.53710699981244, 37.920407999843384], [-122.53702599962159, 37.92036999991085], [-122.53693699993312, 37.92035900024376], [-122.53690099994812, 37.92035900024376], [-122.53414000007461, 37.91898700032564], [-122.53324299992406, 37.91782100028004], [-122.53310099963383, 37.9180740002289], [-122.53302199999112, 37.91799700012094], [-122.53275300037762, 37.91794699968552], [-122.53261600011027, 37.91795599983723], [-122.5323099997885, 37.91797799988859], [-122.53187399977043, 37.9179339997793], [-122.5317039998911, 37.91794699968552], [-122.53121500016954, 37.91782100028004], [-122.53109799999369, 37.91773700032026], [-122.53099099986358, 37.917660999801555], [-122.53074499981626, 37.917550999713626], [-122.53062799964042, 37.91752499975897], [-122.53051999968538, 37.9174180000125], [-122.53048700007344, 37.91738600033627], [-122.53023099998039, 37.91713300014692], [-122.53019599982028, 37.917098999738585], [-122.53008899969016, 37.91699300003224], [-122.53000800039761, 37.9169590002679], [-122.52976599964997, 37.9168580001249], [-122.52968600018235, 37.91682500025162], [-122.52940699962478, 37.91666800030802], [-122.52857200029682, 37.9161999997699], [-122.52849799977866, 37.91615899990192], [-122.52829399956417, 37.91604399987372], [-122.52778899994911, 37.916256999703926], [-122.5277489997661, 37.916274999711206], [-122.52705300035537, 37.916568999679306], [-122.5262750000305, 37.916900000264356], [-122.52577100024033, 37.91711500034954], [-122.52550000007871, 37.91711600029906], [-122.52520399980266, 37.91711700024851], [-122.52508999999986, 37.91711700024851], [-122.52449800034616, 37.917122999945086], [-122.52402299996999, 37.917123999894436], [-122.52361500043932, 37.91712599979315], [-122.52313400021538, 37.9172030001043], [-122.52302200006238, 37.917153999786755], [-122.52293699967356, 37.91714900004179], [-122.52262700005218, 37.91718800016966], [-122.52258900041733, 37.91713100024839], [-122.52255199970912, 37.91712599979315], [-122.52244200010425, 37.91710400019565], [-122.52237900035506, 37.91712699974247], [-122.52236799958608, 37.91713200019763], [-122.52213499995759, 37.917213000295256], [-122.5218689998188, 37.91737999995251], [-122.52138699976996, 37.91744000022478], [-122.52139299961775, 37.91745699999775], [-122.52083600012415, 37.9175229998711], [-122.52062500023695, 37.91754899982646], [-122.52032499976298, 37.91757699965904], [-122.52016199955634, 37.917593000166015], [-122.52005799979928, 37.91759999976664], [-122.51994900001932, 37.91760899996087], [-122.5197709997441, 37.917636999770615], [-122.51924600003757, 37.91768199999934], [-122.51874399989721, 37.91772399966829], [-122.51856899999504, 37.917709999781344], [-122.5184259998799, 37.917741000084305], [-122.51834899988702, 37.91775799978771], [-122.51819599972612, 37.91741200034], [-122.5179830001891, 37.916931000200066], [-122.51798700038708, 37.916918000114336], [-122.51790700002115, 37.9167670000948], [-122.51769600013392, 37.916368000269316], [-122.51768199989024, 37.91626999990648], [-122.51766900036976, 37.916178999857635], [-122.51763500003457, 37.91609500014871], [-122.51750500033822, 37.91556200003042], [-122.51737300009374, 37.91528499985588], [-122.51627199972872, 37.91297000008514], [-122.51620399995663, 37.912826999819885], [-122.5159339996199, 37.912475999794246], [-122.51581599961912, 37.91240100023189], [-122.51572799975557, 37.9124719997439], [-122.51571699988492, 37.912324999869696], [-122.51567699970197, 37.91217799970181], [-122.51563200039443, 37.912093999676465], [-122.51557700014284, 37.91204000011577], [-122.51554899965545, 37.911910999744805], [-122.51551699986837, 37.91176400016711], [-122.51548799955607, 37.91162999990083], [-122.51545099974615, 37.91145799981483], [-122.51546699963966, 37.911287000064156], [-122.51549900032502, 37.91123599999945], [-122.5155600004244, 37.911143000040454], [-122.51558200016572, 37.911131999702256], [-122.51526199960024, 37.910634999713956], [-122.51430500007358, 37.909146000274305], [-122.51422300005783, 37.9090179998498], [-122.51412099995056, 37.908859000130875], [-122.51398600023136, 37.90864999969233], [-122.51399399972894, 37.90863199994558], [-122.51400299994978, 37.90861200006433], [-122.51401700019349, 37.90857799997017], [-122.51402499969107, 37.90856000020579], [-122.51385099961382, 37.90852099975615], [-122.51332900028031, 37.90840399970088], [-122.51315600002796, 37.90836599994579], [-122.51232599982455, 37.908190999813115], [-122.51058500012522, 37.90782499992362], [-122.51067899983657, 37.90858300029768], [-122.51076000002742, 37.90923200023513], [-122.51078500014177, 37.90942500028395], [-122.50930499966005, 37.909403999855165], [-122.50486500001149, 37.9093440001158], [-122.50338500042807, 37.90932499977465], [-122.50330500006211, 37.90932499977465], [-122.5030640000377, 37.90932499977465], [-122.50298500039499, 37.90932499977465], [-122.50326400005424, 37.90970700009505], [-122.50336500033656, 37.90984499980473], [-122.50450500016136, 37.91140499981441], [-122.50488500010296, 37.911925000026756], [-122.50367699960779, 37.911884999922854], [-122.50005600029198, 37.91176600021155], [-122.49884899962173, 37.91172700004392], [-122.4961780001599, 37.91172700004392], [-122.49593600031055, 37.91172700004392], [-122.49591899969381, 37.91202599985569], [-122.49571299982948, 37.91562600024731], [-122.49371799968694, 37.91553400013945], [-122.49185200031414, 37.91544699977759], [-122.48918400032706, 37.91532500023717], [-122.48912800025055, 37.91678899979309], [-122.48912499987752, 37.91685600021894], [-122.48908399986962, 37.917925000333575], [-122.48758400019473, 37.91862500000235], [-122.48718599981146, 37.918749000302], [-122.48791599955743, 37.91984500030678], [-122.48777800036348, 37.919870000237935], [-122.48677999993062, 37.92005099968436], [-122.48626899956945, 37.91996399970458], [-122.48598800026035, 37.91991499980908], [-122.48588199995513, 37.92012300022516], [-122.48556499976274, 37.92070300019963], [-122.48475300000102, 37.92093699997935], [-122.48459399999237, 37.92098400010877], [-122.48222700030415, 37.92086600013393], [-122.48138399968195, 37.920825000032345], [-122.48176299979865, 37.92181399984305], [-122.48198000043192, 37.922380000238924], [-122.48216899967949, 37.925214999846915], [-122.48240600040427, 37.92874700027582], [-122.4826819996905, 37.93286200004149], [-122.48226999996184, 37.93449399997929], [-122.48148400013939, 37.93592400032185], [-122.48402499990486, 37.93586099975153], [-122.48853099967566, 37.93575199966066], [-122.48968499974417, 37.93572399966323], [-122.49162200016039, 37.936296999915726], [-122.49171599987172, 37.93632499969489], [-122.49502699956614, 37.93743899966354], [-122.49763699982691, 37.938423000174105], [-122.49893400001055, 37.93922499992943], [-122.50027700022491, 37.940128000344714], [-122.5019850003123, 37.94127700025863], [-122.50238500034536, 37.94172400018994], [-122.50290000000616, 37.941777999916745], [-122.5034210004131, 37.94180700005543], [-122.50403499980808, 37.94184199998765], [-122.5049849996621, 37.94189300008171], [-122.50550699989388, 37.941920999854425], [-122.50591199994986, 37.94182199992719], [-122.50648000021242, 37.94168399999938], [-122.50644500005231, 37.94138299967364], [-122.50680400007752, 37.94144999965276], [-122.50721499998126, 37.94152800032339], [-122.50761500001434, 37.941569000215814], [-122.50774800008372, 37.94156999983274], [-122.50781099983294, 37.94157100015816], [-122.50935300023895, 37.94146799986935], [-122.50984600015846, 37.94143600003222], [-122.50988799999125, 37.941434000086254], [-122.50978500005908, 37.940491000000094], [-122.50994700044077, 37.94053100013154], [-122.51018099989419, 37.9405900003034], [-122.51059299962286, 37.941092000017704], [-122.51098699980813, 37.94092999991452], [-122.51242100025912, 37.94180700005543], [-122.51243999962738, 37.942073999865976], [-122.51252400019128, 37.94209199992973], [-122.51286399994989, 37.94222000017732], [-122.51277899956109, 37.93989599999076], [-122.51273199970542, 37.93929799976321], [-122.51273900027643, 37.93921200024257], [-122.51278600013212, 37.938686000193414], [-122.51298199995068, 37.93838100028322], [-122.51311300037024, 37.93817899989918], [-122.51315000018018, 37.93812300032573], [-122.51364200027476, 37.93752000006493], [-122.51387200042853, 37.937239999969066], [-122.51394600004836, 37.937165000154465], [-122.5141669999813, 37.936942999999715], [-122.51424200032439, 37.93686900027143], [-122.5143489995562, 37.9367630000139], [-122.51466999994655, 37.93644800021787], [-122.51477799990158, 37.936342999749684], [-122.5149550003519, 37.93622300024558], [-122.51548900027929, 37.93586499994684], [-122.51566699965619, 37.9357469997631], [-122.51567400022722, 37.93576599965541], [-122.51569799961833, 37.93581899981369], [-122.51570699983917, 37.93583699999239], [-122.51583400006079, 37.93580400013369], [-122.51603499990222, 37.93575300006522], [-122.51621099962934, 37.93569000005686], [-122.51633600020114, 37.93564599991778], [-122.51639200027762, 37.93562600029669], [-122.51655999960882, 37.935565000285216], [-122.51661700040853, 37.935546000341006], [-122.5168569997097, 37.93545399964671], [-122.5167920003107, 37.935224000241135], [-122.5167849997397, 37.93519800015829], [-122.51688600002203, 37.93512400009026], [-122.51715600035875, 37.93507699978816], [-122.51725400026807, 37.935272000151826], [-122.51731700001726, 37.935346999772484], [-122.51732899971282, 37.935516999857334], [-122.51725099989503, 37.93555699986185], [-122.51726000011584, 37.935690999753746], [-122.51719800019154, 37.93647599993952], [-122.51718399994786, 37.93686399974139], [-122.51723199962844, 37.93758799969441], [-122.51723400017657, 37.93767799979501], [-122.51723699965132, 37.937750999748395], [-122.51724199967418, 37.937805000268995], [-122.51726199976568, 37.93803799980367], [-122.51716300003146, 37.938199999905315], [-122.51712799987138, 37.938287999933365], [-122.51681499987691, 37.93908199970516], [-122.51677800006699, 37.939176999766254], [-122.51677600041717, 37.93930100012363], [-122.5167920003107, 37.93935799986352], [-122.51672199999048, 37.939381999889896], [-122.51665199967029, 37.93940599990842], [-122.51661400003547, 37.93949700026184], [-122.51657200020269, 37.93960100012291], [-122.51641499984386, 37.94020899990799], [-122.51609199980365, 37.940325000036694], [-122.51588199974134, 37.94040099980187], [-122.51605499999373, 37.94046700033587], [-122.51632199995743, 37.940571000241206], [-122.51650500025552, 37.94046499965506], [-122.51713799991713, 37.93999000006975], [-122.51716600040452, 37.9399689998666], [-122.51724900024519, 37.93990599992955], [-122.51727799965921, 37.93988499970235], [-122.51736399987293, 37.93983600032972], [-122.51762499998884, 37.939690000241384], [-122.51769899960868, 37.93964900000917], [-122.51771200002747, 37.93964199967348], [-122.5177499996623, 37.939619999727405], [-122.51786400036343, 37.93955700019967], [-122.51790299982318, 37.9395370002258], [-122.51818400003056, 37.939381999889896], [-122.51837599965118, 37.93927700007082], [-122.51845500019225, 37.9392289999416], [-122.51884900037751, 37.93898999989433], [-122.51919699963375, 37.93931500015083], [-122.51967600020785, 37.939034000157065], [-122.51999300040028, 37.93886599972072], [-122.52036199957288, 37.9386989999733], [-122.52118599992849, 37.93845499990617], [-122.52114699957043, 37.938352000209605], [-122.52113200040014, 37.93811599984469], [-122.52115099976841, 37.937920999941106], [-122.52120099999712, 37.93776900016246], [-122.52123500033231, 37.937685000317764], [-122.52128800003577, 37.93763899990662], [-122.521354000158, 37.937621000169216], [-122.52134199956411, 37.93759799994718], [-122.52130599957911, 37.937528999946586], [-122.52129499970845, 37.93750599969582], [-122.52113900007284, 37.937198000110676], [-122.52109999971478, 37.93694900020421], [-122.52089700022353, 37.93564800002126], [-122.52085000036784, 37.93517600029905], [-122.52081799968246, 37.93484999974509], [-122.5208040003371, 37.93471299989799], [-122.5207909999183, 37.934582000193274], [-122.5207840002456, 37.93451699975551], [-122.52077500002478, 37.93443299973694], [-122.52084299979684, 37.9344270000356], [-122.52113200040014, 37.934405999659965], [-122.52662900003281, 37.93393800005645], [-122.52717600037901, 37.93388999998315], [-122.52722900008246, 37.93359399966516], [-122.52724199960291, 37.93345000009442], [-122.52728000013607, 37.933019999864705], [-122.52729400037975, 37.93287800005701], [-122.52721499983875, 37.93225399970659], [-122.52677200014796, 37.931974000098734], [-122.52636100024421, 37.93186400016347], [-122.5259650004091, 37.93177600023844], [-122.52531000010788, 37.93170200026828], [-122.5249870000677, 37.93156999969609], [-122.52488400013553, 37.93143000013996], [-122.52485399999831, 37.93115099998653], [-122.52503800012133, 37.93087899994527], [-122.52534699991783, 37.93073899978177], [-122.52608900025767, 37.93051199980548], [-122.52614000031127, 37.93012900005759], [-122.52701300017236, 37.93003500012161], [-122.5271549995643, 37.929343000331265], [-122.5274869998253, 37.929338999781116], [-122.52848199988513, 37.92933000031381], [-122.52881499997105, 37.92932700025496], [-122.5290429995767, 37.929325999762945], [-122.52972899984006, 37.92932499997949], [-122.52995800016892, 37.92932499997949], [-122.53030399977531, 37.929334999939265], [-122.53134300021608, 37.92936799986779], [-122.5316899996474, 37.929379000313055], [-122.53172800018055, 37.9293719997078], [-122.53195900015923, 37.92933000031381], [-122.53194400009062, 37.92930500005584], [-122.53156199960088, 37.928669000212984], [-122.53143000025472, 37.92857000015038], [-122.5311890002303, 37.928390000210335], [-122.53108799994796, 37.92827599997317], [-122.53078599982416, 37.92793699973389], [-122.53068600026505, 37.92782400001535], [-122.5306259999906, 37.927744000072046], [-122.53058099978476, 37.9276850002175], [-122.5307110003794, 37.92769499969173], [-122.53095900007652, 37.92771299973403], [-122.5317039998911, 37.92776900015227], [-122.53195300031143, 37.92778799998081], [-122.5326129997372, 37.9275579999736], [-122.53288700027193, 37.92744300005452], [-122.53296000006685, 37.927399999748935], [-122.53364299995714, 37.9270080003356], [-122.5337180003002, 37.926925999872225], [-122.53414300044764, 37.927047000195515], [-122.53433900026621, 37.92708100025635], [-122.53420399964871, 37.92697500005643], [-122.53445100041925, 37.92677700019613], [-122.53501700013369, 37.92683900023121], [-122.53527300022671, 37.92635300026945], [-122.53510499999719, 37.92620599979264], [-122.53483999968336, 37.925971999772216], [-122.53473500010135, 37.925834999678116], [-122.53512599991362, 37.92542399999009], [-122.53529999999087, 37.92515399969988], [-122.53532299955711, 37.92512000016524], [-122.53541499961861, 37.92493100027689], [-122.53555199988597, 37.924652000262455], [-122.53609500003418, 37.924147999816086], [-122.53626900011143, 37.92411299996192], [-122.53649599989218, 37.924069999834835], [-122.53686099976517, 37.92399500004738], [-122.53702800016973, 37.92394600000323], [-122.53715100019336, 37.923853999672964], [-122.5372440000798, 37.92393400030556], [-122.53784699960416, 37.924057000302334], [-122.53813200000951, 37.924106000272566], [-122.53817600039044, 37.92411700008785], [-122.5381949997587, 37.924122000067776], [-122.53822800026897, 37.924182999653645], [-122.5382230002461, 37.92422999983439], [-122.53821999987305, 37.924276000132984], [-122.5382009996065, 37.924509999881636], [-122.53818700026108, 37.92463000008169], [-122.53819999978158, 37.924728999780434], [-122.53818600043618, 37.924764999895494], [-122.53814200005526, 37.92489200000323], [-122.53813299983445, 37.924950000130146], [-122.5381510002761, 37.92504500003146], [-122.53822599972084, 37.92509800012448], [-122.53832000033049, 37.9251169999346], [-122.53846799957017, 37.925134999899335], [-122.53859200031705, 37.92512500007695], [-122.53876399984617, 37.92508000015065], [-122.53898599960402, 37.92495599989631], [-122.5390900002594, 37.924932999963325], [-122.53920099968917, 37.924956999739166], [-122.53927600003226, 37.924986999979524], [-122.53946600000306, 37.925063999855276], [-122.53967799971515, 37.9251439998801], [-122.53973899981453, 37.925160000158016]]]}}, {"type": "Feature", "properties": {"name": "Fairfax", "region": "southern_marin", "geoid": "0623168", "source": "US Census TIGERweb ACS2025 Places (layers 4,5)", "role": "place"}, "geometry": {"type": "Polygon", "coordinates": [[[-122.61717300026291, 37.9758060003017], [-122.61714300012568, 37.975793000006654], [-122.6170669999577, 37.97559599982927], [-122.6169609996525, 37.97556800014577], [-122.61690100027637, 37.97557999991023], [-122.61682199973531, 37.97562500007187], [-122.61667899962019, 37.975708999733286], [-122.61655099957369, 37.975793000006654], [-122.61644199979372, 37.97581999974533], [-122.61605000015656, 37.975866000326334], [-122.61584599994208, 37.97594700014016], [-122.61572100026859, 37.9759670001154], [-122.61555100038927, 37.9759670001154], [-122.61543000001545, 37.97586200018458], [-122.61542599981749, 37.97584700018221], [-122.61537200028916, 37.975613000314716], [-122.61538800018265, 37.97534800033872], [-122.61455200013148, 37.97691800029507], [-122.61415899977112, 37.97704399965584], [-122.61362499984371, 37.97679000031841], [-122.61353000030746, 37.97661699988452], [-122.61321999978776, 37.976485999833166], [-122.61280300003625, 37.97642600031535], [-122.61274100011195, 37.97650700021929], [-122.61257100023266, 37.97649099979078], [-122.612476999623, 37.976464000298925], [-122.61237600023898, 37.97653199999677], [-122.61215199993299, 37.976580999677495], [-122.61187400009864, 37.97656800022783], [-122.61157899964753, 37.976489999940924], [-122.61140899976823, 37.97639099986588], [-122.6112089997517, 37.97640700031619], [-122.61111300039053, 37.97619200016943], [-122.61070499996153, 37.97627099991781], [-122.61046300011219, 37.97615400004503], [-122.60998400043641, 37.97628699968617], [-122.60969300018326, 37.97635600010782], [-122.60919000021802, 37.976172000255495], [-122.60868399987974, 37.975882000182985], [-122.60822100009744, 37.975532000132304], [-122.60825399970942, 37.975419999820296], [-122.60814400010457, 37.97525699978154], [-122.60822399957219, 37.97517400017878], [-122.60846200012189, 37.97512600013536], [-122.60848100038847, 37.97488600015546], [-122.60853300026699, 37.97462700034712], [-122.60659000000298, 37.97480800020545], [-122.60613600044155, 37.9748509996797], [-122.60477700033364, 37.97498000007584], [-122.60432500042201, 37.975024000027354], [-122.60371699997648, 37.975138999840425], [-122.6018950000863, 37.975482999751286], [-122.601288000364, 37.97559900012348], [-122.60129400021178, 37.97551999965186], [-122.60131400030326, 37.97528500029181], [-122.60132199980086, 37.97520700005767], [-122.60118200005877, 37.974548000245576], [-122.60107400010374, 37.97403500028719], [-122.59959299979711, 37.97423199969724], [-122.59892599980031, 37.9743210003501], [-122.59888899999042, 37.97435700024932], [-122.59879500027907, 37.97445799999041], [-122.59867100043051, 37.97456799989387], [-122.59866100038478, 37.97457800007008], [-122.59857000014816, 37.974680000089705], [-122.59851999991945, 37.974753999973636], [-122.59849999982798, 37.9747989999335], [-122.59848899995731, 37.97484499973815], [-122.59847700026177, 37.974997999866076], [-122.59845700017028, 37.97508099966779], [-122.59841299978936, 37.975169999999366], [-122.59835900026097, 37.97524599983104], [-122.5982970003367, 37.975313999949215], [-122.59823799988716, 37.97536799976905], [-122.59813999997787, 37.97544900013244], [-122.59806700018294, 37.97551100017534], [-122.59801899960404, 37.975557000241864], [-122.59594999984165, 37.975727000052835], [-122.59062800011117, 37.97615499989952], [-122.59053199985168, 37.97605199994939], [-122.59034600007888, 37.97592499973624], [-122.58994299967274, 37.97569299983889], [-122.58992000010653, 37.975596999691305], [-122.58977399961833, 37.97551000031213], [-122.58974600002922, 37.97546900024338], [-122.58963700024927, 37.975309999777366], [-122.58959299986834, 37.97512299982182], [-122.58959399969326, 37.97487000008166], [-122.5895960002414, 37.9748499998075], [-122.58962100035578, 37.974631999723236], [-122.58940100024773, 37.97429599981956], [-122.58939500039995, 37.974284999725036], [-122.5892999999654, 37.974091000104984], [-122.58915400037553, 37.97390800012482], [-122.58893699974224, 37.973683000150814], [-122.58872099983218, 37.973471000195765], [-122.58862600029593, 37.97338000014411], [-122.58858399956483, 37.97338000014411], [-122.58844999967053, 37.97338100003633], [-122.58817799968396, 37.973442999701604], [-122.58787999975812, 37.97350900029288], [-122.58780399959014, 37.97327900033603], [-122.58736199972427, 37.97334499965846], [-122.58716900027875, 37.973085000181634], [-122.58687399982763, 37.97323500004665], [-122.58710099960835, 37.97364299965836], [-122.58728399990648, 37.97403799993711], [-122.5875269995807, 37.97425700024958], [-122.58805999968318, 37.97455199975081], [-122.5882580000499, 37.974702000158715], [-122.58841000038586, 37.97489999977456], [-122.58856299964843, 37.97516800026359], [-122.58885100042683, 37.97510300032473], [-122.5890480000703, 37.975474000270275], [-122.58935299966886, 37.97583700017895], [-122.58962600037862, 37.97601899974229], [-122.58985800018223, 37.976356999959506], [-122.58579000007934, 37.976722999998174], [-122.58484799972295, 37.97691599989886], [-122.58202499992517, 37.977499000149095], [-122.58138100039291, 37.9776320001854], [-122.5816890003645, 37.97813000025155], [-122.58218200028402, 37.979076000239175], [-122.58213100023039, 37.97920900025003], [-122.58178999974854, 37.98057500023706], [-122.58160599962551, 37.981318000070736], [-122.58157899986132, 37.981386000227715], [-122.58150000021863, 37.981592999661785], [-122.58147400027934, 37.98166200005143], [-122.58145599983767, 37.981713999891774], [-122.58140599960899, 37.98186999989969], [-122.58138999971544, 37.98192300007652], [-122.58134500040791, 37.982061999944364], [-122.5812109996153, 37.98247900009226], [-122.58116700013268, 37.98261900008944], [-122.58087599987955, 37.98329699999876], [-122.58051600002942, 37.9841360003184], [-122.5804780003946, 37.98422500028995], [-122.58042300014303, 37.984353000043846], [-122.58009300043013, 37.98512400015536], [-122.58005499989697, 37.985169000129304], [-122.58000300001844, 37.98523399964957], [-122.57994199991907, 37.98530699978287], [-122.57990500010916, 37.98535300008174], [-122.57987199959888, 37.98545900032199], [-122.57977700006263, 37.98577799984733], [-122.5797460001005, 37.985884999903504], [-122.57970900029058, 37.98589499995372], [-122.579690000024, 37.98591200017757], [-122.57965099966594, 37.98599800025002], [-122.57961999970378, 37.98601300030171], [-122.57935100009028, 37.98662799978142], [-122.5794430001518, 37.986617999831104], [-122.5795999996123, 37.98661499998737], [-122.57978499956025, 37.9866120001435], [-122.57985099968248, 37.98661099972351], [-122.5800490000492, 37.98661400027543], [-122.58084099971944, 37.986629000201184], [-122.58110600003332, 37.98663400017578], [-122.58126199966893, 37.9866360003071], [-122.58173000037239, 37.986642999704344], [-122.58180800019021, 37.98664499983544], [-122.58188699983289, 37.986646000254964], [-122.58249899957809, 37.98820999967909], [-122.584334999712, 37.9929049999696], [-122.58488999955577, 37.99432299995698], [-122.58495200037835, 37.99446800015718], [-122.58519800042563, 37.9950539999212], [-122.58521500014409, 37.99510100007639], [-122.58590499970708, 37.99704099969447], [-122.58613599968575, 37.99768800028821], [-122.58628200017392, 37.998084999799666], [-122.58663199997832, 37.99903700027713], [-122.586674999636, 37.999153999766435], [-122.58669300007769, 37.99928499969914], [-122.58670999979611, 37.99940399999176], [-122.58693099972905, 37.999388000308656], [-122.58699400037655, 37.9993840000334], [-122.59301499989087, 37.99939399965934], [-122.59413899982214, 37.99808100016119], [-122.59419800027166, 37.99791899975537], [-122.59425299962496, 37.99774899967882], [-122.59428299976217, 37.99768200009011], [-122.59434399986154, 37.99757299970913], [-122.5944259998773, 37.997479999976925], [-122.59454399987808, 37.997348999651685], [-122.59485400039782, 37.997094999808056], [-122.59503000012491, 37.99690100031602], [-122.595241999837, 37.99664299991198], [-122.59542599996001, 37.99640099964647], [-122.59550600032597, 37.99630499968851], [-122.59568299987795, 37.995990999966075], [-122.5957070001674, 37.9959369997476], [-122.5958550003054, 37.99568900033113], [-122.59602400035982, 37.99534500027749], [-122.59623699989683, 37.99546300029249], [-122.59687600030452, 37.99581699990631], [-122.59708999966645, 37.995934999869846], [-122.59674999990781, 37.99629099990537], [-122.59623299969888, 37.99612000001249], [-122.59615099968309, 37.99622899972117], [-122.5950929998741, 37.9974520001486], [-122.59442199967934, 37.99817500010153], [-122.59435100043254, 37.998347999970534], [-122.59438900006738, 37.998612999710964], [-122.59435599955712, 37.99904599969996], [-122.59432200012024, 37.999830000003705], [-122.59438900006738, 38.00078000002784], [-122.59480599981889, 38.00158000011491], [-122.5947420002448, 38.002139999938045], [-122.59476999983389, 38.00229299978297], [-122.59406799967702, 38.002450000124774], [-122.59413899982214, 38.00260400023268], [-122.59423400025669, 38.003067000227105], [-122.59444799961862, 38.00335200020103], [-122.59457900003818, 38.00359000013525], [-122.59469799986388, 38.003743999972485], [-122.59507899963039, 38.00395500005625], [-122.59573099955854, 38.004303000079005], [-122.59625299979037, 38.00481300026486], [-122.59643199989048, 38.005312000044576], [-122.5963249997604, 38.00608400016454], [-122.59611899989606, 38.00672299979435], [-122.59583799968867, 38.00730699974815], [-122.59546199994502, 38.007104999958244], [-122.59543699983067, 38.00727400014986], [-122.59538999997501, 38.007605999978324], [-122.59535700036304, 38.00778199993423], [-122.5953260004009, 38.007950999980935], [-122.59532399985274, 38.00796099985421], [-122.59531700018006, 38.00799200030208], [-122.59531600035517, 38.00800300029803], [-122.59526000027866, 38.00812799994299], [-122.59518599976052, 38.008105999986974], [-122.59513499970686, 38.00834899997157], [-122.59582900036615, 38.00860200035226], [-122.59582099997023, 38.00845799990692], [-122.59619400023912, 38.00845699978486], [-122.59610600037558, 38.00871099991139], [-122.59875699974592, 38.00976999964715], [-122.5998320001717, 38.008198000273936], [-122.60211199982126, 38.004842999748966], [-122.60451100019486, 38.00573100001255], [-122.60469899961751, 38.00580599988428], [-122.60569899970021, 38.006182999813795], [-122.60771899995711, 38.00367099978198], [-122.60785700004939, 38.00352200003062], [-122.60763100009359, 38.00336000031843], [-122.60747299990983, 38.0032069998684], [-122.60733599964246, 38.00298999999192], [-122.60733200034282, 38.002780999653844], [-122.60748200013066, 38.00225400022759], [-122.60826600030329, 38.00261000002808], [-122.60891999988128, 38.0012439997256], [-122.60902799983631, 38.00101600007622], [-122.60891599968333, 38.00097500010136], [-122.60877500011632, 38.000913999854546], [-122.6083149998088, 38.00069400029534], [-122.60828499967155, 38.00067999993421], [-122.608196999808, 38.000632999814776], [-122.60816500002095, 38.00062500010775], [-122.60811700034039, 38.000603000024036], [-122.60797400022527, 38.000537999963356], [-122.60792700036959, 38.00051700008397], [-122.60775199956909, 38.000448999961144], [-122.60759099991061, 38.00041400035219], [-122.60742299968112, 38.00038300023967], [-122.60726399967245, 38.00036299984042], [-122.60724799977895, 38.00036100008335], [-122.60687100021038, 38.00038099977526], [-122.6065060003374, 38.00041499987611], [-122.60595999981612, 38.000484000261224], [-122.60578699956376, 38.00049999970521], [-122.60566600008828, 38.00050599967276], [-122.6055129999274, 38.00050200016638], [-122.60522500004728, 38.000460999904085], [-122.60474899984622, 38.00039299972939], [-122.60454800000478, 38.00037799978644], [-122.6046330003936, 38.00029899980041], [-122.60465099993695, 38.00025399990472], [-122.6046629996325, 38.0001890002426], [-122.60465799960963, 38.000141000280884], [-122.60460999992905, 38.00010400005303], [-122.60448799973032, 38.00006900027941], [-122.60437700030056, 38.00003699978416], [-122.60418800015468, 37.999997999736806], [-122.60414899979662, 37.99999100019806], [-122.60395299997803, 37.99993700009309], [-122.60373399969491, 37.99985299985086], [-122.60364800037951, 37.99980400013704], [-122.60361099967126, 37.99978400028777], [-122.60349500021863, 37.99969000028607], [-122.60344099979197, 37.999649000277714], [-122.60328199978329, 37.99952799989497], [-122.60322900007985, 37.999488000040444], [-122.60317600037642, 37.99945100019096], [-122.60301900001757, 37.999342999853965], [-122.60296700013903, 37.999307999717225], [-122.60290900041271, 37.99927300027161], [-122.60273799981017, 37.999167999710934], [-122.60268099990876, 37.99913300019857], [-122.60248799956491, 37.99900099974331], [-122.6023300002795, 37.99889300015938], [-122.60200399986626, 37.998634999683766], [-122.60194100011707, 37.99856599968261], [-122.60178399975821, 37.998395000138586], [-122.60170099991755, 37.99828199977406], [-122.60145400004535, 37.99794400002486], [-122.60135899961078, 37.99784199977785], [-122.60104700033955, 37.9975079997945], [-122.6008320002544, 37.997312000138905], [-122.59972000001869, 37.99629799979731], [-122.59933699970406, 37.99605399993477], [-122.59908200033425, 37.99593199969915], [-122.59883899976171, 37.99581600031977], [-122.59875500009612, 37.99575800020729], [-122.59867399990524, 37.99566000023041], [-122.59852800031537, 37.99546000010248], [-122.5984660003911, 37.99538299966712], [-122.59845399979723, 37.995371999901714], [-122.59840500029173, 37.99532899970894], [-122.59836900030673, 37.995295999675534], [-122.59875300044628, 37.99524800005102], [-122.59877799966233, 37.99475199996785], [-122.59879000025617, 37.99450799991787], [-122.5987750001876, 37.99444600035032], [-122.59877199981455, 37.99435100027186], [-122.59879000025617, 37.99426100023306], [-122.59878100003536, 37.99419100004785], [-122.59872400013396, 37.99416700023191], [-122.59869300017183, 37.99408400007057], [-122.60342499989844, 37.99442199990987], [-122.60347799960186, 37.993797999861286], [-122.60348299962476, 37.99375199990176], [-122.60349600004352, 37.99362699981983], [-122.6035499995719, 37.99311600009008], [-122.60356899983847, 37.992946000208285], [-122.60354399972412, 37.992950000126726], [-122.60341499985267, 37.99297800025777], [-122.60316899980539, 37.993114000135414], [-122.60301499981962, 37.99315399992651], [-122.60275700007675, 37.99309900011964], [-122.60273500033544, 37.99309500020933], [-122.60244599973213, 37.99315000001919], [-122.60236700008942, 37.99312599986265], [-122.60199100034578, 37.99290300000918], [-122.60171299961313, 37.99308000018967], [-122.60153799971093, 37.99310199969826], [-122.60082499968341, 37.992954999670545], [-122.60050400019135, 37.99299399992329], [-122.59999299983019, 37.99121299979792], [-122.60018000032625, 37.99119099972277], [-122.60675999988231, 37.98947299967513], [-122.60641099990283, 37.98909499982889], [-122.60664199988152, 37.98888899999934], [-122.60620099984057, 37.98888099971932], [-122.60571299994392, 37.98867700007252], [-122.60531700010881, 37.98839000033444], [-122.6049999999164, 37.988517999902434], [-122.6047940000521, 37.98859800022701], [-122.6046690003786, 37.98847299985847], [-122.60439400001901, 37.98813899969247], [-122.60436300005688, 37.988101000090204], [-122.60412299985735, 37.98784299988548], [-122.60374100026593, 37.98754700030025], [-122.60342599972333, 37.987347999702116], [-122.60304400013192, 37.98700900012993], [-122.60286300038194, 37.98666499972733], [-122.60281900000102, 37.98631599984001], [-122.60287199970448, 37.98600100011899], [-122.60248900028816, 37.9857460001972], [-122.6018740001699, 37.98540899976018], [-122.60146200044124, 37.98514300002184], [-122.60123700031036, 37.98488299985676], [-122.60111799958635, 37.9845559999369], [-122.60117399966285, 37.98438399985107], [-122.60151500014469, 37.98436699998128], [-122.60176500038997, 37.984267000167414], [-122.60191000015493, 37.98407300002667], [-122.60203900002634, 37.98389600006391], [-122.60212199986702, 37.983717000171346], [-122.60214799980629, 37.983545000243005], [-122.60208099985913, 37.983360000248695], [-122.6020130000871, 37.98322499974804], [-122.60180800004767, 37.98333799994281], [-122.60157399969593, 37.98337800010792], [-122.601352999763, 37.98332099983063], [-122.60120899982296, 37.98315900010516], [-122.60115699994441, 37.983033999674845], [-122.6011970001274, 37.98291499973004], [-122.60137700005242, 37.98286300003274], [-122.60165900008475, 37.982748000285305], [-122.60188000001769, 37.98265399969295], [-122.60168599984891, 37.98246100001257], [-122.6014509996723, 37.9823579997076], [-122.60118299988369, 37.98230199982483], [-122.60103800011873, 37.982108999926716], [-122.60103300009587, 37.98185600019393], [-122.60104499979143, 37.98185099989372], [-122.60082499968341, 37.981642999991664], [-122.60081899983561, 37.98135799992082], [-122.60247000002158, 37.98099399991508], [-122.60315499956168, 37.98067900000517], [-122.6034519996626, 37.98159499993053], [-122.60422300031476, 37.98151600024834], [-122.60439900004188, 37.98149700015078], [-122.60440200041494, 37.98133799999847], [-122.60441499993537, 37.98111799978523], [-122.6044099999125, 37.9809509997913], [-122.60436200023196, 37.98080199990838], [-122.60430600015545, 37.98070299998525], [-122.60416399986522, 37.98051400001851], [-122.60409899956791, 37.98044899985755], [-122.60404000001667, 37.98038999983592], [-122.60384199964994, 37.980242000028845], [-122.60377700025094, 37.98019299996], [-122.60368299964128, 37.97993500027168], [-122.60361599969414, 37.979748999867795], [-122.60397200024461, 37.979715999906816], [-122.60415200016965, 37.97981600025795], [-122.60432000039916, 37.9801390001497], [-122.60459900005841, 37.98041799980408], [-122.60476300008993, 37.98050900033501], [-122.60514499968136, 37.98039900013032], [-122.60555099956223, 37.98035700016312], [-122.6058729997775, 37.98035099996358], [-122.60712300010547, 37.98027199965024], [-122.60770499971343, 37.98023000031851], [-122.60798799957064, 37.980033000013094], [-122.60820000018107, 37.980000999981854], [-122.60851800019836, 37.98000300029399], [-122.60875699967467, 37.97999899966966], [-122.6089640002622, 37.97988999992026], [-122.60878699981188, 37.979788999865036], [-122.60845600027409, 37.979672999742235], [-122.60822199992236, 37.97954699993835], [-122.60819199978515, 37.97935200025367], [-122.60857599992471, 37.979372000009164], [-122.60885999960684, 37.97951200026911], [-122.60915000003506, 37.979583999914446], [-122.60946899987728, 37.97963400019696], [-122.60990499989538, 37.97952700023054], [-122.60988900000183, 37.97932499969], [-122.61001100020057, 37.97909600006987], [-122.61008700036858, 37.978918000323], [-122.6101240001785, 37.978778000346075], [-122.61030800030149, 37.97879199993093], [-122.610428999777, 37.97882200014506], [-122.61054500012796, 37.97837999990376], [-122.61061299990001, 37.97800300009357], [-122.61098799981875, 37.97803500028788], [-122.61123700023909, 37.978122000214626], [-122.61146200037, 37.97806599993175], [-122.61161200015782, 37.97791900022514], [-122.61170599986917, 37.977971999714946], [-122.61174100002926, 37.977991999846495], [-122.61183300009075, 37.978143000132654], [-122.61191400028163, 37.97826299985249], [-122.61200600034311, 37.97827700024364], [-122.61217700004734, 37.978196999995426], [-122.61234500027682, 37.97810299994645], [-122.61246599975236, 37.978254000004185], [-122.61250900030836, 37.97834300002876], [-122.61260399984461, 37.97856700005835], [-122.6128499998919, 37.97842799994343], [-122.61311000018289, 37.978293000282854], [-122.6133350003138, 37.97826100020097], [-122.61355899972146, 37.978326000175585], [-122.61375299989022, 37.97842899976689], [-122.61393199999036, 37.978540999735955], [-122.61405199964098, 37.978376999723174], [-122.61411799976322, 37.97824299979479], [-122.61526699980885, 37.97922000031464], [-122.6154769998711, 37.97871300006368], [-122.6155189997039, 37.97874000014441], [-122.6155949998719, 37.978768999852875], [-122.61570200000202, 37.97862600012942], [-122.6157439998348, 37.97857100005268], [-122.61594899987425, 37.9782989999426], [-122.61717300026291, 37.9758060003017]]]}}, {"type": "Feature", "properties": {"name": "Kentfield", "region": "southern_marin", "geoid": "0638114", "source": "US Census TIGERweb ACS2025 Places (layers 4,5)", "role": "place"}, "geometry": {"type": "Polygon", "coordinates": [[[-122.57102099971576, 37.948465000004134], [-122.57101900006595, 37.9481249998366], [-122.57099300012665, 37.94795600010963], [-122.57093700005018, 37.947796000035076], [-122.57088799964636, 37.947650999710824], [-122.57041399999342, 37.9470659999666], [-122.57038399985622, 37.946823999851205], [-122.57016000044854, 37.94619900003997], [-122.5700240000061, 37.94596100025675], [-122.56976999956291, 37.94565100014519], [-122.56976000041546, 37.945604000199204], [-122.56976799991307, 37.945547000344945], [-122.56983999988309, 37.94545200001728], [-122.56986699964726, 37.94530700002609], [-122.56983700040836, 37.945184000161056], [-122.56980899992097, 37.945115999767154], [-122.56979499967724, 37.9449040002187], [-122.56976200006527, 37.944672000065495], [-122.56969500011813, 37.94443999988816], [-122.56965599976007, 37.94422900009544], [-122.56949599992652, 37.944100999805116], [-122.5693610002073, 37.94396100002916], [-122.5690730003272, 37.9437869998752], [-122.56889599987689, 37.943645999912405], [-122.56870099988322, 37.94351999991263], [-122.56862999973808, 37.94343199977345], [-122.56840899980514, 37.942750000257625], [-122.56827300026103, 37.94249900011594], [-122.5682289998801, 37.94231699964639], [-122.56818200002445, 37.94222599995101], [-122.56809400016088, 37.94215300019176], [-122.5678480001136, 37.94204200029272], [-122.56737100008762, 37.941862000042654], [-122.56719600018543, 37.941763999650284], [-122.56705899991807, 37.94168700026239], [-122.5669819999252, 37.94163299976026], [-122.56692099982583, 37.94154500019517], [-122.56682399974146, 37.94119900003], [-122.56665999970991, 37.94089700021706], [-122.56636500015713, 37.94066100023131], [-122.56623000043794, 37.94045299981966], [-122.56611499991187, 37.9399649998947], [-122.5659759999947, 37.939619999727405], [-122.56582299983383, 37.939491999910594], [-122.56578199982596, 37.93945799992175], [-122.5656670001982, 37.93931799980207], [-122.565601000076, 37.93912100024472], [-122.56605100033777, 37.938577000040986], [-122.56602100020055, 37.93818999973445], [-122.56606499968316, 37.9376519998717], [-122.56638400042371, 37.9368969998327], [-122.56643499957903, 37.93658199990248], [-122.56644299997492, 37.93653299974475], [-122.56640799981481, 37.93604400031413], [-122.56654799955693, 37.93553099989679], [-122.56646300006642, 37.935260999879866], [-122.56629800020997, 37.9350660001955], [-122.56592199956805, 37.93495500022044], [-122.5655059996414, 37.934953999805025], [-122.5650660003237, 37.9349369998257], [-122.56481000023065, 37.93498900016677], [-122.56456599983318, 37.93513199985229], [-122.56435400012106, 37.935258000063044], [-122.56413999986084, 37.93533100029436], [-122.56383699991213, 37.935344999660764], [-122.56357900016927, 37.93538999968106], [-122.56327399967243, 37.93551199994379], [-122.56320900027343, 37.93535700033015], [-122.56317499993821, 37.93519199981087], [-122.56297300027185, 37.9348889996962], [-122.56274200029318, 37.934692000312594], [-122.56250700011653, 37.93434500005311], [-122.56230600027507, 37.93425500012256], [-122.56167500026332, 37.93431500008851], [-122.56146400037612, 37.934238999698266], [-122.561245000093, 37.93391500009908], [-122.56112799991715, 37.93365600032836], [-122.56108000023656, 37.93333599990945], [-122.56106500016796, 37.93304199966072], [-122.56107900041167, 37.932703000141174], [-122.56098499980203, 37.932521000211864], [-122.56084900025789, 37.932434000105985], [-122.55989000018307, 37.93184400022196], [-122.55964800033372, 37.931694999884215], [-122.55954200002853, 37.93153100010967], [-122.55944599976904, 37.931360000261925], [-122.55915100021626, 37.9310659999046], [-122.55907300039847, 37.93099899967072], [-122.55882800017608, 37.93085400021397], [-122.55838600031021, 37.93061900034049], [-122.55827800035517, 37.93053899989556], [-122.55821300005782, 37.93044000022532], [-122.55819499961616, 37.93034500020883], [-122.55807099976761, 37.93011000012543], [-122.55793900042144, 37.92998100026987], [-122.55775899959808, 37.929834999737395], [-122.55765300019118, 37.9297489997733], [-122.55745200034971, 37.929628000353894], [-122.55724899996015, 37.92948599966274], [-122.55710199964706, 37.929334999939265], [-122.55702100035452, 37.92917699999045], [-122.55694699983637, 37.9290019997674], [-122.55678399962974, 37.92881800030646], [-122.55626499977097, 37.92851100025006], [-122.55592900021028, 37.92831300027463], [-122.55565600039883, 37.92821200013546], [-122.55560899964485, 37.92814299982729], [-122.55546800007787, 37.9279380002448], [-122.5554220000471, 37.92787000019138], [-122.55334400006389, 37.9275579999736], [-122.55331899994954, 37.92756100010463], [-122.55325600020034, 37.92757200011167], [-122.55324399960647, 37.92757200011167], [-122.55321900039041, 37.927575000242136], [-122.55322400041328, 37.92769799981718], [-122.5529990002824, 37.93014100016136], [-122.55291899991644, 37.93051499981598], [-122.55287399971061, 37.93072200024481], [-122.55283400042596, 37.93090999965689], [-122.55234300015627, 37.93321799991716], [-122.55230799999616, 37.933387000237815], [-122.55170999959635, 37.93352700031823], [-122.5514169996934, 37.93367299989536], [-122.55140499999783, 37.933680000091066], [-122.55061599980232, 37.93424099984003], [-122.55034999966354, 37.934432000022895], [-122.55025699977713, 37.93444999983277], [-122.54997999976767, 37.934504999657555], [-122.54988799970617, 37.934523999870855], [-122.54897999968499, 37.93460400023029], [-122.54801899996035, 37.93473200005752], [-122.54383899970446, 37.93529100016686], [-122.54257199965808, 37.93548399985493], [-122.54476099996937, 37.938719999830845], [-122.54482899974143, 37.938820999703104], [-122.5452010001854, 37.93937799988605], [-122.54616199991005, 37.94081400003229], [-122.54637000032251, 37.94111299990002], [-122.54671099990607, 37.94162399967276], [-122.54647699955434, 37.941709000298175], [-122.54647999992739, 37.94181000031342], [-122.5464249996758, 37.94209599978591], [-122.54646999988165, 37.94209500017608], [-122.546494999996, 37.94212899965338], [-122.54676500033273, 37.94200499981687], [-122.54697399967179, 37.94200899967773], [-122.54716500036584, 37.94219199981014], [-122.54722300009216, 37.94227200032489], [-122.54736399965914, 37.94246500010137], [-122.54742399993359, 37.942556000209244], [-122.54751099997223, 37.94265899968154], [-122.54752799969067, 37.94266300021525], [-122.54762800014811, 37.94272599991422], [-122.54799100037127, 37.94291700000959], [-122.54806099979314, 37.94292999974952], [-122.54812600009048, 37.94294100029061], [-122.54820300008336, 37.943068999767796], [-122.54820399990828, 37.943108999912944], [-122.54821099958096, 37.94323400031467], [-122.54821599960383, 37.94334900032643], [-122.5482270003728, 37.94345200010412], [-122.54823300022058, 37.94350299978929], [-122.54820999975607, 37.94364500032367], [-122.54819700023558, 37.943671999840454], [-122.54811799969454, 37.94384499997232], [-122.54818700018986, 37.943921999932776], [-122.54839700025211, 37.94415600020068], [-122.548466999674, 37.944234000124425], [-122.54850699985698, 37.9443429996793], [-122.54876299995, 37.94429300015699], [-122.54926799956506, 37.944197000043765], [-122.54945300041132, 37.94467800034736], [-122.54935999962657, 37.94472399989478], [-122.54902400006591, 37.944894999823376], [-122.54905599985297, 37.94498200005689], [-122.54915499958716, 37.94524600025698], [-122.54918800009746, 37.94533400034906], [-122.5492700001132, 37.94545099974474], [-122.54946799958161, 37.945735000094345], [-122.54953399970385, 37.945788000147815], [-122.54964599985686, 37.945878999682655], [-122.54978800014707, 37.94603600030437], [-122.55021699959414, 37.94650799970663], [-122.5503599997093, 37.94666599994877], [-122.55050199999953, 37.94691899982176], [-122.5509310003449, 37.9476779998808], [-122.55107399956172, 37.94793200004984], [-122.5505010001746, 37.94806600004734], [-122.55030899965567, 37.948147000070065], [-122.54973100024566, 37.948359000179], [-122.54934799993102, 37.948500000307064], [-122.5492690002883, 37.948564000190494], [-122.54929500022757, 37.948589000273714], [-122.54933500041055, 37.94862900024749], [-122.54936999967231, 37.948669999719854], [-122.54939399996177, 37.948698999972116], [-122.54953899972672, 37.948912000130484], [-122.54958700030562, 37.949022000053624], [-122.5495990000012, 37.94906799971509], [-122.54961700044285, 37.949138999952176], [-122.54962999996333, 37.94924699980206], [-122.54965000005481, 37.95008800011493], [-122.54965699972749, 37.95034299995017], [-122.54966699977325, 37.95071600003174], [-122.54966799959814, 37.95077000023416], [-122.54963599981112, 37.95077000023416], [-122.54913700004381, 37.95077600001804], [-122.54912699999808, 37.95016900003351], [-122.54853399962114, 37.950424999792496], [-122.54647699955434, 37.95131299994508], [-122.54603200021373, 37.95150600005875], [-122.54579100018928, 37.951609999924486], [-122.54562600033286, 37.95110399973831], [-122.54533900027768, 37.950221999722025], [-122.54523100032264, 37.94989099967787], [-122.54494300044257, 37.949001999822265], [-122.54458299969411, 37.948769999857404], [-122.54453599983846, 37.948648999872006], [-122.54405100031487, 37.948295000117014], [-122.54345299991506, 37.948046000264085], [-122.54323399963197, 37.94795499987117], [-122.54299299960756, 37.94787100033478], [-122.54275199958312, 37.94778699999393], [-122.54187299987424, 37.94748200031032], [-122.53957999980587, 37.94715899983404], [-122.53893799992348, 37.9464239999327], [-122.53854299991326, 37.94449899975533], [-122.5383219999803, 37.94463700006428], [-122.53815299992591, 37.94474800029405], [-122.53805099981865, 37.94481500003888], [-122.5379489997114, 37.94488199972262], [-122.53788099993935, 37.94492700027951], [-122.53775399971772, 37.945023000147465], [-122.53751799971619, 37.945228000257366], [-122.53745999998986, 37.94530899986671], [-122.53743300022568, 37.9453520003227], [-122.53734500036215, 37.94549599995312], [-122.5372459997296, 37.945698000061114], [-122.53722800018627, 37.945754000238246], [-122.53719600039922, 37.94585499965279], [-122.53653699990006, 37.9456019996582], [-122.53629300040089, 37.94538200003282], [-122.53610099988195, 37.94552199993506], [-122.53586800025346, 37.945445000234365], [-122.53579799993324, 37.945396999883336], [-122.53571699974239, 37.945331000234944], [-122.53561700018328, 37.94526600009397], [-122.53545899999953, 37.945164000301745], [-122.53511199966991, 37.944831000286136], [-122.5350549997685, 37.944775999687316], [-122.53500299988995, 37.94474000016185], [-122.53492599989707, 37.94472000018169], [-122.53481899976696, 37.944615999772175], [-122.53406999975441, 37.944633999921706], [-122.53425499970234, 37.94489799995529], [-122.5339629996243, 37.94492299986905], [-122.533984000439, 37.94497599979979], [-122.53446999978749, 37.9451770003526], [-122.53441700008403, 37.945182999884814], [-122.53439000031987, 37.945187000281116], [-122.53425800007537, 37.94523000010014], [-122.53421600024258, 37.94525100021671], [-122.53418699993028, 37.94527799985183], [-122.53413500005173, 37.945364000066526], [-122.53407399995238, 37.94548700033872], [-122.53387499976074, 37.94539600031842], [-122.53362799988854, 37.94528099996811], [-122.53323799990122, 37.94526600009397], [-122.53324200009914, 37.945342999982195], [-122.53325899981759, 37.94547199979821], [-122.53329399997769, 37.945846000082305], [-122.53330400002343, 37.94590700006173], [-122.53414000007461, 37.94564699977414], [-122.53432300037271, 37.94559100022389], [-122.53448499985609, 37.94554199969688], [-122.53468099967469, 37.94560900013458], [-122.53578299986467, 37.94607199990336], [-122.53608099979047, 37.9461979997776], [-122.53386999973786, 37.94804500002686], [-122.5340139996779, 37.94840200026686], [-122.5344630001148, 37.949511999771204], [-122.53435900035771, 37.949605000084425], [-122.53426100044845, 37.94969299991447], [-122.53414400027258, 37.94982400031136], [-122.53408099962506, 37.949914999806104], [-122.53400199998235, 37.95002999998719], [-122.533936999685, 37.950130999899166], [-122.53377100000365, 37.95039600022153], [-122.53374699971423, 37.95043599991983], [-122.53368599961485, 37.950539999883574], [-122.53305999962596, 37.95028500002374], [-122.53147799993529, 37.94963999984433], [-122.53132200029968, 37.94958300028758], [-122.53117599981151, 37.94954099969111], [-122.53109600034388, 37.94951899987505], [-122.5309289999393, 37.94947699995037], [-122.53073599959545, 37.94943900016647], [-122.53051600038575, 37.949404999821205], [-122.53041199973035, 37.94938899986165], [-122.53005100005532, 37.94932099981748], [-122.5297110002967, 37.94925800010583], [-122.52942500006644, 37.94917500015588], [-122.52895600043638, 37.94901199993865], [-122.52870100016825, 37.94890999967959], [-122.52826299960203, 37.94873599991087], [-122.52767199977326, 37.94849900007602], [-122.527388999916, 37.94838600008886], [-122.52702599969284, 37.948257999956105], [-122.52588400021826, 37.94782600016414], [-122.52544599965202, 37.94765999976857], [-122.52529699968909, 37.94758399971833], [-122.5251429997033, 37.94751300010373], [-122.52436799975149, 37.94721599985461], [-122.52429199958351, 37.94718999976374], [-122.52420000042032, 37.947160000083386], [-122.52300100014597, 37.94669500028361], [-122.52127100031731, 37.946025999782975], [-122.52108999966904, 37.94595600034533], [-122.52080699981181, 37.94586599975599], [-122.52025899964072, 37.94565400024624], [-122.52015800025671, 37.94574199984964], [-122.51985600013292, 37.9460090002394], [-122.5197559996755, 37.94609799968144], [-122.51974399997991, 37.946111000275415], [-122.51971100036796, 37.94615100018144], [-122.51969999959898, 37.94616500032052], [-122.51949799993264, 37.94640399970255], [-122.51898200044691, 37.9461869997241], [-122.51858300023875, 37.94675699981299], [-122.5181589999162, 37.94726999979602], [-122.51782199963233, 37.94770800005805], [-122.51792299991465, 37.947779999725114], [-122.51825799965042, 37.947930000280614], [-122.51829000033578, 37.94794400008072], [-122.51837800019932, 37.947980999691346], [-122.51874700027027, 37.94809900006738], [-122.5186579996835, 37.94850699979896], [-122.51926600012904, 37.948635000206245], [-122.5197270002615, 37.94866300024349], [-122.52008200008873, 37.94863899970627], [-122.52033800018177, 37.94892299977602], [-122.52064399960518, 37.94921100034196], [-122.52099099993482, 37.949381999745405], [-122.52140100001367, 37.94938899986165], [-122.52166100030466, 37.94937800028588], [-122.52182799981094, 37.94933600028058], [-122.52213699960743, 37.94919100016205], [-122.52249800018075, 37.949020999829685], [-122.52280399960416, 37.949118000238386], [-122.52332099981312, 37.94934900030164], [-122.52397000026656, 37.94952899992107], [-122.52377500027286, 37.949860999683615], [-122.52317799969798, 37.94969500034404], [-122.52297299965859, 37.95017899999105], [-122.52387400000708, 37.950664999686076], [-122.52386200031152, 37.95068500017308], [-122.52382700015143, 37.9507170002326], [-122.52397299974128, 37.950842999933094], [-122.52434400036039, 37.950885999983804], [-122.52436199990372, 37.95072000012681], [-122.52484899997545, 37.95078000010984], [-122.52477199998255, 37.95150700024891], [-122.52489500000618, 37.95169800018624], [-122.52483899992968, 37.95201299978433], [-122.52552299964492, 37.952132000241185], [-122.52550599992647, 37.95219299996013], [-122.52545700042099, 37.952375000051546], [-122.52544900002506, 37.95244000027847], [-122.52565300023956, 37.9524299999204], [-122.52626900018271, 37.95240099972423], [-122.52647400022214, 37.95239200024721], [-122.52646800037432, 37.952368999689895], [-122.52646699965112, 37.95236000020895], [-122.52645900015351, 37.95229499991123], [-122.52645900015351, 37.95226500019031], [-122.52646099980335, 37.952234000276924], [-122.52710000021101, 37.9522460003135], [-122.52745699968806, 37.95358700001912], [-122.5276979997125, 37.95377300012727], [-122.52757700023699, 37.953905999938705], [-122.52744800036555, 37.95401299970804], [-122.52740599963445, 37.95403900021761], [-122.52730799972518, 37.95407699974716], [-122.52724900017394, 37.954094000257236], [-122.52715299991445, 37.954116000119924], [-122.5271200003025, 37.95412399993956], [-122.52706699970074, 37.95413799997598], [-122.52695999957062, 37.95418500012941], [-122.5268669996842, 37.95424699971305], [-122.52684900014083, 37.95426500033639], [-122.52639399985618, 37.95402199969476], [-122.52591500018039, 37.955196999904864], [-122.5259310000739, 37.95546799976957], [-122.52634199997763, 37.95549200020074], [-122.52677299997288, 37.955497000171576], [-122.52745500003826, 37.95459099976548], [-122.52804800041518, 37.95454700031807], [-122.52828199986861, 37.95515099983118], [-122.52853999961145, 37.95511099986692], [-122.52856600044903, 37.95519199991366], [-122.52845500012094, 37.95518699992211], [-122.52837499975502, 37.95520699988631], [-122.5282950002874, 37.955227999984494], [-122.52814700014939, 37.95526000019001], [-122.52800499985915, 37.95527400000996], [-122.52789100005636, 37.95526199975971], [-122.52806500013362, 37.95667200016101], [-122.52850699999951, 37.95812300027316], [-122.52869000029759, 37.95845600024717], [-122.52879999990247, 37.958508000236584], [-122.52898900004836, 37.95835499974035], [-122.52940800034798, 37.958547999767504], [-122.52962500008297, 37.95864300015975], [-122.5322110000543, 37.95981900018538], [-122.53239000015444, 37.959904999668794], [-122.53253300026958, 37.95996800016529], [-122.53258199977506, 37.95998999968514], [-122.5329020003405, 37.96013100015366], [-122.53316299955813, 37.96024599992343], [-122.53318900039571, 37.960258000067604], [-122.53395599995159, 37.96057599998743], [-122.5342870003877, 37.960717000039075], [-122.53466499978116, 37.960901999736464], [-122.53485899994992, 37.96098399983225], [-122.53488200041447, 37.96098399983225], [-122.53511099984499, 37.961181000266926], [-122.5352659996557, 37.9612839998344], [-122.53545800017461, 37.961312000008164], [-122.53559000041912, 37.96131400012133], [-122.53596000031496, 37.96148300028114], [-122.53604499980547, 37.96152200026277], [-122.53609199966114, 37.96154500007879], [-122.53610500007993, 37.96155000034578], [-122.53612900036934, 37.96155599995745], [-122.53617100020215, 37.96156799988763], [-122.53619299994345, 37.961574000206085], [-122.53621800005783, 37.96157999981578], [-122.53629900024868, 37.96159900011122], [-122.53637000039379, 37.9616150002444], [-122.53642899994503, 37.96162800021718], [-122.53653299970209, 37.96167299972396], [-122.5367169998251, 37.961751000172974], [-122.5368089998866, 37.96179000001233], [-122.53686599978803, 37.96181399979419], [-122.5370530002841, 37.9618940001908], [-122.5373570000577, 37.962022999982835], [-122.53737499960104, 37.96203099964954], [-122.53743300022568, 37.96205600010737], [-122.53760399992993, 37.96212799987687], [-122.53760300010501, 37.96219199992749], [-122.53760300010501, 37.96224099997286], [-122.53796999962779, 37.96256199992365], [-122.5380890003518, 37.96272000034173], [-122.53825300038335, 37.96293799967903], [-122.5388430003872, 37.963044999747275], [-122.53911799984851, 37.963230999984646], [-122.53948299972149, 37.963284000164045], [-122.53980300028695, 37.96362699965177], [-122.53981900018046, 37.963631999777], [-122.5403559995826, 37.963819999988914], [-122.54047399958334, 37.96382700014578], [-122.54052100033735, 37.96376400012683], [-122.5405599997971, 37.96373300010894], [-122.54062799956915, 37.963718999776695], [-122.54082500011096, 37.96372699996684], [-122.54089600025607, 37.96371699972904], [-122.54093399989091, 37.96370500015003], [-122.54095700035543, 37.9636979999816], [-122.54100900023398, 37.963674000107225], [-122.54107199998316, 37.96363499985199], [-122.54114800015115, 37.96357599977154], [-122.54128200004546, 37.96341300034725], [-122.54140199969605, 37.96332900007251], [-122.54159699968972, 37.96321500020361], [-122.54170899984273, 37.96316600009995], [-122.54181500014792, 37.96313899995657], [-122.54226500040971, 37.96305800017522], [-122.54234099967941, 37.96303400009166], [-122.54240199977875, 37.96300699989979], [-122.54257599985603, 37.96285999978255], [-122.54263399958235, 37.96282499994737], [-122.54269499968171, 37.96281300022265], [-122.54274499991044, 37.9628399997776], [-122.54278900029136, 37.962858999747034], [-122.54281699988046, 37.96287100017254], [-122.54289200022352, 37.9629090000904], [-122.54295099977476, 37.96297999969794], [-122.54298299956179, 37.9630830002834], [-122.54304399966117, 37.963169000193936], [-122.54309300006496, 37.96319600032629], [-122.5431740002558, 37.963206999957634], [-122.5432200002866, 37.96320900001925], [-122.54327399981494, 37.96319899971085], [-122.54341600010517, 37.963135999861365], [-122.54388800010828, 37.96287300024324], [-122.54390599965163, 37.96286399992455], [-122.54409800017056, 37.96277200014494], [-122.54416099991975, 37.96275800033773], [-122.54423899973754, 37.96277100010822], [-122.54430099966184, 37.96278900005903], [-122.54433800037008, 37.9628199997672], [-122.54434599986769, 37.962827000019374], [-122.54437500017997, 37.96287100017254], [-122.54437000015713, 37.96292399990352], [-122.54435099989055, 37.96297999969794], [-122.54427800009563, 37.96312300015549], [-122.54423399971468, 37.963226999862634], [-122.54422899969181, 37.96326600033457], [-122.54424700013347, 37.963304000048076], [-122.54429499981404, 37.96332700001423], [-122.54434699969258, 37.96333200015989], [-122.54439600009637, 37.96331999980972], [-122.54447499973908, 37.96328800028295], [-122.5447149999386, 37.96319400026439], [-122.5449049999094, 37.963102000189956], [-122.54506300009318, 37.96297999969794], [-122.54513000004032, 37.96289400027426], [-122.54534900032341, 37.96262100011055], [-122.54570300032576, 37.962197000150425], [-122.54614199981857, 37.961709000159395], [-122.54649099979802, 37.96132299992171], [-122.54659899975306, 37.961278000200515], [-122.54677299983035, 37.96109899968284], [-122.54700299998412, 37.960862000071074], [-122.54727199959763, 37.96059299970161], [-122.5479729999296, 37.95989500032697], [-122.54809900032627, 37.95977300017328], [-122.54816999957306, 37.95981499987751], [-122.54842900003916, 37.95996299979059], [-122.54867599991137, 37.96005600032994], [-122.54896499961639, 37.96016499978406], [-122.54906000005091, 37.960058999842744], [-122.54917999970154, 37.96012900000823], [-122.54966199975036, 37.960447999846714], [-122.55073700017614, 37.96116099980469], [-122.55079599972738, 37.96122900022085], [-122.55089799983463, 37.96129300034674], [-122.55102000003338, 37.96132900026019], [-122.5512340002936, 37.96112100028038], [-122.55139300030227, 37.96096800026991], [-122.55143500013507, 37.960843000293224], [-122.55145400040165, 37.960788000349396], [-122.55148399964054, 37.96080800020494], [-122.55221699975957, 37.960113000259625], [-122.55249799996696, 37.95984099974986], [-122.55248500044648, 37.95974099980913], [-122.55256499991413, 37.95970299966848], [-122.55272700029582, 37.9595349997429], [-122.55282500020512, 37.95952200010785], [-122.55284500029659, 37.95950299998333], [-122.5531969997508, 37.959473999746464], [-122.55333999986591, 37.95946200018246], [-122.55338000004889, 37.95945899993699], [-122.55337800039908, 37.95944999990817], [-122.5532689997208, 37.95918499966705], [-122.55321199981941, 37.95905499976043], [-122.55315499991801, 37.95897200025541], [-122.55323699993374, 37.95895199989987], [-122.55325000035255, 37.958978000077735], [-122.5532620000481, 37.95897399972406], [-122.55339099991956, 37.95909300023637], [-122.55360199980673, 37.959026000054955], [-122.55373400005124, 37.958983999899516], [-122.55330499970583, 37.95816400011328], [-122.55405000041871, 37.95791100000937], [-122.55459500021675, 37.95774400033958], [-122.5546689998366, 37.95769400002105], [-122.55479299968515, 37.95793500035062], [-122.55550300023795, 37.95767199981344], [-122.55534900025216, 37.957507999925525], [-122.55530700041938, 37.957461999882526], [-122.55557299965984, 37.957288999940374], [-122.55561700004077, 37.95723099983166], [-122.55575299958488, 37.95731499999865], [-122.55584700019455, 37.9573740001512], [-122.55599399960931, 37.957481999935574], [-122.55604700021108, 37.957520999917044], [-122.55607599962507, 37.95754200006191], [-122.55614299957224, 37.95735600028975], [-122.55640399968814, 37.95703500024902], [-122.55646099958953, 37.95696800031512], [-122.55666499980403, 37.956720000228735], [-122.55678500035299, 37.95660399977529], [-122.55684999975199, 37.95656999991295], [-122.55691599987424, 37.956537000156494], [-122.55707099968492, 37.95649100021369], [-122.5571540004239, 37.9564879998469], [-122.55721899982291, 37.95645700029904], [-122.5573860002275, 37.95622099999944], [-122.557470999718, 37.95610199979188], [-122.55754600006107, 37.9559940001033], [-122.55759299991672, 37.95591499978452], [-122.55767800030553, 37.95576399981753], [-122.55773100000897, 37.95566699968434], [-122.55792500017775, 37.955323999850975], [-122.55796100016275, 37.95526199975971], [-122.55810699975264, 37.9553249999891], [-122.55827199960906, 37.95536599997445], [-122.55846800032597, 37.95538900030171], [-122.55860399987009, 37.955424000139175], [-122.55870500015244, 37.95544299990233], [-122.55904099971309, 37.95550999981071], [-122.5591190004292, 37.95551499978028], [-122.55928500011056, 37.955525999853805], [-122.55942599967757, 37.955497000171576], [-122.55961300017361, 37.9554600000963], [-122.55966599987707, 37.955455000123], [-122.55976700015941, 37.95551499978028], [-122.55989000018307, 37.95557500009685], [-122.56014100025322, 37.95565799989917], [-122.5601610003447, 37.955665000125656], [-122.56026599992668, 37.95569899969865], [-122.5604349999811, 37.9557689997698], [-122.56052100019481, 37.95579800005296], [-122.56061400008126, 37.9558129999018], [-122.56070399959464, 37.95578999970732], [-122.56078200031072, 37.95577499985373], [-122.56098200032729, 37.95573599965348], [-122.56099400002284, 37.95573400009672], [-122.56112399971917, 37.95578300020101], [-122.561321000261, 37.95576399981753], [-122.56143400023888, 37.95577499985373], [-122.56161099979089, 37.9556949998747], [-122.56161099979089, 37.95551200008189], [-122.56160999996597, 37.955358999719415], [-122.56179800028696, 37.95535100003428], [-122.56326299980176, 37.955315000023724], [-122.563589000215, 37.95531200031722], [-122.56376699959193, 37.95537900034504], [-122.56423199992234, 37.95554799999588], [-122.56429399984661, 37.955570000131374], [-122.56434200042551, 37.955587999722184], [-122.56436800036478, 37.95559700022425], [-122.56446899974881, 37.95563300009659], [-122.56464100017624, 37.95564199988483], [-122.56468100035922, 37.95564199988483], [-122.5647089999483, 37.95564199988483], [-122.56480100000981, 37.955654000073], [-122.56486999960678, 37.95567600017674], [-122.5649480003229, 37.955742999872584], [-122.5649890003308, 37.955790999839095], [-122.56508800006499, 37.95590399976929], [-122.56518199977633, 37.95600399997619], [-122.56536500007442, 37.95609599973467], [-122.56553400012884, 37.95611899983334], [-122.56558900038041, 37.956123000342515], [-122.565709000031, 37.956134000325], [-122.56582299983383, 37.956100000245094], [-122.56584999959802, 37.95609400018766], [-122.56593400016189, 37.956079999815735], [-122.56596299957592, 37.956076000012544], [-122.56592300029125, 37.955845999983545], [-122.56594300038276, 37.955757999732654], [-122.56617699983617, 37.95541099977649], [-122.5663219996011, 37.95522099971631], [-122.56651599976988, 37.95509800015717], [-122.56662899974778, 37.95502800015483], [-122.5671650002233, 37.954901999840885], [-122.56725499973666, 37.95485799987144], [-122.56730199959233, 37.95471699990456], [-122.56734000012547, 37.95453499994907], [-122.56736799971458, 37.954111000055136], [-122.56728800024696, 37.95389900025286], [-122.56731500001112, 37.95374499991259], [-122.56736500023983, 37.953650999721006], [-122.56755299966251, 37.95350699978203], [-122.56781499960331, 37.95339300024992], [-122.56804800013015, 37.95327899983256], [-122.56828800032966, 37.9531559998549], [-122.56849800039191, 37.95308099999201], [-122.56881399986112, 37.953007000222236], [-122.56895199995337, 37.952975999913676], [-122.56911400033509, 37.95290200003813], [-122.56920499967336, 37.952833000240204], [-122.56928900023726, 37.952705000063574], [-122.56930000010792, 37.95255200022944], [-122.5692060003966, 37.95240700008328], [-122.56896100017421, 37.95223800028934], [-122.56885200039426, 37.95221400021163], [-122.56864099960875, 37.95217000004881], [-122.56852400033121, 37.95216899986773], [-122.56841399982804, 37.95216899986773], [-122.56846499988166, 37.95177999993282], [-122.56848699962296, 37.95161399997087], [-122.56855199992029, 37.951465000044], [-122.56862200024051, 37.951341999862436], [-122.56864300015688, 37.95125500007608], [-122.56860499962374, 37.951107999812244], [-122.568602000149, 37.9509989996676], [-122.56865499985246, 37.950927000321684], [-122.56875000028701, 37.95085399999783], [-122.56884499982326, 37.95074800007776], [-122.56886499991474, 37.95072599991477], [-122.56895500032643, 37.950531999673636], [-122.56899999963396, 37.95039099990355], [-122.56929699973487, 37.94988600003383], [-122.56937700010083, 37.94976899990822], [-122.56946499996435, 37.94967999995424], [-122.56950599997225, 37.94964500021344], [-122.56959899985866, 37.949567999874915], [-122.56977499958577, 37.949433999783345], [-122.57006500001398, 37.94937400011775], [-122.57031000023636, 37.94931699964625], [-122.5705949997434, 37.94915799992416], [-122.57073799985855, 37.94900600001065], [-122.5709119999358, 37.94872500023734], [-122.57098300008091, 37.94859100002501], [-122.57102099971576, 37.948465000004134]]]}}, {"type": "Feature", "properties": {"name": "Larkspur", "region": "southern_marin", "geoid": "0640438", "source": "US Census TIGERweb ACS2025 Places (layers 4,5)", "role": "place"}, "geometry": {"type": "Polygon", "coordinates": [[[-122.55322400041328, 37.92769799981718], [-122.55321900039041, 37.927575000242136], [-122.55318300040541, 37.927372999923286], [-122.55308100029816, 37.926771999688185], [-122.55304699996297, 37.92657300016892], [-122.553042999765, 37.92645999977133], [-122.55303100006942, 37.92612300002503], [-122.55302699987148, 37.92601100018162], [-122.55306600022953, 37.92554099990243], [-122.55287100023585, 37.92554400011576], [-122.55282799967985, 37.923681999825206], [-122.5527690001286, 37.92166899998845], [-122.5519570003669, 37.92168799997587], [-122.54939499978668, 37.92175099993642], [-122.54868500013221, 37.92176399987657], [-122.5481789997939, 37.92177500004222], [-122.54609800033597, 37.92180799982048], [-122.54537799973741, 37.92181899997956], [-122.5445810000443, 37.92183399967834], [-122.54089200005811, 37.921886000075105], [-122.54084100000448, 37.9219979998236], [-122.54074700029315, 37.92200000029843], [-122.54059199958415, 37.922020000083194], [-122.54056300017014, 37.92202400032292], [-122.54042000005501, 37.922032000093125], [-122.54033399984128, 37.92202199984874], [-122.54016099958893, 37.921996000057355], [-122.53997499981607, 37.9220250002057], [-122.5398569998153, 37.9220759998767], [-122.53976599957872, 37.92211600010804], [-122.53968500028616, 37.92213300021752], [-122.53961800033902, 37.92212299998686], [-122.53964199973015, 37.922729999901584], [-122.53969000030902, 37.92392299975428], [-122.53971399970015, 37.92455199990309], [-122.53973899981453, 37.925160000158016], [-122.53967799971515, 37.9251439998801], [-122.53946600000306, 37.925063999855276], [-122.53927600003226, 37.924986999979524], [-122.53920099968917, 37.924956999739166], [-122.5390900002594, 37.924932999963325], [-122.53898599960402, 37.92495599989631], [-122.53876399984617, 37.92508000015065], [-122.53859200031705, 37.92512500007695], [-122.53846799957017, 37.925134999899335], [-122.53832000033049, 37.9251169999346], [-122.53822599972084, 37.92509800012448], [-122.5381510002761, 37.92504500003146], [-122.53813299983445, 37.924950000130146], [-122.53814200005526, 37.92489200000323], [-122.53818600043618, 37.924764999895494], [-122.53819999978158, 37.924728999780434], [-122.53818700026108, 37.92463000008169], [-122.5382009996065, 37.924509999881636], [-122.53821999987305, 37.924276000132984], [-122.5382230002461, 37.92422999983439], [-122.53822800026897, 37.924182999653645], [-122.5381949997587, 37.924122000067776], [-122.53817600039044, 37.92411700008785], [-122.53813200000951, 37.924106000272566], [-122.53784699960416, 37.924057000302334], [-122.5372440000798, 37.92393400030556], [-122.53715100019336, 37.923853999672964], [-122.53702800016973, 37.92394600000323], [-122.53686099976517, 37.92399500004738], [-122.53649599989218, 37.924069999834835], [-122.53626900011143, 37.92411299996192], [-122.53609500003418, 37.924147999816086], [-122.53555199988597, 37.924652000262455], [-122.53541499961861, 37.92493100027689], [-122.53532299955711, 37.92512000016524], [-122.53529999999087, 37.92515399969988], [-122.53512599991362, 37.92542399999009], [-122.53473500010135, 37.925834999678116], [-122.53483999968336, 37.925971999772216], [-122.53510499999719, 37.92620599979264], [-122.53527300022671, 37.92635300026945], [-122.53501700013369, 37.92683900023121], [-122.53445100041925, 37.92677700019613], [-122.53420399964871, 37.92697500005643], [-122.53433900026621, 37.92708100025635], [-122.53414300044764, 37.927047000195515], [-122.5337180003002, 37.926925999872225], [-122.53364299995714, 37.9270080003356], [-122.53296000006685, 37.927399999748935], [-122.53288700027193, 37.92744300005452], [-122.5326129997372, 37.9275579999736], [-122.53195300031143, 37.92778799998081], [-122.5317039998911, 37.92776900015227], [-122.53095900007652, 37.92771299973403], [-122.5307110003794, 37.92769499969173], [-122.53058099978476, 37.9276850002175], [-122.5306259999906, 37.927744000072046], [-122.53068600026505, 37.92782400001535], [-122.53078599982416, 37.92793699973389], [-122.53108799994796, 37.92827599997317], [-122.5311890002303, 37.928390000210335], [-122.53143000025472, 37.92857000015038], [-122.53156199960088, 37.928669000212984], [-122.53194400009062, 37.92930500005584], [-122.53195900015923, 37.92933000031381], [-122.53172800018055, 37.9293719997078], [-122.5316899996474, 37.929379000313055], [-122.53134300021608, 37.92936799986779], [-122.53030399977531, 37.929334999939265], [-122.52995800016892, 37.92932499997949], [-122.52972899984006, 37.92932499997949], [-122.5290429995767, 37.929325999762945], [-122.52881499997105, 37.92932700025496], [-122.52848199988513, 37.92933000031381], [-122.5274869998253, 37.929338999781116], [-122.5271549995643, 37.929343000331265], [-122.52701300017236, 37.93003500012161], [-122.52614000031127, 37.93012900005759], [-122.52608900025767, 37.93051199980548], [-122.52534699991783, 37.93073899978177], [-122.52503800012133, 37.93087899994527], [-122.52485399999831, 37.93115099998653], [-122.52488400013553, 37.93143000013996], [-122.5249870000677, 37.93156999969609], [-122.52531000010788, 37.93170200026828], [-122.5259650004091, 37.93177600023844], [-122.52636100024421, 37.93186400016347], [-122.52677200014796, 37.931974000098734], [-122.52721499983875, 37.93225399970659], [-122.52729400037975, 37.93287800005701], [-122.52728000013607, 37.933019999864705], [-122.52724199960291, 37.93345000009442], [-122.52722900008246, 37.93359399966516], [-122.52717600037901, 37.93388999998315], [-122.52662900003281, 37.93393800005645], [-122.52113200040014, 37.934405999659965], [-122.52084299979684, 37.9344270000356], [-122.52077500002478, 37.93443299973694], [-122.5207840002456, 37.93451699975551], [-122.5207909999183, 37.934582000193274], [-122.5208040003371, 37.93471299989799], [-122.52081799968246, 37.93484999974509], [-122.52085000036784, 37.93517600029905], [-122.52089700022353, 37.93564800002126], [-122.52109999971478, 37.93694900020421], [-122.52113900007284, 37.937198000110676], [-122.52129499970845, 37.93750599969582], [-122.52130599957911, 37.937528999946586], [-122.52134199956411, 37.93759799994718], [-122.521354000158, 37.937621000169216], [-122.52128800003577, 37.93763899990662], [-122.52123500033231, 37.937685000317764], [-122.52120099999712, 37.93776900016246], [-122.52115099976841, 37.937920999941106], [-122.52113200040014, 37.93811599984469], [-122.52114699957043, 37.938352000209605], [-122.52118599992849, 37.93845499990617], [-122.52036199957288, 37.9386989999733], [-122.51999300040028, 37.93886599972072], [-122.51967600020785, 37.939034000157065], [-122.51919699963375, 37.93931500015083], [-122.5188340003089, 37.9395010002592], [-122.51856499979706, 37.93963300005057], [-122.5175170000338, 37.94022499974119], [-122.51686500010562, 37.9406990003042], [-122.51665500004334, 37.94087299997696], [-122.51649000018692, 37.94107599966485], [-122.5162659998809, 37.941217000308114], [-122.516229000071, 37.94140299985356], [-122.51619599956074, 37.941573999717335], [-122.51592899959704, 37.94186799984556], [-122.51592699994721, 37.94177700030265], [-122.51593699999296, 37.94168900020153], [-122.51593899964277, 37.941680000120826], [-122.51594799986361, 37.941595000170324], [-122.51601999983362, 37.941245999959705], [-122.51605099979578, 37.941206000217434], [-122.51607900028317, 37.941184999653224], [-122.51614299985725, 37.94113799968455], [-122.5162080001546, 37.94106199997305], [-122.51620599960647, 37.94100500013787], [-122.51622400004811, 37.94093799975305], [-122.51628099994956, 37.940732999718925], [-122.51632199995743, 37.940571000241206], [-122.51605499999373, 37.94046700033587], [-122.51588199974134, 37.94040099980187], [-122.51609199980365, 37.940325000036694], [-122.51641499984386, 37.94020899990799], [-122.51657200020269, 37.93960100012291], [-122.51661400003547, 37.93949700026184], [-122.51665199967029, 37.93940599990842], [-122.51672199999048, 37.939381999889896], [-122.5167920003107, 37.93935799986352], [-122.51677600041717, 37.93930100012363], [-122.51677800006699, 37.939176999766254], [-122.51681499987691, 37.93908199970516], [-122.51712799987138, 37.938287999933365], [-122.51716300003146, 37.938199999905315], [-122.51726199976568, 37.93803799980367], [-122.51724199967418, 37.937805000268995], [-122.51723699965132, 37.937750999748395], [-122.51723400017657, 37.93767799979501], [-122.51723199962844, 37.93758799969441], [-122.51718399994786, 37.93686399974139], [-122.51719800019154, 37.93647599993952], [-122.51726000011584, 37.935690999753746], [-122.51725099989503, 37.93555699986185], [-122.51732899971282, 37.935516999857334], [-122.51731700001726, 37.935346999772484], [-122.51725400026807, 37.935272000151826], [-122.51715600035875, 37.93507699978816], [-122.51688600002203, 37.93512400009026], [-122.5167849997397, 37.93519800015829], [-122.5167920003107, 37.935224000241135], [-122.5168569997097, 37.93545399964671], [-122.51661700040853, 37.935546000341006], [-122.51655999960882, 37.935565000285216], [-122.51639200027762, 37.93562600029669], [-122.51633600020114, 37.93564599991778], [-122.51621099962934, 37.93569000005686], [-122.51603499990222, 37.93575300006522], [-122.51583400006079, 37.93580400013369], [-122.51570699983917, 37.93583699999239], [-122.51569799961833, 37.93581899981369], [-122.51567400022722, 37.93576599965541], [-122.51566699965619, 37.9357469997631], [-122.51548900027929, 37.93586499994684], [-122.5149550003519, 37.93622300024558], [-122.51477799990158, 37.936342999749684], [-122.51466999994655, 37.93644800021787], [-122.5143489995562, 37.9367630000139], [-122.51424200032439, 37.93686900027143], [-122.5141669999813, 37.936942999999715], [-122.51394600004836, 37.937165000154465], [-122.51387200042853, 37.937239999969066], [-122.51364200027476, 37.93752000006493], [-122.51315000018018, 37.93812300032573], [-122.51311300037024, 37.93817899989918], [-122.51298199995068, 37.93838100028322], [-122.51278600013212, 37.938686000193414], [-122.51273900027643, 37.93921200024257], [-122.51273199970542, 37.93929799976321], [-122.51277899956109, 37.93989599999076], [-122.51299500036947, 37.94076800016264], [-122.51312199969274, 37.94128100015911], [-122.5131679997235, 37.941532000210216], [-122.51330900018881, 37.94228700010181], [-122.51335600004448, 37.94253899986289], [-122.51337000028819, 37.94262400013843], [-122.51341499959571, 37.94287899966668], [-122.51343100038756, 37.94296499985534], [-122.51343600041042, 37.942994000233995], [-122.51345399995377, 37.943080999884494], [-122.51345999980155, 37.943110999813335], [-122.51312699971564, 37.94305099994336], [-122.51266800013131, 37.94296800006606], [-122.51187599956276, 37.942823999732155], [-122.51122799983256, 37.942706000094354], [-122.51076000002742, 37.94262200022473], [-122.509645000317, 37.94242099976747], [-122.50899900023663, 37.942303999798], [-122.5072380004458, 37.9423599997279], [-122.50593700006422, 37.9424020001787], [-122.50447099982617, 37.942261999999644], [-122.50221399974282, 37.942046999762056], [-122.50204700023657, 37.94213300021595], [-122.50154900029419, 37.94239100026534], [-122.50138299971452, 37.94247799992127], [-122.5015719998604, 37.94259200009626], [-122.50166800011989, 37.94264999971968], [-122.5021839996056, 37.94284299992026], [-122.50239100019314, 37.94292099982081], [-122.50234299961426, 37.943108000316904], [-122.50219799984929, 37.94366999995528], [-122.50215099999363, 37.94385800025653], [-122.50173800044007, 37.947827999936145], [-122.50178100009776, 37.94785600028096], [-122.50209599974205, 37.94805700003928], [-122.50241799995733, 37.948271000167956], [-122.50281700016549, 37.94855999997804], [-122.50364200034603, 37.9491709999767], [-122.50498300001226, 37.949697000065235], [-122.50501099960134, 37.949722999977276], [-122.50580499981972, 37.95117500013282], [-122.50718499984403, 37.9511739999382], [-122.50861599992197, 37.95116299992131], [-122.50936999995737, 37.95174499977575], [-122.50953800018685, 37.95187499987029], [-122.50964299976886, 37.95193500032673], [-122.50976400014267, 37.9520049997348], [-122.50995900013633, 37.952117999822406], [-122.51006500044156, 37.952179000261395], [-122.5100960004037, 37.95218399974933], [-122.51018900029011, 37.95219999980854], [-122.51022100007717, 37.95220600018399], [-122.51076099985231, 37.952326999977814], [-122.51096699971664, 37.952372999694944], [-122.51177099998078, 37.952555000048704], [-122.51321799995223, 37.952298999920316], [-122.51397199998765, 37.952166000032705], [-122.51398100020847, 37.952269999672446], [-122.51399299990405, 37.95241799991389], [-122.51455799979357, 37.952347000012345], [-122.51593000032027, 37.95164200028945], [-122.51624699961434, 37.9515459998611], [-122.51627000007889, 37.95154000014005], [-122.5171930001687, 37.951740000257935], [-122.51746199978223, 37.9518589997403], [-122.5182140001678, 37.95255200022944], [-122.51875200029313, 37.95283799968369], [-122.5193409995738, 37.95319299967404], [-122.52003199986001, 37.95359300028127], [-122.5203339999838, 37.954116000119924], [-122.52128300001287, 37.95425500022676], [-122.52142899960275, 37.95427499973638], [-122.52223899971465, 37.95420400021299], [-122.52255599990704, 37.9541760001626], [-122.52299899959783, 37.95496999967737], [-122.52309999988022, 37.955156999965645], [-122.52327700033051, 37.9554789998501], [-122.52369800027999, 37.95558399989219], [-122.52371400017351, 37.955570000131374], [-122.52379000034149, 37.9556060000169], [-122.52418199997867, 37.9556949998747], [-122.52425499977359, 37.95571499970052], [-122.52427099966711, 37.95567600017674], [-122.52430300035249, 37.95572699987676], [-122.52487499991472, 37.95609500031536], [-122.52582200029396, 37.95670499985681], [-122.526078000387, 37.957070000010475], [-122.52615399965667, 37.957158000106034], [-122.52663900007857, 37.95771899983044], [-122.52763499996331, 37.958324000272235], [-122.52843400020456, 37.95880199989273], [-122.5286280003733, 37.95864799991604], [-122.52879999990247, 37.958508000236584], [-122.52869000029759, 37.95845600024717], [-122.52850699999951, 37.95812300027316], [-122.52806500013362, 37.95667200016101], [-122.52789100005636, 37.95526199975971], [-122.52800499985915, 37.95527400000996], [-122.52814700014939, 37.95526000019001], [-122.5282950002874, 37.955227999984494], [-122.52837499975502, 37.95520699988631], [-122.52845500012094, 37.95518699992211], [-122.52856600044903, 37.95519199991366], [-122.52853999961145, 37.95511099986692], [-122.52828199986861, 37.95515099983118], [-122.52804800041518, 37.95454700031807], [-122.52745500003826, 37.95459099976548], [-122.52677299997288, 37.955497000171576], [-122.52634199997763, 37.95549200020074], [-122.5259310000739, 37.95546799976957], [-122.52591500018039, 37.955196999904864], [-122.52639399985618, 37.95402199969476], [-122.52684900014083, 37.95426500033639], [-122.5268669996842, 37.95424699971305], [-122.52695999957062, 37.95418500012941], [-122.52706699970074, 37.95413799997598], [-122.5271200003025, 37.95412399993956], [-122.52715299991445, 37.954116000119924], [-122.52724900017394, 37.954094000257236], [-122.52730799972518, 37.95407699974716], [-122.52740599963445, 37.95403900021761], [-122.52744800036555, 37.95401299970804], [-122.52757700023699, 37.953905999938705], [-122.5276979997125, 37.95377300012727], [-122.52745699968806, 37.95358700001912], [-122.52710000021101, 37.9522460003135], [-122.52646099980335, 37.952234000276924], [-122.52645900015351, 37.95226500019031], [-122.52645900015351, 37.95229499991123], [-122.52646699965112, 37.95236000020895], [-122.52646800037432, 37.952368999689895], [-122.52647400022214, 37.95239200024721], [-122.52626900018271, 37.95240099972423], [-122.52565300023956, 37.9524299999204], [-122.52544900002506, 37.95244000027847], [-122.52545700042099, 37.952375000051546], [-122.52550599992647, 37.95219299996013], [-122.52552299964492, 37.952132000241185], [-122.52483899992968, 37.95201299978433], [-122.52489500000618, 37.95169800018624], [-122.52477199998255, 37.95150700024891], [-122.52484899997545, 37.95078000010984], [-122.52436199990372, 37.95072000012681], [-122.52434400036039, 37.950885999983804], [-122.52397299974128, 37.950842999933094], [-122.52382700015143, 37.9507170002326], [-122.52386200031152, 37.95068500017308], [-122.52387400000708, 37.950664999686076], [-122.52297299965859, 37.95017899999105], [-122.52317799969798, 37.94969500034404], [-122.52377500027286, 37.949860999683615], [-122.52397000026656, 37.94952899992107], [-122.52332099981312, 37.94934900030164], [-122.52280399960416, 37.949118000238386], [-122.52249800018075, 37.949020999829685], [-122.52213699960743, 37.94919100016205], [-122.52182799981094, 37.94933600028058], [-122.52166100030466, 37.94937800028588], [-122.52140100001367, 37.94938899986165], [-122.52099099993482, 37.949381999745405], [-122.52064399960518, 37.94921100034196], [-122.52033800018177, 37.94892299977602], [-122.52008200008873, 37.94863899970627], [-122.5197270002615, 37.94866300024349], [-122.51926600012904, 37.948635000206245], [-122.5186579996835, 37.94850699979896], [-122.51874700027027, 37.94809900006738], [-122.51837800019932, 37.947980999691346], [-122.51829000033578, 37.94794400008072], [-122.51825799965042, 37.947930000280614], [-122.51792299991465, 37.947779999725114], [-122.51782199963233, 37.94770800005805], [-122.5181589999162, 37.94726999979602], [-122.51858300023875, 37.94675699981299], [-122.51898200044691, 37.9461869997241], [-122.51949799993264, 37.94640399970255], [-122.51969999959898, 37.94616500032052], [-122.51971100036796, 37.94615100018144], [-122.51974399997991, 37.946111000275415], [-122.5197559996755, 37.94609799968144], [-122.51985600013292, 37.9460090002394], [-122.52015800025671, 37.94574199984964], [-122.52025899964072, 37.94565400024624], [-122.52080699981181, 37.94586599975599], [-122.52108999966904, 37.94595600034533], [-122.52127100031731, 37.946025999782975], [-122.52300100014597, 37.94669500028361], [-122.52420000042032, 37.947160000083386], [-122.52429199958351, 37.94718999976374], [-122.52436799975149, 37.94721599985461], [-122.5251429997033, 37.94751300010373], [-122.52529699968909, 37.94758399971833], [-122.52544599965202, 37.94765999976857], [-122.52588400021826, 37.94782600016414], [-122.52702599969284, 37.948257999956105], [-122.527388999916, 37.94838600008886], [-122.52767199977326, 37.94849900007602], [-122.52826299960203, 37.94873599991087], [-122.52870100016825, 37.94890999967959], [-122.52895600043638, 37.94901199993865], [-122.52942500006644, 37.94917500015588], [-122.5297110002967, 37.94925800010583], [-122.53005100005532, 37.94932099981748], [-122.53041199973035, 37.94938899986165], [-122.53051600038575, 37.949404999821205], [-122.53073599959545, 37.94943900016647], [-122.5309289999393, 37.94947699995037], [-122.53109600034388, 37.94951899987505], [-122.53117599981151, 37.94954099969111], [-122.53132200029968, 37.94958300028758], [-122.53147799993529, 37.94963999984433], [-122.53305999962596, 37.95028500002374], [-122.53368599961485, 37.950539999883574], [-122.53374699971423, 37.95043599991983], [-122.53377100000365, 37.95039600022153], [-122.533936999685, 37.950130999899166], [-122.53400199998235, 37.95002999998719], [-122.53408099962506, 37.949914999806104], [-122.53414400027258, 37.94982400031136], [-122.53426100044845, 37.94969299991447], [-122.53435900035771, 37.949605000084425], [-122.5344630001148, 37.949511999771204], [-122.5340139996779, 37.94840200026686], [-122.53386999973786, 37.94804500002686], [-122.53608099979047, 37.9461979997776], [-122.53578299986467, 37.94607199990336], [-122.53468099967469, 37.94560900013458], [-122.53448499985609, 37.94554199969688], [-122.53432300037271, 37.94559100022389], [-122.53414000007461, 37.94564699977414], [-122.53330400002343, 37.94590700006173], [-122.53329399997769, 37.945846000082305], [-122.53325899981759, 37.94547199979821], [-122.53324200009914, 37.945342999982195], [-122.53323799990122, 37.94526600009397], [-122.53362799988854, 37.94528099996811], [-122.53387499976074, 37.94539600031842], [-122.53407399995238, 37.94548700033872], [-122.53413500005173, 37.945364000066526], [-122.53418699993028, 37.94527799985183], [-122.53421600024258, 37.94525100021671], [-122.53425800007537, 37.94523000010014], [-122.53439000031987, 37.945187000281116], [-122.53441700008403, 37.945182999884814], [-122.53446999978749, 37.9451770003526], [-122.533984000439, 37.94497599979979], [-122.5339629996243, 37.94492299986905], [-122.53425499970234, 37.94489799995529], [-122.53406999975441, 37.944633999921706], [-122.53481899976696, 37.944615999772175], [-122.53492599989707, 37.94472000018169], [-122.53500299988995, 37.94474000016185], [-122.5350549997685, 37.944775999687316], [-122.53511199966991, 37.944831000286136], [-122.53545899999953, 37.945164000301745], [-122.53561700018328, 37.94526600009397], [-122.53571699974239, 37.945331000234944], [-122.53579799993324, 37.945396999883336], [-122.53586800025346, 37.945445000234365], [-122.53610099988195, 37.94552199993506], [-122.53629300040089, 37.94538200003282], [-122.53653699990006, 37.9456019996582], [-122.53719600039922, 37.94585499965279], [-122.53722800018627, 37.945754000238246], [-122.5372459997296, 37.945698000061114], [-122.53734500036215, 37.94549599995312], [-122.53743300022568, 37.9453520003227], [-122.53745999998986, 37.94530899986671], [-122.53751799971619, 37.945228000257366], [-122.53775399971772, 37.945023000147465], [-122.53788099993935, 37.94492700027951], [-122.5379489997114, 37.94488199972262], [-122.53805099981865, 37.94481500003888], [-122.53815299992591, 37.94474800029405], [-122.5383219999803, 37.94463700006428], [-122.53854299991326, 37.94449899975533], [-122.53893799992348, 37.9464239999327], [-122.53957999980587, 37.94715899983404], [-122.54187299987424, 37.94748200031032], [-122.54275199958312, 37.94778699999393], [-122.54299299960756, 37.94787100033478], [-122.54323399963197, 37.94795499987117], [-122.54345299991506, 37.948046000264085], [-122.54405100031487, 37.948295000117014], [-122.54453599983846, 37.948648999872006], [-122.54458299969411, 37.948769999857404], [-122.54494300044257, 37.949001999822265], [-122.54523100032264, 37.94989099967787], [-122.54533900027768, 37.950221999722025], [-122.54562600033286, 37.95110399973831], [-122.54579100018928, 37.951609999924486], [-122.54603200021373, 37.95150600005875], [-122.54647699955434, 37.95131299994508], [-122.54853399962114, 37.950424999792496], [-122.54912699999808, 37.95016900003351], [-122.54913700004381, 37.95077600001804], [-122.54963599981112, 37.95077000023416], [-122.54966799959814, 37.95077000023416], [-122.54966699977325, 37.95071600003174], [-122.54965699972749, 37.95034299995017], [-122.54965000005481, 37.95008800011493], [-122.54962999996333, 37.94924699980206], [-122.54961700044285, 37.949138999952176], [-122.5495990000012, 37.94906799971509], [-122.54958700030562, 37.949022000053624], [-122.54953899972672, 37.948912000130484], [-122.54939399996177, 37.948698999972116], [-122.54936999967231, 37.948669999719854], [-122.54933500041055, 37.94862900024749], [-122.54929500022757, 37.948589000273714], [-122.5492690002883, 37.948564000190494], [-122.54934799993102, 37.948500000307064], [-122.54973100024566, 37.948359000179], [-122.55030899965567, 37.948147000070065], [-122.5505010001746, 37.94806600004734], [-122.55107399956172, 37.94793200004984], [-122.5509310003449, 37.9476779998808], [-122.55050199999953, 37.94691899982176], [-122.5503599997093, 37.94666599994877], [-122.55021699959414, 37.94650799970663], [-122.54978800014707, 37.94603600030437], [-122.54964599985686, 37.945878999682655], [-122.54953399970385, 37.945788000147815], [-122.54946799958161, 37.945735000094345], [-122.5492700001132, 37.94545099974474], [-122.54918800009746, 37.94533400034906], [-122.54915499958716, 37.94524600025698], [-122.54905599985297, 37.94498200005689], [-122.54902400006591, 37.944894999823376], [-122.54935999962657, 37.94472399989478], [-122.54945300041132, 37.94467800034736], [-122.54926799956506, 37.944197000043765], [-122.54876299995, 37.94429300015699], [-122.54850699985698, 37.9443429996793], [-122.548466999674, 37.944234000124425], [-122.54839700025211, 37.94415600020068], [-122.54818700018986, 37.943921999932776], [-122.54811799969454, 37.94384499997232], [-122.54819700023558, 37.943671999840454], [-122.54820999975607, 37.94364500032367], [-122.54823300022058, 37.94350299978929], [-122.5482270003728, 37.94345200010412], [-122.54821599960383, 37.94334900032643], [-122.54821099958096, 37.94323400031467], [-122.54820399990828, 37.943108999912944], [-122.54820300008336, 37.943068999767796], [-122.54812600009048, 37.94294100029061], [-122.54806099979314, 37.94292999974952], [-122.54799100037127, 37.94291700000959], [-122.54762800014811, 37.94272599991422], [-122.54752799969067, 37.94266300021525], [-122.54751099997223, 37.94265899968154], [-122.54742399993359, 37.942556000209244], [-122.54736399965914, 37.94246500010137], [-122.54722300009216, 37.94227200032489], [-122.54716500036584, 37.94219199981014], [-122.54697399967179, 37.94200899967773], [-122.54676500033273, 37.94200499981687], [-122.546494999996, 37.94212899965338], [-122.54646999988165, 37.94209500017608], [-122.5464249996758, 37.94209599978591], [-122.54647999992739, 37.94181000031342], [-122.54647699955434, 37.941709000298175], [-122.54671099990607, 37.94162399967276], [-122.54637000032251, 37.94111299990002], [-122.54616199991005, 37.94081400003229], [-122.5452010001854, 37.93937799988605], [-122.54482899974143, 37.938820999703104], [-122.54476099996937, 37.938719999830845], [-122.54257199965808, 37.93548399985493], [-122.54383899970446, 37.93529100016686], [-122.54801899996035, 37.93473200005752], [-122.54897999968499, 37.93460400023029], [-122.54988799970617, 37.934523999870855], [-122.54997999976767, 37.934504999657555], [-122.55025699977713, 37.93444999983277], [-122.55034999966354, 37.934432000022895], [-122.55061599980232, 37.93424099984003], [-122.55140499999783, 37.933680000091066], [-122.5514169996934, 37.93367299989536], [-122.55170999959635, 37.93352700031823], [-122.55230799999616, 37.933387000237815], [-122.55234300015627, 37.93321799991716], [-122.55283400042596, 37.93090999965689], [-122.55287399971061, 37.93072200024481], [-122.55291899991644, 37.93051499981598], [-122.5529990002824, 37.93014100016136], [-122.55322400041328, 37.92769799981718]]]}}, {"type": "Feature", "properties": {"name": "Marin City", "region": "southern_marin", "geoid": "0645820", "source": "US Census TIGERweb ACS2025 Places (layers 4,5)", "role": "place"}, "geometry": {"type": "Polygon", "coordinates": [[[-122.52102100007205, 37.878041999681976], [-122.52082199988044, 37.87784700004173], [-122.52002900038528, 37.87706699986369], [-122.52095199957677, 37.87576100012542], [-122.52009100030955, 37.87565099980366], [-122.51960300041293, 37.8755540003312], [-122.5195439999634, 37.87506600019959], [-122.51953899994054, 37.87505599995384], [-122.51934700031988, 37.87465199966893], [-122.51934300012194, 37.87450699976702], [-122.51950899980329, 37.87414899974561], [-122.51956900007774, 37.87404299986495], [-122.51961000008562, 37.87377199981117], [-122.51965199991841, 37.873561000062814], [-122.51968200005565, 37.873205000081995], [-122.51969799994917, 37.873114999802496], [-122.51974099960687, 37.872753999869026], [-122.51974999982771, 37.872620000199824], [-122.51974300015499, 37.87234200022514], [-122.51976499989631, 37.872125000107715], [-122.51978900018578, 37.872033000221194], [-122.51982799964553, 37.87194899976202], [-122.51990700018654, 37.8718080003461], [-122.51995200039238, 37.87168699994317], [-122.52002500018733, 37.87143900008448], [-122.52006199999725, 37.87135700009055], [-122.52017699962497, 37.87118400034009], [-122.52022600002877, 37.87108400035238], [-122.52027200005953, 37.8709470001701], [-122.52030600039471, 37.87078600002366], [-122.5203130000674, 37.8707040000121], [-122.52032099956502, 37.87062399965337], [-122.5203180000903, 37.87046200034516], [-122.52029299997592, 37.87029099966461], [-122.52024600012027, 37.8701060002812], [-122.52021199978508, 37.87002500010214], [-122.5201709997772, 37.86996000006036], [-122.52010499965495, 37.86988499972271], [-122.52002400036241, 37.86981099990099], [-122.5198350002165, 37.86964699974371], [-122.51965399956825, 37.869443000162846], [-122.51964000022285, 37.86942599993592], [-122.51955099963608, 37.86931600008289], [-122.51944699987902, 37.86916899982312], [-122.51936800023628, 37.86903200033489], [-122.51929500044136, 37.86895699976177], [-122.51922199974811, 37.868900000069395], [-122.51917999991532, 37.86887399994624], [-122.51915599962587, 37.86884500012535], [-122.51912200018897, 37.868818999982786], [-122.51909000040195, 37.86878400004917], [-122.51901199968583, 37.86871500002996], [-122.5189609996322, 37.86869300014389], [-122.51889700005809, 37.86867700035154], [-122.51882400026317, 37.868672000149786], [-122.51876599963853, 37.86863000014362], [-122.51859099973633, 37.86853600034701], [-122.51850200004787, 37.86847300021249], [-122.51840400013857, 37.86838199992312], [-122.51830299985626, 37.86826100027609], [-122.51816300011417, 37.868071999714736], [-122.51806299965673, 37.86794999965028], [-122.51799300023487, 37.867877999831315], [-122.51787699988391, 37.86778100005263], [-122.51770399963154, 37.867653000032305], [-122.51741400010164, 37.86744700006455], [-122.51726900033668, 37.86733099988433], [-122.51706500012217, 37.86714700007976], [-122.51658300007331, 37.86667499980601], [-122.51640999982097, 37.86651999981992], [-122.5157589997177, 37.865982999780755], [-122.51567199967909, 37.865921000236064], [-122.51559899988416, 37.86587600027079], [-122.51545300029429, 37.865810000177454], [-122.51520100039919, 37.86553799968466], [-122.51497299989525, 37.86523000016727], [-122.5147290003961, 37.86503499994546], [-122.51460800002228, 37.86494600027277], [-122.51448900019659, 37.86484700027955], [-122.51434500025654, 37.8647060000381], [-122.5142719995633, 37.86461400010727], [-122.51413299964611, 37.86442300020796], [-122.51404300013273, 37.864326000136415], [-122.51394900042142, 37.86424599994474], [-122.51377199997111, 37.864110999734706], [-122.51360499956652, 37.86400500030523], [-122.51330099979292, 37.86382799974726], [-122.51314199978425, 37.86372199991073], [-122.51309400010366, 37.863684999751236], [-122.51305399992071, 37.863648000282424], [-122.5128000003758, 37.86349900012491], [-122.51251599979535, 37.86333300016107], [-122.51226499972519, 37.863286000090575], [-122.51211800031041, 37.86327099980522], [-122.51205700021104, 37.8632649999739], [-122.51172199957696, 37.86321599991491], [-122.51140799975762, 37.86329199992017], [-122.51112999992328, 37.86334399984127], [-122.51095599984599, 37.863395999725675], [-122.51081600010392, 37.863395999725675], [-122.51065999957, 37.8632739997207], [-122.51051999982792, 37.8632389999901], [-122.51038099991074, 37.8632389999901], [-122.51018900029011, 37.86329199992017], [-122.51005000037291, 37.86343100009092], [-122.50984100013557, 37.86365699998244], [-122.5096319998982, 37.863831000349215], [-122.50938800039903, 37.86395300014132], [-122.50928399974366, 37.86403999967203], [-122.50928399974366, 37.86412699980929], [-122.50933599962218, 37.86431899972421], [-122.50937099978229, 37.86447599999574], [-122.5094579998209, 37.86456300032742], [-122.50942299966081, 37.864631999979444], [-122.50933599962218, 37.864631999979444], [-122.50926600020031, 37.864615000060894], [-122.50917900016165, 37.86456300032742], [-122.50907500040458, 37.86451099984805], [-122.50893499976421, 37.86451099984805], [-122.50869200008992, 37.86454499972923], [-122.50832600039206, 37.86484099986735], [-122.50815200031478, 37.86496300011496], [-122.50808199999456, 37.865085000160605], [-122.50810000043624, 37.865311999888185], [-122.50813399987312, 37.865468000229754], [-122.50815200031478, 37.8656250001809], [-122.50818699957657, 37.86581699973883], [-122.50818699957657, 37.86593899978901], [-122.50827399961521, 37.86602599981182], [-122.50844799969248, 37.866043000114054], [-122.50856999989121, 37.86599099996985], [-122.5086390003865, 37.865869000005816], [-122.50865699992987, 37.86573000017841], [-122.50870899980838, 37.8656250001809], [-122.50886600016723, 37.86559000014849], [-122.50898800036597, 37.86560799978228], [-122.50910999966638, 37.8656250001809], [-122.50919699970501, 37.86567699987419], [-122.5092319998651, 37.86576400020637], [-122.5093010003604, 37.86590399990573], [-122.50942299966081, 37.86593899978901], [-122.50961500017975, 37.86600800028017], [-122.50982400041714, 37.866059999703204], [-122.5099280001742, 37.86607799993132], [-122.50998000005275, 37.866130000014074], [-122.51001500021283, 37.86623500000122], [-122.51001500021283, 37.86633899990851], [-122.50994599971754, 37.86646099980364], [-122.50984100013557, 37.86658300020593], [-122.50980599997546, 37.86672199984264], [-122.50984500033353, 37.86685499967812], [-122.50722300037718, 37.86693699971833], [-122.50704199972891, 37.86694399988183], [-122.50705099994973, 37.867723000248255], [-122.50706099999546, 37.8685429996495], [-122.50705299959957, 37.86985700018223], [-122.50706099999546, 37.870363999837785], [-122.50706000017057, 37.870509000093556], [-122.50706000017057, 37.87121999970678], [-122.50708799975965, 37.87143599979232], [-122.50709299978251, 37.87147599989624], [-122.50710799985113, 37.871596000077695], [-122.50711399969892, 37.87163600009473], [-122.50712100026992, 37.871660000236396], [-122.50714300001123, 37.87173299976229], [-122.50723000004987, 37.8720539999665], [-122.5073380000049, 37.872450999967846], [-122.50745900037876, 37.872733000323315], [-122.50751000043236, 37.872851000191915], [-122.50773600038816, 37.87327699965917], [-122.50798599973511, 37.873659999694006], [-122.50822400028478, 37.873961999759686], [-122.50852200021062, 37.87431699980592], [-122.50873800012069, 37.87452999986345], [-122.50898800036597, 37.87473500006627], [-122.50922699984223, 37.87491699973021], [-122.50940900031543, 37.87506300005509], [-122.51021000020651, 37.875704000024335], [-122.51047200014732, 37.87590599968625], [-122.51126100034283, 37.876514999688425], [-122.51152400010858, 37.87671799975208], [-122.5120189996779, 37.8768130002429], [-122.51250400009978, 37.876906000328475], [-122.51428400015718, 37.87724900014766], [-122.5166149998604, 37.87687499984031], [-122.51851399974346, 37.87870399994024], [-122.51980199970623, 37.87929300015933], [-122.52037699964151, 37.8795570000819], [-122.5206779999404, 37.87937799979719], [-122.52074599971243, 37.87864999998781], [-122.52102100007205, 37.878041999681976]]]}}, {"type": "Feature", "properties": {"name": "Mill Valley", "region": "southern_marin", "geoid": "0647710", "source": "US Census TIGERweb ACS2025 Places (layers 4,5)", "role": "place"}, "geometry": {"type": "Polygon", "coordinates": [[[-122.57703100025775, 37.91052499975051], [-122.57702700005977, 37.91044700020508], [-122.57702600023485, 37.91042399998713], [-122.57702299986182, 37.91012099986509], [-122.5770220000369, 37.91002100030178], [-122.5764499995764, 37.909825000253164], [-122.5763590002381, 37.909685999746756], [-122.57636099988791, 37.90945299966512], [-122.5763109996592, 37.90938100001992], [-122.57618000013795, 37.90931299981782], [-122.57605499956615, 37.90928400032746], [-122.57597900029648, 37.90922499983825], [-122.57602199995421, 37.908985000003234], [-122.57599199981696, 37.90896099997666], [-122.57577900027995, 37.90879499969676], [-122.57552900003469, 37.90882700027514], [-122.57545600023977, 37.908814000174786], [-122.57522699991091, 37.90877100031703], [-122.57513999987226, 37.90830399993017], [-122.57487399973348, 37.90803700008922], [-122.57455800026433, 37.90802000026561], [-122.57422500017839, 37.90795200022321], [-122.57441900034713, 37.907635000165506], [-122.57416400007901, 37.90739500010553], [-122.5738539995593, 37.90751599995896], [-122.5737339999087, 37.907485999679984], [-122.57360300038745, 37.90740799974787], [-122.57349000040955, 37.907160999771726], [-122.57327899962402, 37.907161999856555], [-122.57294800008621, 37.90723699979817], [-122.57273899984885, 37.90732500002919], [-122.5724879997787, 37.90721700024648], [-122.57224599992935, 37.907186999845585], [-122.57217300013443, 37.90717799979381], [-122.57194999965338, 37.90693600019384], [-122.57156200021417, 37.90693999983638], [-122.57152799987895, 37.9071709999103], [-122.57122999995312, 37.90722899983642], [-122.57113100021893, 37.90745500001673], [-122.57096600036249, 37.90749699985454], [-122.57090299971499, 37.907471999970824], [-122.57071399956911, 37.90739899972312], [-122.57065199964481, 37.90737499988799], [-122.57051899957543, 37.90702700033595], [-122.57044999997845, 37.90684499993918], [-122.57020599958096, 37.906828999929516], [-122.57013199996113, 37.906700000344614], [-122.57017299996903, 37.90646900020963], [-122.56999899989174, 37.90623200018274], [-122.56987000002033, 37.90605599983636], [-122.56971699985945, 37.90604500015507], [-122.56960700025458, 37.906037000063726], [-122.56941100043598, 37.90606500002537], [-122.56872900037062, 37.9061670002005], [-122.56851900030834, 37.906108000046935], [-122.56850199969158, 37.906110000245135], [-122.56824599959853, 37.90614099976624], [-122.56819799991794, 37.90615499972858], [-122.56804499975706, 37.90619799969759], [-122.56788699957335, 37.906120999916645], [-122.56783399986989, 37.90609600027418], [-122.56780999958045, 37.90597099980824], [-122.56793799962698, 37.90577300010419], [-122.56770499999847, 37.905579000292704], [-122.56744200023273, 37.905666999671375], [-122.56721600027693, 37.90574299982337], [-122.56712599986524, 37.905775999706364], [-122.56698399957502, 37.90582900021774], [-122.56692400019888, 37.905760000173], [-122.56690900013025, 37.90574299982337], [-122.56689800025958, 37.90549399971358], [-122.56688599966571, 37.90543300022145], [-122.56687599961998, 37.905302000095496], [-122.56692900022175, 37.90515999992275], [-122.56692300037399, 37.90505199979763], [-122.5669200000009, 37.904973000006045], [-122.56678699993152, 37.904879999927346], [-122.56676299964208, 37.90486400019922], [-122.5667500001216, 37.90486099985108], [-122.56662700009794, 37.90483699989696], [-122.56658600009007, 37.90482899967427], [-122.56648900000569, 37.90481000029364], [-122.56640600016503, 37.90476000010947], [-122.56638600007352, 37.90469400012623], [-122.56641899968548, 37.90460000028411], [-122.56650499989922, 37.904552000197796], [-122.5666799998014, 37.90448499990687], [-122.56679600015235, 37.904440000110924], [-122.56697799972723, 37.904371000181364], [-122.56705899991807, 37.90433999991461], [-122.5670809996594, 37.90430200018716], [-122.56709800027616, 37.90427599980273], [-122.567067000314, 37.904190999844886], [-122.56692500002377, 37.90396000033925], [-122.56690999995517, 37.903933999833974], [-122.56682100026671, 37.90388800028061], [-122.56679799980219, 37.90387999995475], [-122.56675400031955, 37.90386899994825], [-122.5667300000301, 37.90386199974995], [-122.56670800028881, 37.90385699981038], [-122.56663299994572, 37.90383700004884], [-122.56651900014293, 37.90380699968749], [-122.56648499980774, 37.90375600010835], [-122.56649300020364, 37.90370399965335], [-122.56650700044734, 37.90362800023072], [-122.56627399992051, 37.90361700018656], [-122.56581699998604, 37.903597999784175], [-122.56571599970371, 37.90337900005245], [-122.56562000034258, 37.90316800007312], [-122.56527899986071, 37.9033230002009], [-122.56479900035998, 37.903543999658396], [-122.56443600013684, 37.90347500030636], [-122.56460099999326, 37.9033220000639], [-122.56487700017782, 37.90306899970634], [-122.56491399998774, 37.90302999989039], [-122.5649549999956, 37.90298899977084], [-122.56500199985126, 37.9028989997395], [-122.56502799979053, 37.902853000248065], [-122.56506399977556, 37.90278499968357], [-122.56512900007289, 37.90266399984761], [-122.56515699966197, 37.90257599971301], [-122.56518099995141, 37.90250399971801], [-122.56521100008865, 37.902411000063154], [-122.56525799994431, 37.9023669998578], [-122.56538299961777, 37.90225499998952], [-122.56537500012017, 37.90221000024763], [-122.56532499989144, 37.90215499965934], [-122.56526999963987, 37.9020940002347], [-122.56518099995141, 37.902020000167596], [-122.56508499969193, 37.90193999980065], [-122.56504899970693, 37.901934000283525], [-122.56510200030873, 37.90192099967413], [-122.56526100031736, 37.90188400027172], [-122.56531499984571, 37.90187199981022], [-122.56549999979362, 37.90187000020566], [-122.56559100003022, 37.90196900005888], [-122.56583799990246, 37.90193800019795], [-122.56578199982596, 37.90182500022835], [-122.56580600011537, 37.901822999913676], [-122.5660889999726, 37.90180099999287], [-122.5659769998196, 37.90163700018298], [-122.56590300019975, 37.901501000288185], [-122.56573800034332, 37.901370999705534], [-122.56609800019342, 37.90114499997814], [-122.565933000337, 37.9010150001844], [-122.56525799994431, 37.90106600024537], [-122.56521799976133, 37.901070000206964], [-122.56522299978421, 37.90136699976035], [-122.56484100019279, 37.90135499992334], [-122.56471899999406, 37.90143699983378], [-122.56466399974245, 37.90147599978502], [-122.56467700016127, 37.9018489997471], [-122.56468300000904, 37.90199599999576], [-122.56467499961312, 37.90200399981765], [-122.56465399969672, 37.90203000029597], [-122.56464799984893, 37.90203900026856], [-122.56459900034345, 37.90203400020517], [-122.56445500040338, 37.90201900001294], [-122.56440699982451, 37.9020139999482], [-122.56432499980875, 37.90206500002573], [-122.56407999958635, 37.902219000198194], [-122.56399900029382, 37.9022710002849], [-122.56396400013374, 37.90230700005079], [-122.56385899965345, 37.902413999802356], [-122.56382500021655, 37.9024509996471], [-122.56379799955407, 37.9024790002644], [-122.5637859998585, 37.902483000149196], [-122.56364500029149, 37.90254399996019], [-122.56359900026074, 37.90256500022043], [-122.56344799974968, 37.9026289996939], [-122.56342500018347, 37.90263999988574], [-122.563144999801, 37.902799000284446], [-122.56305500028762, 37.90279800014033], [-122.56300800043196, 37.902774000222216], [-122.56298300031759, 37.902761999905785], [-122.56291999967009, 37.90271900005544], [-122.562892000081, 37.90266700028529], [-122.56284799970008, 37.90258800005977], [-122.56279900019457, 37.90249700009864], [-122.56276300020957, 37.90233399986367], [-122.56275999983653, 37.90231999988316], [-122.5627239998515, 37.90225399983807], [-122.56266399957704, 37.902210999690844], [-122.5625749998886, 37.902197999839224], [-122.5626040002009, 37.90209000032875], [-122.56257599971352, 37.902021000322286], [-122.56250000044382, 37.90183099975435], [-122.56248500037525, 37.901831999911565], [-122.56241199968197, 37.90183900030297], [-122.56235899997853, 37.901732999874], [-122.5622650002672, 37.90158999974219], [-122.56213700022069, 37.90160299970122], [-122.56198900008268, 37.901620000298486], [-122.56175300008114, 37.901642999724324], [-122.56162599985952, 37.90165599967398], [-122.56147900044475, 37.90166999978081], [-122.56138800020815, 37.90167899979741], [-122.56128600010089, 37.90201600025768], [-122.5611389997878, 37.90202199976813], [-122.56101400011431, 37.901946000026136], [-122.56097700030439, 37.90190500001146], [-122.56096300006071, 37.90178299998839], [-122.56096700025866, 37.901655000223165], [-122.56092200005281, 37.9015320003332], [-122.5608719998241, 37.90139500008124], [-122.56084800043297, 37.901392999754876], [-122.5607789999377, 37.901387000193154], [-122.56075600037148, 37.90138499986658], [-122.5606030002106, 37.90123600019334], [-122.5603989999961, 37.90139600024437], [-122.56030699993458, 37.901469000067934], [-122.56011299976583, 37.90123299969732], [-122.55960200030296, 37.90154299998023], [-122.558456999557, 37.902240999993985], [-122.558428000143, 37.902103000199446], [-122.5568999999807, 37.902623999670595], [-122.55688200043733, 37.902634999863196], [-122.55687300021648, 37.90264100003201], [-122.55685499977486, 37.90266200026457], [-122.55684100042946, 37.90266899986819], [-122.55671099983482, 37.90267100015987], [-122.55654000013057, 37.902678999908375], [-122.5563579996574, 37.902662999701654], [-122.55627099961876, 37.90264200017822], [-122.55617000023473, 37.902570000247735], [-122.5559159997915, 37.90228500027473], [-122.55558799972844, 37.90226799983108], [-122.55539500028291, 37.90214800000683], [-122.55521500035788, 37.9019769998837], [-122.55517599999979, 37.901943000267856], [-122.5548150003248, 37.90162199990983], [-122.55476199972303, 37.901581999875305], [-122.55466999966151, 37.9015119999398], [-122.55459400039184, 37.90148099988631], [-122.55453400011737, 37.90145600008525], [-122.55447999969071, 37.90143699983378], [-122.5543180002073, 37.90137999975876], [-122.55426499960554, 37.90136199965126], [-122.5542100002523, 37.90134300008436], [-122.55404799987058, 37.90128899972161], [-122.55399500016712, 37.9012710003007], [-122.55350100042271, 37.90110700001855], [-122.5534579998667, 37.90109299980469], [-122.55338099987381, 37.9010950001392], [-122.55308399977287, 37.90122999991003], [-122.55296199957415, 37.901258000283036], [-122.55282900040307, 37.90128199998669], [-122.55267299986913, 37.90129600016466], [-122.55244699991336, 37.90130800001125], [-122.55197800028327, 37.90130800001125], [-122.55165100004514, 37.901309000175615], [-122.55145799970128, 37.90131800023637], [-122.551283999624, 37.901284000316075], [-122.55116999982121, 37.90125599995296], [-122.55108699998051, 37.90122499979164], [-122.55101099981256, 37.90118699987335], [-122.55095700028419, 37.90116000034851], [-122.55091700010121, 37.901133000104984], [-122.55075700026765, 37.90100300029], [-122.5505990000839, 37.900890999763625], [-122.55039200039468, 37.90078299975279], [-122.5502969999601, 37.90074999975731], [-122.55009000027087, 37.900745999778316], [-122.54996399987417, 37.90075399973608], [-122.54981499991123, 37.90074999975731], [-122.54973799991836, 37.90074000016386], [-122.54967599999407, 37.900732999667916], [-122.54953299987895, 37.90069599966825], [-122.54928900037977, 37.90061400034991], [-122.54925199967157, 37.90060000004221], [-122.54914100024178, 37.90056000016107], [-122.54910500025676, 37.900547000017816], [-122.54897300001231, 37.90050099976508], [-122.54865900019294, 37.90039100024607], [-122.54857899982699, 37.90036799972017], [-122.5485579999106, 37.900363000252064], [-122.54844400010779, 37.90033800007118], [-122.54777399973796, 37.90014299992833], [-122.54756899969856, 37.900083999906904], [-122.54747099978925, 37.900059999812534], [-122.5473050001079, 37.900066000191295], [-122.54710199971834, 37.900098999784674], [-122.54692900036426, 37.90013300025241], [-122.5467419998682, 37.90015799979407], [-122.54661499964661, 37.900145999759935], [-122.54647599972941, 37.90012500022714], [-122.54637299979726, 37.90009400029829], [-122.5460799998943, 37.900026000019935], [-122.5459810001601, 37.90001399996427], [-122.54585899996137, 37.900008000290136], [-122.54578500034152, 37.900008999763315], [-122.54571699967113, 37.90001799998304], [-122.54570199960254, 37.900020999819795], [-122.54554199976896, 37.9000639998288], [-122.54513900026113, 37.900164000164835], [-122.54503899980371, 37.90017900002629], [-122.54497299968146, 37.90016699999558], [-122.5447769998629, 37.900132000072105], [-122.54471199956555, 37.900121000214185], [-122.54448200031011, 37.90007700005738], [-122.54412699958456, 37.900008999763315], [-122.5437929996737, 37.899952], [-122.54361399957358, 37.89992200018149], [-122.54356300041826, 37.89991400013329], [-122.54333699956413, 37.89986000013972], [-122.54266000041993, 37.899697999921315], [-122.54243500028905, 37.89964399976926], [-122.54247700012183, 37.89955900013225], [-122.54257400020622, 37.89928700020885], [-122.54257800040416, 37.89927799989968], [-122.54263199993252, 37.89906300014262], [-122.54268299998617, 37.89893899997737], [-122.54271300012338, 37.8988940003345], [-122.54278300044356, 37.89882699985431], [-122.54292999985837, 37.89876100022099], [-122.54302799976765, 37.89877100008333], [-122.54327800001289, 37.898847999757486], [-122.54331499982284, 37.89885000015296], [-122.54334400013514, 37.89882399996895], [-122.54335900020376, 37.89879099980391], [-122.54352099968715, 37.898444000266025], [-122.54358500015957, 37.89837000007326], [-122.54376599990954, 37.89825399967881], [-122.54385499959798, 37.89819599976749], [-122.5439619997281, 37.89812900006967], [-122.54417400033854, 37.89801000008575], [-122.54419299970681, 37.89796900000503], [-122.54416299956956, 37.89791900013505], [-122.54410400001832, 37.89789999967934], [-122.54400199991107, 37.89790300031124], [-122.54387200021475, 37.897956000113], [-122.54348600042536, 37.89824200004311], [-122.54346899980862, 37.89825499988468], [-122.54318299957833, 37.89842700035281], [-122.54311999982917, 37.898436000057174], [-122.54296099982051, 37.89841200013429], [-122.54265399967382, 37.89836599996492], [-122.54253700039628, 37.89835199993847], [-122.54248799999249, 37.89833699970467], [-122.54247000044913, 37.8983320000986], [-122.54243600011394, 37.89829500030965], [-122.54245399965731, 37.898206999913064], [-122.54260299962021, 37.897939000087135], [-122.54261900041206, 37.897912000079614], [-122.54264600017625, 37.89763099993898], [-122.5426500003742, 37.89745400007163], [-122.5424749995737, 37.89714899997448], [-122.54242500024328, 37.89708799994516], [-122.54236199959577, 37.89701099984758], [-122.54220299958713, 37.896880000325034], [-122.54216999997516, 37.89685400015396], [-122.54207100024097, 37.896778000037536], [-122.54203799973067, 37.89675300005672], [-122.54188899976776, 37.896748999860506], [-122.54169499959902, 37.89675799976999], [-122.54166899965975, 37.896763999709044], [-122.54154999983406, 37.89679599984836], [-122.54120000002969, 37.8968299997153], [-122.54057499986573, 37.89693099970688], [-122.54021099981765, 37.89699100035222], [-122.54006699987758, 37.896930000191965], [-122.53963500005744, 37.89674700011677], [-122.53949100011741, 37.8966859997543], [-122.53930799981931, 37.89660799971684], [-122.5389699997105, 37.896465000260584], [-122.53880499985407, 37.896412000094124], [-122.53875299997554, 37.89640000015813], [-122.53868900040143, 37.896386999989], [-122.5386090000355, 37.89638400000414], [-122.53855899980677, 37.89639599994274], [-122.53851799979888, 37.896416999830606], [-122.53850100008044, 37.896425999780675], [-122.53842699956228, 37.89647100022353], [-122.53840099962304, 37.8964879998796], [-122.53836399981309, 37.89651499970052], [-122.538264000254, 37.89659100008854], [-122.53796499960492, 37.89682099981457], [-122.53786400022089, 37.89689299969825], [-122.5377019998392, 37.896704999814496], [-122.53721700031561, 37.8961410001178], [-122.53705599975883, 37.895952999731186], [-122.53683800019896, 37.89579700014688], [-122.5361870000957, 37.89532999965595], [-122.5361030004301, 37.8952699997834], [-122.5359700003607, 37.895174999707976], [-122.53595000026922, 37.895178999989724], [-122.53573500018408, 37.895178999989724], [-122.53564700032052, 37.8951450000691], [-122.53534199982366, 37.89502699976404], [-122.53518600018806, 37.89502600022321], [-122.53475500019285, 37.89512900035122], [-122.5347030003143, 37.89516200003135], [-122.53463499964393, 37.89520800007639], [-122.53454699978039, 37.89525200030833], [-122.53459399963604, 37.89515700020967], [-122.53460799987977, 37.89479299980111], [-122.53437500025125, 37.89470500018003], [-122.53427200031908, 37.8946180000001], [-122.5344000003656, 37.89439500016125], [-122.53415299959507, 37.894026999894145], [-122.53386100041537, 37.89423499977802], [-122.53309200031133, 37.893676999778684], [-122.53340299975764, 37.89352199989467], [-122.53318400037284, 37.89335399968845], [-122.53329399997769, 37.893301000117724], [-122.53320600011413, 37.893154000225834], [-122.53313300031921, 37.89319000019755], [-122.53273300028613, 37.89272600031598], [-122.53275599985234, 37.89270500008408], [-122.53293300030266, 37.892552000138096], [-122.53273599976086, 37.892538999998266], [-122.53283799986811, 37.892453999954654], [-122.53265600029323, 37.89247000025394], [-122.53257099990441, 37.89244099979752], [-122.53196599983194, 37.89223499967363], [-122.53183100011272, 37.892117999955666], [-122.5316260000733, 37.89194000001004], [-122.53157500001967, 37.891829999748786], [-122.53156300032411, 37.89177300003216], [-122.53155199955515, 37.89171399968199], [-122.53163500029413, 37.89160899985498], [-122.5315270003391, 37.89158900030985], [-122.5318300002878, 37.89114300003794], [-122.53163000027125, 37.89101399989742], [-122.5312820001167, 37.890788999869784], [-122.53102199982571, 37.890786999964135], [-122.53084799974843, 37.890728999840825], [-122.53048899972322, 37.89059500026124], [-122.53006000027617, 37.890572999820236], [-122.52991999963577, 37.890567999686844], [-122.5293170001114, 37.890547999858924], [-122.5292610000349, 37.89054500034506], [-122.52886299965164, 37.89051500023729], [-122.52882500001681, 37.8905089997889], [-122.52840999991513, 37.89044900024065], [-122.52771000030637, 37.890270000199095], [-122.52740099961157, 37.89013399986074], [-122.52729799967942, 37.89008899979775], [-122.52697800001228, 37.88988300018216], [-122.52690600004225, 37.88982300012376], [-122.52669299960692, 37.88964299965531], [-122.52662200036012, 37.88958399972502], [-122.52641800014564, 37.88927900034085], [-122.5264039999019, 37.88924099992692], [-122.52636000041932, 37.88911999980288], [-122.52630099996973, 37.88872000001665], [-122.52628000005336, 37.888314999897865], [-122.52623599967244, 37.88806300005455], [-122.52622499980178, 37.8880410002749], [-122.52615899967954, 37.887899999758474], [-122.5259939998231, 37.887712000304155], [-122.52559799998798, 37.88746300016354], [-122.52483700027989, 37.88698599993433], [-122.52444599956931, 37.88667199999044], [-122.52408200041954, 37.886379999699095], [-122.52396400041877, 37.88654400018008], [-122.52411000000863, 37.88669000014536], [-122.5243970000638, 37.88714999977462], [-122.52416699991005, 37.887295999956244], [-122.52262000037946, 37.88828500029935], [-122.52093900005632, 37.889359000289936], [-122.51822400021354, 37.88667699967943], [-122.51753399975225, 37.887026999751406], [-122.51744400023885, 37.88707400027446], [-122.51724199967418, 37.88690699989385], [-122.51707799964267, 37.88691699994857], [-122.51716200020654, 37.888537999720725], [-122.517255000093, 37.88875000014689], [-122.51740099968285, 37.889082000015854], [-122.51750199996518, 37.88942000034335], [-122.51750199996518, 37.88943000005672], [-122.51750500033822, 37.88945999989768], [-122.51750600016315, 37.88947099993084], [-122.51750600016315, 37.88948100034624], [-122.51750199996518, 37.88951300010673], [-122.51750100014027, 37.88952400013198], [-122.51749899959212, 37.889533000215806], [-122.51749500029248, 37.88956199969088], [-122.51749399956925, 37.88957200009392], [-122.51744199969072, 37.889691999861896], [-122.51734499960635, 37.88995200022427], [-122.51730899962133, 37.89002199981051], [-122.5170950002594, 37.89044200018387], [-122.51700800022077, 37.89086799999877], [-122.51693799990058, 37.891256999693695], [-122.51692700002992, 37.89141700016898], [-122.51689400041795, 37.89190400013596], [-122.5167999998083, 37.89313499995796], [-122.5165730000276, 37.896121999912026], [-122.51663499995188, 37.89660899994508], [-122.51660900001258, 37.89682600023216], [-122.51621300017747, 37.89799599999158], [-122.51619499973582, 37.8982250000833], [-122.51614299985725, 37.89891200033667], [-122.51612600013884, 37.89914199989885], [-122.51611199989512, 37.89933399999377], [-122.51603400007733, 37.900062999647574], [-122.51605099979578, 37.90006099999386], [-122.51642400006467, 37.900036999891995], [-122.51620999980442, 37.90035699989752], [-122.51607000006233, 37.90056800013905], [-122.51612899961357, 37.90126899997097], [-122.51613799983438, 37.901284000316075], [-122.51621400000239, 37.90140699991168], [-122.516445999806, 37.90163800034283], [-122.51718200029805, 37.902310999944945], [-122.51752000040683, 37.90263600000948], [-122.51770700000458, 37.902761999905785], [-122.51798999986181, 37.90295300033857], [-122.51824500012994, 37.90323600028368], [-122.51839400009287, 37.90329999988243], [-122.51884299963143, 37.90349199976236], [-122.51899300031756, 37.903556999981085], [-122.5189830002718, 37.90360399987447], [-122.5189680002032, 37.90379500024833], [-122.51931499963452, 37.903824999905744], [-122.5192639995809, 37.904702999773015], [-122.51962000013135, 37.904725999652975], [-122.51956900007774, 37.90520800032128], [-122.51952100039719, 37.90567900022285], [-122.52002400036241, 37.905680999723906], [-122.52368800023426, 37.905779000017155], [-122.52397100009148, 37.905832999920406], [-122.52396400041877, 37.90629000014023], [-122.52387800020503, 37.90627799968842], [-122.52385499974054, 37.90627500010671], [-122.52371699964826, 37.90626299965244], [-122.5235169996317, 37.90736200023982], [-122.52306200024535, 37.90735400029161], [-122.52278400041101, 37.90734999996283], [-122.5223450000199, 37.90734200001332], [-122.52102799974477, 37.90732000032491], [-122.52058900025192, 37.90731299974611], [-122.52035400007527, 37.90731000020666], [-122.52018900021883, 37.90730900012384], [-122.51974800017788, 37.90731499991156], [-122.51965199991841, 37.90733099981554], [-122.51942099993973, 37.9073710002691], [-122.51903400032546, 37.90748300014752], [-122.5180800002735, 37.90775999993102], [-122.5178700002112, 37.90780800005103], [-122.51783199967807, 37.90781800010165], [-122.5176790004155, 37.90784600009431], [-122.5175170000338, 37.90784800024526], [-122.51747199982796, 37.90784199979223], [-122.5173420001316, 37.90813099979335], [-122.51722599978065, 37.9083900001664], [-122.51657600040063, 37.90822800029711], [-122.51626900025397, 37.90815199987671], [-122.51602800022954, 37.90813500007966], [-122.515307999631, 37.908083999956304], [-122.5150680003298, 37.90806700014354], [-122.51490400029827, 37.908058000199404], [-122.51463099958849, 37.90804399989035], [-122.51448300034879, 37.908036000016295], [-122.5144120002037, 37.9080319997246], [-122.51424899999706, 37.90802299977617], [-122.51421399983695, 37.908103999981115], [-122.51411199972974, 37.90835000026686], [-122.51407800029287, 37.908432000179324], [-122.51406700042222, 37.90845699973685], [-122.51403499973684, 37.90853399990832], [-122.51402499969107, 37.90856000020579], [-122.51401700019349, 37.90857799997017], [-122.51400299994978, 37.90861200006433], [-122.51399399972894, 37.90863199994558], [-122.51398600023136, 37.90864999969233], [-122.51412099995056, 37.908859000130875], [-122.51422300005783, 37.9090179998498], [-122.51430500007358, 37.909146000274305], [-122.51526199960024, 37.910634999713956], [-122.51558200016572, 37.911131999702256], [-122.5155600004244, 37.911143000040454], [-122.51549900032502, 37.91123599999945], [-122.51546699963966, 37.911287000064156], [-122.51545099974615, 37.91145799981483], [-122.51548799955607, 37.91162999990083], [-122.51551699986837, 37.91176400016711], [-122.51554899965545, 37.911910999744805], [-122.51557700014284, 37.91204000011577], [-122.51563200039443, 37.912093999676465], [-122.51567699970197, 37.91217799970181], [-122.51571699988492, 37.912324999869696], [-122.51572799975557, 37.9124719997439], [-122.51581599961912, 37.91240100023189], [-122.5159339996199, 37.912475999794246], [-122.51620399995663, 37.912826999819885], [-122.51627199972872, 37.91297000008514], [-122.51737300009374, 37.91528499985588], [-122.51750500033822, 37.91556200003042], [-122.51763500003457, 37.91609500014871], [-122.51766900036976, 37.916178999857635], [-122.51768199989024, 37.91626999990648], [-122.51769600013392, 37.916368000269316], [-122.51790700002115, 37.9167670000948], [-122.51798700038708, 37.916918000114336], [-122.5179830001891, 37.916931000200066], [-122.51819599972612, 37.91741200034], [-122.51834899988702, 37.91775799978771], [-122.5184259998799, 37.917741000084305], [-122.51856899999504, 37.917709999781344], [-122.51874399989721, 37.91772399966829], [-122.51924600003757, 37.91768199999934], [-122.5197709997441, 37.917636999770615], [-122.51994900001932, 37.91760899996087], [-122.52005799979928, 37.91759999976664], [-122.52016199955634, 37.917593000166015], [-122.52032499976298, 37.91757699965904], [-122.52062500023695, 37.91754899982646], [-122.52083600012415, 37.9175229998711], [-122.52139299961775, 37.91745699999775], [-122.52138699976996, 37.91744000022478], [-122.5218689998188, 37.91737999995251], [-122.52213499995759, 37.917213000295256], [-122.52236799958608, 37.91713200019763], [-122.52237900035506, 37.91712699974247], [-122.52244200010425, 37.91710400019565], [-122.52255199970912, 37.91712599979315], [-122.52258900041733, 37.91713100024839], [-122.52262700005218, 37.91718800016966], [-122.52293699967356, 37.91714900004179], [-122.52302200006238, 37.917153999786755], [-122.52313400021538, 37.9172030001043], [-122.52361500043932, 37.91712599979315], [-122.52402299996999, 37.917123999894436], [-122.52449800034616, 37.917122999945086], [-122.52508999999986, 37.91711700024851], [-122.52520399980266, 37.91711700024851], [-122.52550000007871, 37.91711600029906], [-122.52577100024033, 37.91711500034954], [-122.5262750000305, 37.916900000264356], [-122.52705300035537, 37.916568999679306], [-122.5277489997661, 37.916274999711206], [-122.52778899994911, 37.916256999703926], [-122.52829399956417, 37.91604399987372], [-122.52849799977866, 37.91615899990192], [-122.52857200029682, 37.9161999997699], [-122.52940699962478, 37.91666800030802], [-122.52968600018235, 37.91682500025162], [-122.52976599964997, 37.9168580001249], [-122.53000800039761, 37.9169590002679], [-122.53008899969016, 37.91699300003224], [-122.53019599982028, 37.917098999738585], [-122.53023099998039, 37.91713300014692], [-122.53048700007344, 37.91738600033627], [-122.53051999968538, 37.9174180000125], [-122.53062799964042, 37.91752499975897], [-122.53074499981626, 37.917550999713626], [-122.53099099986358, 37.917660999801555], [-122.53109799999369, 37.91773700032026], [-122.53121500016954, 37.91782100028004], [-122.5317039998911, 37.91794699968552], [-122.53187399977043, 37.9179339997793], [-122.5323099997885, 37.91797799988859], [-122.53261600011027, 37.91795599983723], [-122.53275300037762, 37.91794699968552], [-122.53302199999112, 37.91799700012094], [-122.53310099963383, 37.9180740002289], [-122.53324299992406, 37.91782100028004], [-122.53414000007461, 37.91898700032564], [-122.53690099994812, 37.92035900024376], [-122.53693699993312, 37.92035900024376], [-122.53702599962159, 37.92036999991085], [-122.53710699981244, 37.920407999843384], [-122.53709199974384, 37.92046599996366], [-122.53701899994891, 37.920592999700666], [-122.53699200018472, 37.92068800027012], [-122.53695799984953, 37.92100799975622], [-122.53698899981167, 37.9212959998748], [-122.53744999994413, 37.92085000033898], [-122.53829600004103, 37.92138699997059], [-122.53846300044562, 37.92146699974377], [-122.53871100014274, 37.92164100029637], [-122.5388480004101, 37.92189999987586], [-122.53891899965689, 37.92191600015103], [-122.53911299982565, 37.92196000000401], [-122.53933299993368, 37.92198599980812], [-122.53938999983508, 37.9219979998236], [-122.539434000216, 37.92202699997111], [-122.53959999989736, 37.92212000034259], [-122.53961800033902, 37.92212299998686], [-122.53968500028616, 37.92213300021752], [-122.53976599957872, 37.92211600010804], [-122.5398569998153, 37.9220759998767], [-122.53997499981607, 37.9220250002057], [-122.54016099958893, 37.921996000057355], [-122.54033399984128, 37.92202199984874], [-122.54042000005501, 37.922032000093125], [-122.54056300017014, 37.92202400032292], [-122.54059199958415, 37.922020000083194], [-122.54074700029315, 37.92200000029843], [-122.54084100000448, 37.9219979998236], [-122.54089200005811, 37.921886000075105], [-122.5445810000443, 37.92183399967834], [-122.54537799973741, 37.92181899997956], [-122.54609800033597, 37.92180799982048], [-122.5481789997939, 37.92177500004222], [-122.54868500013221, 37.92176399987657], [-122.54939499978668, 37.92175099993642], [-122.5519570003669, 37.92168799997587], [-122.5527690001286, 37.92166899998845], [-122.55282799967985, 37.923681999825206], [-122.55287100023585, 37.92554400011576], [-122.55306600022953, 37.92554099990243], [-122.55302699987148, 37.92601100018162], [-122.55303100006942, 37.92612300002503], [-122.553042999765, 37.92645999977133], [-122.55304699996297, 37.92657300016892], [-122.55308100029816, 37.926771999688185], [-122.55318300040541, 37.927372999923286], [-122.55321900039041, 37.927575000242136], [-122.55324399960647, 37.92757200011167], [-122.55325600020034, 37.92757200011167], [-122.55331899994954, 37.92756100010463], [-122.55334400006389, 37.9275579999736], [-122.5554220000471, 37.92787000019138], [-122.55926699966892, 37.927667000168356], [-122.55942999987552, 37.927795999832554], [-122.55957700018861, 37.92791899974648], [-122.55959800010503, 37.92792800009504], [-122.55968400031875, 37.92798800026481], [-122.55972299977849, 37.92801599966595], [-122.55975000044096, 37.92803500013925], [-122.55979200027379, 37.92826800017364], [-122.55981099964202, 37.92837200033383], [-122.55983900012941, 37.928529000092595], [-122.55991000027456, 37.928923000186174], [-122.55988000013731, 37.92899899969515], [-122.55982400006084, 37.929150000108706], [-122.55980700034239, 37.92919600016368], [-122.55987900031242, 37.92935000023072], [-122.5600480003668, 37.92944899995157], [-122.56006000006238, 37.92945599984093], [-122.56022300026898, 37.92945800011283], [-122.56031000030764, 37.92941699984166], [-122.56032399965301, 37.92940900016628], [-122.56036700020904, 37.92938900026547], [-122.56038200027764, 37.92938300015246], [-122.56045300042275, 37.92905600033819], [-122.56047699981389, 37.92821500023981], [-122.56058800014198, 37.9279850001512], [-122.5606040000355, 37.927970000289896], [-122.56070100011988, 37.92788400027005], [-122.56073200008201, 37.92781799977462], [-122.56073000043219, 37.927721000302476], [-122.56068799970109, 37.92764299985984], [-122.56061300025634, 37.92756999978841], [-122.56049199988252, 37.92753100020591], [-122.56037300005683, 37.92750299991148], [-122.56030699993458, 37.92746299977608], [-122.56028900039124, 37.92745199975275], [-122.560251999683, 37.927424999946126], [-122.56021300022326, 37.927397000319935], [-122.56015799997168, 37.927323000193645], [-122.56015499959862, 37.92726499981276], [-122.56015299994878, 37.92719900017888], [-122.56011500031396, 37.92695500020212], [-122.56008299962859, 37.926747999796085], [-122.5600979996972, 37.92664499999305], [-122.56017899988805, 37.92653999969452], [-122.56022800029187, 37.926499999743825], [-122.56036399983601, 37.92638600011919], [-122.5603930001483, 37.92633899989928], [-122.56039700034627, 37.926257999932254], [-122.560371000407, 37.92617500022334], [-122.56032000035337, 37.92612499967906], [-122.56012100016176, 37.925928000193956], [-122.56007400030609, 37.9258450001126], [-122.56002400007738, 37.92571599985988], [-122.55999499976504, 37.925621000116855], [-122.55998700026743, 37.92551999982283], [-122.56001200038182, 37.92540699993284], [-122.56010500026822, 37.925314000175234], [-122.56020900002528, 37.92527199988046], [-122.56023699961439, 37.925261000237946], [-122.56037899990459, 37.92525600033547], [-122.5605529999819, 37.925287000292165], [-122.5606450000434, 37.92529899976903], [-122.5607379999298, 37.92530100015408], [-122.5608430004101, 37.92528800013058], [-122.56098399997711, 37.92525700017425], [-122.5611749997728, 37.925224999657104], [-122.56139999990371, 37.92520699971435], [-122.56210700008346, 37.925214000007514], [-122.56225000019856, 37.925234000335415], [-122.56250799994146, 37.92532899986982], [-122.56259400015517, 37.92535499990003], [-122.56271999965355, 37.92535499990003], [-122.56282699978367, 37.92532300013409], [-122.56291499964722, 37.925253999949206], [-122.56294399995954, 37.92518300002005], [-122.56294499978446, 37.92515600008887], [-122.5629480001575, 37.92505800009793], [-122.56296400005104, 37.92494699989259], [-122.56304600006678, 37.92484900033167], [-122.56324699990824, 37.924728999780434], [-122.56336099971107, 37.92468600001355], [-122.56349200013061, 37.92461900034315], [-122.56355900007777, 37.92457199970242], [-122.56360400028362, 37.9245090000327], [-122.56360500010854, 37.924433999984366], [-122.5635740001464, 37.924372999898075], [-122.56352499974258, 37.92433200033443], [-122.56347200003913, 37.92432499995725], [-122.56336999993188, 37.92432800022019], [-122.56308700007467, 37.92437600015907], [-122.56293800011174, 37.924391000044984], [-122.56281500008811, 37.92439699985675], [-122.56269399971428, 37.92438600008335], [-122.5625880003074, 37.924343000115904], [-122.56249700007079, 37.92429299974313], [-122.56241800042808, 37.924220999741806], [-122.56209299983976, 37.92373600005145], [-122.56203599993835, 37.9237000001412], [-122.56199699958029, 37.92365699977262], [-122.56198200040997, 37.92356599965125], [-122.56199800030352, 37.92349000019556], [-122.56198800025776, 37.92342499987153], [-122.562046999809, 37.92340499976024], [-122.56208399961889, 37.923368999688], [-122.56219900014496, 37.92332199966554], [-122.56241099985708, 37.92327899978456], [-122.56283500017959, 37.92319299994709], [-122.56290999962435, 37.92318799990401], [-122.56301799957939, 37.92321200024942], [-122.56308899972447, 37.923251999862906], [-122.56317099974027, 37.9233090000008], [-122.56324100006046, 37.923341999799405], [-122.5633990002442, 37.92335600003157], [-122.56356099972761, 37.92334299966421], [-122.56370999969052, 37.923318000205], [-122.56386200002648, 37.92327299988152], [-122.56399300044603, 37.923223000198426], [-122.5642090003561, 37.92306599973956], [-122.56431300011319, 37.922970000246224], [-122.56440799964943, 37.922871000305236], [-122.56445899970305, 37.92279199980579], [-122.56452900002326, 37.92271200005674], [-122.56469899990259, 37.92248799972945], [-122.5647440001084, 37.92240799964965], [-122.56473099968962, 37.92233199970584], [-122.56467600033635, 37.92223799972263], [-122.56457599987893, 37.92214299973817], [-122.56453700041918, 37.92210900022861], [-122.56448800001536, 37.922066000346945], [-122.56445899970305, 37.92201200031169], [-122.56443799978668, 37.921853000331836], [-122.56444899965733, 37.92178600020617], [-122.56442600009109, 37.92171599965006], [-122.5643929995808, 37.92166499972935], [-122.56426200005956, 37.9215730000887], [-122.56393200034668, 37.9213619998465], [-122.56386700004934, 37.92132999976023], [-122.56380400030015, 37.921308000002924], [-122.56374200037585, 37.92130199993908], [-122.5636949996219, 37.921302999831674], [-122.56364100009354, 37.921314000066225], [-122.56359000003992, 37.921338000314584], [-122.56352300009276, 37.92138500018774], [-122.56328799991611, 37.92151600002249], [-122.5632019997024, 37.921534000160065], [-122.56310899981597, 37.92152100017926], [-122.56290700014961, 37.921481000332896], [-122.56267000032315, 37.92142599997718], [-122.56249200004792, 37.92139200013614], [-122.5624069996591, 37.92136899979704], [-122.56216399998485, 37.92123300023314], [-122.56200999999908, 37.92118199997748], [-122.5619499997246, 37.92110999976479], [-122.56193200018126, 37.92100199966791], [-122.56195800012053, 37.920899000320134], [-122.56201900021989, 37.9208189999291], [-122.56211999960392, 37.92074500026941], [-122.56226199989415, 37.92060699974757], [-122.56229700005426, 37.92047000028792], [-122.56228600018359, 37.92033299986444], [-122.56227500031294, 37.92025899971576], [-122.56230399972694, 37.920176000322265], [-122.56236099962837, 37.92010000019786], [-122.56238099971984, 37.92010299992452], [-122.56243000012363, 37.920088999781726], [-122.56253100040595, 37.920047999955536], [-122.56261099987361, 37.92003399980228], [-122.56269999956207, 37.92004500022664], [-122.56303500019612, 37.920155000127906], [-122.56310399979313, 37.9201649999175], [-122.5631659997174, 37.920174999705736], [-122.56328200006836, 37.92015099978651], [-122.56336599973393, 37.920099000288914], [-122.5634000000691, 37.92003000016292], [-122.56340799956673, 37.91998200022201], [-122.56338199962747, 37.91991700034058], [-122.56330899983251, 37.91983200002742], [-122.56311499966377, 37.91965999998524], [-122.56298300031759, 37.91955700017535], [-122.56290399977657, 37.919424999767735], [-122.56288399968508, 37.919307000126196], [-122.56290600032469, 37.91917599990002], [-122.56290399977657, 37.91911700025753], [-122.56287299981443, 37.919021999784775], [-122.56277800027819, 37.91893899970397], [-122.56265600007944, 37.918877000094824], [-122.56235999980345, 37.91876599977243], [-122.56230299990202, 37.91871900035155], [-122.56227699996278, 37.918673000120314], [-122.56227000029007, 37.91863499999997], [-122.56226600009212, 37.918613000145186], [-122.56227899961257, 37.91854300011233], [-122.56234599955972, 37.91846699971778], [-122.5625899999572, 37.918352999687336], [-122.5627649998594, 37.91829799982705], [-122.56289100025609, 37.918291000292854], [-122.56297499992168, 37.91830100033588], [-122.56305899958726, 37.91833700005437], [-122.56314899999894, 37.91840700028328], [-122.56319099983175, 37.91851799973011], [-122.56321199974813, 37.918725999845016], [-122.56323000018979, 37.91878299994755], [-122.56334399999263, 37.91892200027353], [-122.56337199958173, 37.91896499986747], [-122.56338099980255, 37.919034000283936], [-122.56337199958173, 37.91917899966437], [-122.56337999997763, 37.91922899997094], [-122.56345799979545, 37.919363999778504], [-122.56362299965188, 37.919589000324365], [-122.56391399990503, 37.91996700014544], [-122.5639549999129, 37.920011999657234], [-122.56400099994364, 37.9200390000598], [-122.56407000043893, 37.92005699985022], [-122.5642300002725, 37.920055999940736], [-122.56440000015184, 37.92004299969867], [-122.56451300012974, 37.92001799982632], [-122.56467700016127, 37.919944999980366], [-122.56478199974323, 37.91991299998624], [-122.56486399975903, 37.919906999808596], [-122.5649409997519, 37.919918000251954], [-122.5650129997219, 37.91993899980537], [-122.56506899979843, 37.91996800005612], [-122.56519199982208, 37.92016200019338], [-122.56530200032523, 37.92031799985948], [-122.56544299989224, 37.92040999965282], [-122.56559799970294, 37.92045199988992], [-122.565673000046, 37.9204770003234], [-122.56581199996317, 37.92057300023655], [-122.56593699963665, 37.920633000030016], [-122.5660899997975, 37.920643999656114], [-122.5662150003693, 37.92062600000937], [-122.56675400031955, 37.92050900007218], [-122.56680299982503, 37.92049900032935], [-122.56699299979586, 37.920465000059686], [-122.56710199957578, 37.92046799977151], [-122.56723200017045, 37.9205099999755], [-122.56735099999612, 37.9206049999435], [-122.56739000035418, 37.92064999977364], [-122.56746200032421, 37.92078300000819], [-122.567504000157, 37.92084600003539], [-122.56754299961676, 37.92088199992545], [-122.56762100033285, 37.92091699990006], [-122.56776299972478, 37.920950000063385], [-122.56789499996927, 37.920987999696244], [-122.56792400028158, 37.92100199966791], [-122.56798299983281, 37.921030000311916], [-122.56802600038883, 37.92106400032032], [-122.56810500003155, 37.921153000205415], [-122.56817600017666, 37.92121599991561], [-122.56824800014668, 37.92125799969243], [-122.56835100007883, 37.92129699976748], [-122.56838700006385, 37.92130000015396], [-122.56841100035331, 37.92130199993908], [-122.56852199978304, 37.921274000107324], [-122.56863099956301, 37.9212229998801], [-122.56870500008117, 37.92121300023436], [-122.56887599978539, 37.921237999700494], [-122.56918100028223, 37.92134799994333], [-122.56941899993362, 37.92146400007275], [-122.56950799962208, 37.92146599985346], [-122.56968199969934, 37.921425000086316], [-122.56982300016465, 37.921374999855416], [-122.5699729999525, 37.92127300021434], [-122.57001800015831, 37.92124299987616], [-122.5701029996488, 37.92116399975375], [-122.5701500004028, 37.92112000013319], [-122.57013100013624, 37.92086199983121], [-122.5701019998239, 37.92079700001893], [-122.57002499983103, 37.920621999693594], [-122.56996000043199, 37.92050499974999], [-122.56994600018828, 37.9204889998765], [-122.56987800041622, 37.920407999843384], [-122.56960600042966, 37.920199000325795], [-122.56954500033028, 37.92011299972119], [-122.56951799966781, 37.92001799982632], [-122.56951299964494, 37.91991200007476], [-122.56956100022384, 37.919823000105204], [-122.56963900004163, 37.919765000186516], [-122.5697059999888, 37.91972300026575], [-122.56982599963938, 37.91965000012698], [-122.57001499978529, 37.91956999979466], [-122.56928699968913, 37.91914199972747], [-122.56920300002352, 37.91909200007042], [-122.56649800022653, 37.918141000192875], [-122.56647099956403, 37.91789799986361], [-122.5664210002336, 37.91773299984735], [-122.56649300020364, 37.91761299973189], [-122.56663499959556, 37.91759100028004], [-122.56653699968628, 37.917433999845386], [-122.56653199966341, 37.91741099968588], [-122.56648700035588, 37.91729299964794], [-122.5665169995948, 37.91719499980883], [-122.56661100020443, 37.91714999999084], [-122.56663600031878, 37.91710300024603], [-122.56663399977064, 37.91703200024283], [-122.56660000033378, 37.916918000114336], [-122.56657900041738, 37.91680299985539], [-122.56661500040238, 37.916673000085694], [-122.56683700016025, 37.9163350001762], [-122.56692900022175, 37.9162369997694], [-122.56709099970513, 37.91600799974165], [-122.5672089997059, 37.91589100025385], [-122.56730800033843, 37.915846000346754], [-122.56746300014913, 37.91583999983737], [-122.56759500039361, 37.91586299977946], [-122.56782899984702, 37.91592899966574], [-122.567941, 37.915960999975844], [-122.56808300029023, 37.91601600016623], [-122.56822399985724, 37.916056000150064], [-122.56834799970581, 37.916079000024574], [-122.56853100000389, 37.91597900005556], [-122.56863300011116, 37.91591300021415], [-122.56870699973099, 37.91583999983737], [-122.56875399958668, 37.915705999908624], [-122.56872400034774, 37.91563499997438], [-122.56877799987609, 37.91558699999995], [-122.5687979999676, 37.91549699978633], [-122.56875299976176, 37.91535100026076], [-122.56871099992895, 37.915171999830505], [-122.56863999978385, 37.9150410000354], [-122.56846099968371, 37.91478600032241], [-122.56828699960643, 37.91458800024411], [-122.56814900041248, 37.914457000117714], [-122.56812799959776, 37.91441100005586], [-122.56814600003945, 37.91437399984653], [-122.56819600026816, 37.914349000173466], [-122.56861899986745, 37.91441300002829], [-122.56893699988477, 37.9144510002037], [-122.56931199980347, 37.914455000146425], [-122.56942099958343, 37.91444200033177], [-122.56960300005663, 37.914457000117714], [-122.56972400043045, 37.914436999693734], [-122.56985099975375, 37.9142619998274], [-122.56993600014255, 37.91420699974298], [-122.57001899998322, 37.91413699976925], [-122.57009099995324, 37.914138999749184], [-122.57068500015511, 37.91469399987268], [-122.57101700041612, 37.914355000095746], [-122.57109500023392, 37.91389399967774], [-122.57133799990818, 37.91359399966493], [-122.5721770003324, 37.91415400030559], [-122.57297700039855, 37.91354199978399], [-122.57301900023135, 37.91344899990528], [-122.5731000004222, 37.91327199981125], [-122.57240199956496, 37.9127690000543], [-122.57335700034014, 37.9120040001504], [-122.57368899970285, 37.91170600027221], [-122.57378400013741, 37.91163199994892], [-122.57530399990378, 37.911562999676136], [-122.57588100038721, 37.91147200018299], [-122.57643600023097, 37.91109399993859], [-122.57652400009452, 37.91098600001832], [-122.57653400014027, 37.91070999965921], [-122.5766210001789, 37.91055600024652], [-122.57674800040051, 37.91044800024519], [-122.5768739998989, 37.910386999898776], [-122.57703100025775, 37.91052499975051]], [[-122.5261779999461, 37.904570000233875], [-122.5261489996338, 37.904877000288714], [-122.52606300031837, 37.90579899995969], [-122.52603499983098, 37.90610699994784], [-122.52602200031048, 37.906231000085334], [-122.52598700015042, 37.90660600022993], [-122.5259860003255, 37.90662499985559], [-122.5259379997466, 37.90672100012764], [-122.52590699978447, 37.90678099987965], [-122.52581600044617, 37.9069639998134], [-122.52578600030894, 37.907025000162676], [-122.52543899997933, 37.90705100028459], [-122.5247550002641, 37.90710399987761], [-122.52439899971365, 37.9071310000568], [-122.52405300010723, 37.907158000226076], [-122.52410699963558, 37.90706500007379], [-122.52427200039035, 37.90678699971036], [-122.52432699974362, 37.90669499988912], [-122.52436500027675, 37.9066319997911], [-122.52447999990447, 37.90644500007117], [-122.52451900026256, 37.90638299985446], [-122.52460100027832, 37.906258999973105], [-122.52464200028622, 37.90619799969759], [-122.52466499985243, 37.9061569999255], [-122.52469400016473, 37.90611800032855], [-122.52484599960239, 37.90588799988617], [-122.52492900034137, 37.905764999983276], [-122.52492900034137, 37.90575300015458], [-122.52492900034137, 37.905719000156914], [-122.52492900034137, 37.9057079997165], [-122.52507699958106, 37.90547599990357], [-122.52552199982, 37.90478099973733], [-122.5256709997829, 37.904549999957304], [-122.52577200006525, 37.904553999729536], [-122.52607599983885, 37.90456599975369], [-122.5261779999461, 37.904570000233875]]]}}, {"type": "Feature", "properties": {"name": "Ross", "region": "southern_marin", "geoid": "0662980", "source": "US Census TIGERweb ACS2025 Places (layers 4,5)", "role": "place"}, "geometry": {"type": "Polygon", "coordinates": [[[-122.58262999999766, 37.96766499980168], [-122.58263699967037, 37.96635699966071], [-122.58262499997478, 37.966355999672764], [-122.58058999964928, 37.96610800012704], [-122.57776799967638, 37.96575600022459], [-122.57793199970791, 37.9652659998002], [-122.57898600021731, 37.96257399968943], [-122.57554800030127, 37.95928499965657], [-122.5733039997384, 37.95854600028725], [-122.57226500019593, 37.958203999831554], [-122.5722690003939, 37.95815999971528], [-122.57237899999875, 37.957919000123994], [-122.57239400006736, 37.95788500016207], [-122.5725020000224, 37.9576480000946], [-122.57251799991595, 37.95763099969873], [-122.57265299963514, 37.957610000287566], [-122.57281400019191, 37.957459000263654], [-122.5734450002037, 37.95715300024832], [-122.57389100026752, 37.95635700000056], [-122.5738539995593, 37.95611199965012], [-122.57058999972051, 37.955716999966164], [-122.57017299996903, 37.95566699968434], [-122.56906400010638, 37.95578900028384], [-122.56870799955591, 37.95581899998219], [-122.56875199993684, 37.95685000001856], [-122.5687579997846, 37.95699000002529], [-122.56874000024128, 37.95699100014073], [-122.56814400038961, 37.95701500007432], [-122.56797000031236, 37.95702300028648], [-122.56794400037306, 37.95702300028648], [-122.56771599986912, 37.95703400013418], [-122.56769199957965, 37.95702900026802], [-122.56742799998905, 37.956997000124844], [-122.56740200004975, 37.95687299988118], [-122.56739500037708, 37.95684199978754], [-122.56738299978318, 37.95677800003266], [-122.56728900007185, 37.9567869996806], [-122.56719500036051, 37.95674200001319], [-122.56672500000724, 37.95651799996801], [-122.56635699976121, 37.95630499990488], [-122.56622600023996, 37.956229000298144], [-122.56596299957592, 37.956076000012544], [-122.56593400016189, 37.956079999815735], [-122.56584999959802, 37.95609400018766], [-122.56582299983383, 37.956100000245094], [-122.565709000031, 37.956134000325], [-122.56558900038041, 37.956123000342515], [-122.56553400012884, 37.95611899983334], [-122.56536500007442, 37.95609599973467], [-122.56518199977633, 37.95600399997619], [-122.56508800006499, 37.95590399976929], [-122.5649890003308, 37.955790999839095], [-122.5649480003229, 37.955742999872584], [-122.56486999960678, 37.95567600017674], [-122.56480100000981, 37.955654000073], [-122.5647089999483, 37.95564199988483], [-122.56468100035922, 37.95564199988483], [-122.56464100017624, 37.95564199988483], [-122.56446899974881, 37.95563300009659], [-122.56436800036478, 37.95559700022425], [-122.56434200042551, 37.955587999722184], [-122.56429399984661, 37.955570000131374], [-122.56423199992234, 37.95554799999588], [-122.56376699959193, 37.95537900034504], [-122.563589000215, 37.95531200031722], [-122.56326299980176, 37.955315000023724], [-122.56179800028696, 37.95535100003428], [-122.56160999996597, 37.955358999719415], [-122.56161099979089, 37.95551200008189], [-122.56161099979089, 37.9556949998747], [-122.56143400023888, 37.95577499985373], [-122.561321000261, 37.95576399981753], [-122.56112399971917, 37.95578300020101], [-122.56099400002284, 37.95573400009672], [-122.56098200032729, 37.95573599965348], [-122.56078200031072, 37.95577499985373], [-122.56070399959464, 37.95578999970732], [-122.56061400008126, 37.9558129999018], [-122.56052100019481, 37.95579800005296], [-122.5604349999811, 37.9557689997698], [-122.56026599992668, 37.95569899969865], [-122.5601610003447, 37.955665000125656], [-122.56014100025322, 37.95565799989917], [-122.55989000018307, 37.95557500009685], [-122.55976700015941, 37.95551499978028], [-122.55966599987707, 37.955455000123], [-122.55961300017361, 37.9554600000963], [-122.55942599967757, 37.955497000171576], [-122.55928500011056, 37.955525999853805], [-122.5591190004292, 37.95551499978028], [-122.55904099971309, 37.95550999981071], [-122.55870500015244, 37.95544299990233], [-122.55860399987009, 37.955424000139175], [-122.55846800032597, 37.95538900030171], [-122.55827199960906, 37.95536599997445], [-122.55810699975264, 37.9553249999891], [-122.55796100016275, 37.95526199975971], [-122.55792500017775, 37.955323999850975], [-122.55773100000897, 37.95566699968434], [-122.55767800030553, 37.95576399981753], [-122.55759299991672, 37.95591499978452], [-122.55754600006107, 37.9559940001033], [-122.557470999718, 37.95610199979188], [-122.5573860002275, 37.95622099999944], [-122.55721899982291, 37.95645700029904], [-122.5571540004239, 37.9564879998469], [-122.55707099968492, 37.95649100021369], [-122.55691599987424, 37.956537000156494], [-122.55684999975199, 37.95656999991295], [-122.55678500035299, 37.95660399977529], [-122.55666499980403, 37.956720000228735], [-122.55646099958953, 37.95696800031512], [-122.55640399968814, 37.95703500024902], [-122.55614299957224, 37.95735600028975], [-122.55607599962507, 37.95754200006191], [-122.55604700021108, 37.957520999917044], [-122.55599399960931, 37.957481999935574], [-122.55584700019455, 37.9573740001512], [-122.55575299958488, 37.95731499999865], [-122.55561700004077, 37.95723099983166], [-122.55557299965984, 37.957288999940374], [-122.55530700041938, 37.957461999882526], [-122.55534900025216, 37.957507999925525], [-122.55550300023795, 37.95767199981344], [-122.55479299968515, 37.95793500035062], [-122.5546689998366, 37.95769400002105], [-122.55459500021675, 37.95774400033958], [-122.55405000041871, 37.95791100000937], [-122.55330499970583, 37.95816400011328], [-122.55373400005124, 37.958983999899516], [-122.55360199980673, 37.959026000054955], [-122.55339099991956, 37.95909300023637], [-122.5532620000481, 37.95897399972406], [-122.55325000035255, 37.958978000077735], [-122.55323699993374, 37.95895199989987], [-122.55315499991801, 37.95897200025541], [-122.55321199981941, 37.95905499976043], [-122.5532689997208, 37.95918499966705], [-122.55337800039908, 37.95944999990817], [-122.55338000004889, 37.95945899993699], [-122.55333999986591, 37.95946200018246], [-122.5531969997508, 37.959473999746464], [-122.55284500029659, 37.95950299998333], [-122.55282500020512, 37.95952200010785], [-122.55272700029582, 37.9595349997429], [-122.55256499991413, 37.95970299966848], [-122.55248500044648, 37.95974099980913], [-122.55249799996696, 37.95984099974986], [-122.55221699975957, 37.960113000259625], [-122.55148399964054, 37.96080800020494], [-122.55145400040165, 37.960788000349396], [-122.55143500013507, 37.960843000293224], [-122.55139300030227, 37.96096800026991], [-122.5512340002936, 37.96112100028038], [-122.55102000003338, 37.96132900026019], [-122.55089799983463, 37.96129300034674], [-122.55079599972738, 37.96122900022085], [-122.55073700017614, 37.96116099980469], [-122.54966199975036, 37.960447999846714], [-122.54917999970154, 37.96012900000823], [-122.54906000005091, 37.960058999842744], [-122.54896499961639, 37.96016499978406], [-122.54867599991137, 37.96005600032994], [-122.54842900003916, 37.95996299979059], [-122.54816999957306, 37.95981499987751], [-122.54809900032627, 37.95977300017328], [-122.5479729999296, 37.95989500032697], [-122.54727199959763, 37.96059299970161], [-122.54700299998412, 37.960862000071074], [-122.54677299983035, 37.96109899968284], [-122.54659899975306, 37.961278000200515], [-122.54649099979802, 37.96132299992171], [-122.54614199981857, 37.961709000159395], [-122.54570300032576, 37.962197000150425], [-122.54534900032341, 37.96262100011055], [-122.54513000004032, 37.96289400027426], [-122.54506300009318, 37.96297999969794], [-122.5449049999094, 37.963102000189956], [-122.5447149999386, 37.96319400026439], [-122.54447499973908, 37.96328800028295], [-122.54439600009637, 37.96331999980972], [-122.54434699969258, 37.96333200015989], [-122.54429499981404, 37.96332700001423], [-122.54424700013347, 37.963304000048076], [-122.54422899969181, 37.96326600033457], [-122.54423399971468, 37.963226999862634], [-122.54427800009563, 37.96312300015549], [-122.54435099989055, 37.96297999969794], [-122.54437000015713, 37.96292399990352], [-122.54437500017997, 37.96287100017254], [-122.54434599986769, 37.962827000019374], [-122.54433800037008, 37.9628199997672], [-122.54430099966184, 37.96278900005903], [-122.54423899973754, 37.96277100010822], [-122.54416099991975, 37.96275800033773], [-122.54409800017056, 37.96277200014494], [-122.54390599965163, 37.96286399992455], [-122.54388800010828, 37.96287300024324], [-122.54341600010517, 37.963135999861365], [-122.54327399981494, 37.96319899971085], [-122.5432200002866, 37.96320900001925], [-122.5431740002558, 37.963206999957634], [-122.54309300006496, 37.96319600032629], [-122.54304399966117, 37.963169000193936], [-122.54298299956179, 37.9630830002834], [-122.54295099977476, 37.96297999969794], [-122.54289200022352, 37.9629090000904], [-122.54281699988046, 37.96287100017254], [-122.54278900029136, 37.962858999747034], [-122.54274499991044, 37.9628399997776], [-122.54269499968171, 37.96281300022265], [-122.54263399958235, 37.96282499994737], [-122.54257599985603, 37.96285999978255], [-122.54240199977875, 37.96300699989979], [-122.54234099967941, 37.96303400009166], [-122.54226500040971, 37.96305800017522], [-122.54181500014792, 37.96313899995657], [-122.54170899984273, 37.96316600009995], [-122.54159699968972, 37.96321500020361], [-122.54140199969605, 37.96332900007251], [-122.54128200004546, 37.96341300034725], [-122.54114800015115, 37.96357599977154], [-122.54107199998316, 37.96363499985199], [-122.54100900023398, 37.963674000107225], [-122.54095700035543, 37.9636979999816], [-122.54093399989091, 37.96370500015003], [-122.54089600025607, 37.96371699972904], [-122.54082500011096, 37.96372699996684], [-122.54062799956915, 37.963718999776695], [-122.5405599997971, 37.96373300010894], [-122.54052100033735, 37.96376400012683], [-122.54047399958334, 37.96382700014578], [-122.54053700023086, 37.96386400025533], [-122.54057499986573, 37.96390199965938], [-122.54065299968352, 37.96405699996955], [-122.54069000039173, 37.96409900005664], [-122.54079699962355, 37.964157999716875], [-122.54081000004234, 37.96416799989467], [-122.54118099976311, 37.964234000325696], [-122.54130700015983, 37.96427200024646], [-122.54133700029705, 37.96426800018122], [-122.54135700038852, 37.964264000115705], [-122.5413690000841, 37.964261000066415], [-122.54148000041216, 37.964242999768224], [-122.54165600013927, 37.96422400015689], [-122.54161599995629, 37.96425099990128], [-122.54164299972047, 37.9642549999675], [-122.54168000042873, 37.96426500013209], [-122.54174700037586, 37.9642889998133], [-122.54178099981273, 37.964304000052714], [-122.54180099990424, 37.96432300035159], [-122.54187700007222, 37.964394000008404], [-122.54192300010295, 37.96442999981814], [-122.54195700043815, 37.96444800007047], [-122.5419890002252, 37.9644600002363], [-122.54203199988291, 37.96446600031845], [-122.5420660002181, 37.96446899965113], [-122.54210100037818, 37.96446700033209], [-122.5421380001881, 37.96446100025001], [-122.54217599982297, 37.96445100011213], [-122.54222500022674, 37.964434999888674], [-122.54228100030326, 37.964425999761445], [-122.54232200031115, 37.964425999761445], [-122.5423900000832, 37.96443299986048], [-122.54245000035765, 37.96444700005658], [-122.54249300001534, 37.96446400029109], [-122.54252300015257, 37.96447899978657], [-122.54260199979532, 37.96454099988764], [-122.54264600017625, 37.964577000333534], [-122.54267399976533, 37.96459699986541], [-122.54271700032133, 37.96462700021534], [-122.5427719996746, 37.96466399992178], [-122.54281500023062, 37.96469400024434], [-122.54285799988834, 37.96472699987679], [-122.54289200022352, 37.96475700017356], [-122.54283299977396, 37.964782999712696], [-122.54284100016991, 37.96479699984202], [-122.54285200004054, 37.96482300007518], [-122.54286200008629, 37.9648520003244], [-122.54286700010918, 37.96488299986989], [-122.542868999759, 37.964905000041995], [-122.54287499960675, 37.96494100030943], [-122.5428839998276, 37.96497099981058], [-122.5428970002464, 37.96499299995638], [-122.54291599961465, 37.965014000089354], [-122.54294999994984, 37.96503900023984], [-122.54298599993484, 37.96505300032035], [-122.54302000027003, 37.965062999668035], [-122.54306700012572, 37.965062999668035], [-122.54317099988278, 37.96505400032605], [-122.54323700000502, 37.965049000297654], [-122.5432980001044, 37.96504800029189], [-122.54334300031024, 37.96505200031471], [-122.54332400004365, 37.965073999728], [-122.54328499968561, 37.96512099996544], [-122.54323000033234, 37.96519300027086], [-122.54327899983781, 37.96519200026706], [-122.54330700032521, 37.96519400027459], [-122.54333099971635, 37.96519800028944], [-122.54335699965563, 37.965204000311296], [-122.54338000012014, 37.96521100033616], [-122.54341299973211, 37.96522399967238], [-122.54344600024238, 37.96524199973008], [-122.54356099987012, 37.965306999901806], [-122.54363899968791, 37.96535699999475], [-122.54368300006884, 37.965407000053595], [-122.54372499990164, 37.96546600007931], [-122.5437640002597, 37.965520000061254], [-122.54381399959011, 37.96558099999311], [-122.54387399986457, 37.96563199989724], [-122.54392300026836, 37.965661999824306], [-122.54398799966737, 37.96569199973911], [-122.54405399978961, 37.965711999675456], [-122.54412999995762, 37.9657270003324], [-122.54427300007274, 37.96575200024013], [-122.54440600014213, 37.96582699991219], [-122.54449700037873, 37.96607999965738], [-122.54474400025092, 37.96622599971268], [-122.54485300003088, 37.9662899997327], [-122.5450949998802, 37.966433000118094], [-122.54510699957576, 37.96643800005224], [-122.54525499971378, 37.966526000253914], [-122.54555799966248, 37.966919999895964], [-122.54547700036994, 37.9672340000991], [-122.54559899967037, 37.96754900034744], [-122.54542299994328, 37.96753000017518], [-122.54540700004974, 37.96759799965088], [-122.54520200001032, 37.968460000042434], [-122.54518699994172, 37.96852999998975], [-122.54757700009446, 37.97013800031423], [-122.54785099973085, 37.97032299964621], [-122.54845699962824, 37.97081099975081], [-122.54866900023868, 37.97109200001106], [-122.54871899956906, 37.97115799988344], [-122.5485570000857, 37.97148100034515], [-122.54842900003916, 37.97181300002487], [-122.54843800026, 37.97183400033165], [-122.54862700040589, 37.97226799966175], [-122.54863200042875, 37.97227900005848], [-122.5486419995762, 37.972284000302665], [-122.54881599965346, 37.9724179997799], [-122.54902300024102, 37.972467000082574], [-122.54977999975115, 37.972104999705124], [-122.54990100012498, 37.97204699996776], [-122.55021800031737, 37.97203899997599], [-122.5504169996107, 37.97203199989395], [-122.55072200010754, 37.97212699983772], [-122.55085000015406, 37.9721679996487], [-122.55091299990325, 37.972187999945504], [-122.55096700032993, 37.9722070003286], [-122.5513039997155, 37.972304999766585], [-122.5514650002723, 37.97236599972647], [-122.55152499964844, 37.97238899968657], [-122.55196300021468, 37.97262999994356], [-122.55239300038498, 37.97287499971403], [-122.55244799973825, 37.97277200011827], [-122.5526129995947, 37.97245299999945], [-122.55253999979975, 37.97221999984245], [-122.5524660001799, 37.97212699983772], [-122.55246199998196, 37.97207199984795], [-122.5527399998163, 37.97221399968579], [-122.55277499997638, 37.97224199994053], [-122.55289999964985, 37.97232300021278], [-122.55311399991011, 37.97246799998723], [-122.55320099994874, 37.97255999965656], [-122.55325799985017, 37.97262000021012], [-122.5533120002768, 37.97267700030106], [-122.55340900036121, 37.97278000003017], [-122.55342699990456, 37.97279900026003], [-122.5534880000039, 37.97285600021198], [-122.55350600044558, 37.97286400011472], [-122.553551999578, 37.972886000019834], [-122.55363299976887, 37.97292899991189], [-122.55391700034933, 37.97297299967654], [-122.55411099961977, 37.97300599983678], [-122.55431499983425, 37.97303800008531], [-122.55462600017889, 37.97304799976179], [-122.5549280003027, 37.97305600035176], [-122.55493999999824, 37.972967000289586], [-122.55499000022697, 37.97274099965473], [-122.5550069999454, 37.97252299968025], [-122.55545399983413, 37.971912999813306], [-122.55571300030024, 37.97171300010018], [-122.55590499992084, 37.971419999649875], [-122.55608099964796, 37.97108000022104], [-122.55646599961243, 37.97083699997885], [-122.55679600022361, 37.97087799980218], [-122.5570980003474, 37.97066900003179], [-122.55759499956655, 37.970580999838646], [-122.55758600024402, 37.97062299973474], [-122.55759299991672, 37.97065399967641], [-122.55760399978739, 37.97070700016303], [-122.55763599957444, 37.97071099987754], [-122.55804999985124, 37.97063199981055], [-122.55817700007282, 37.97061500029597], [-122.5582020001872, 37.970611999797995], [-122.55838299993715, 37.97059400034861], [-122.55847499999867, 37.97058700012878], [-122.55859700019738, 37.97057600018664], [-122.55898899983457, 37.97054400028124], [-122.5595679999678, 37.97046999969406], [-122.5603770002548, 37.970330999824974], [-122.56080800025002, 37.9702559997965], [-122.56073299990693, 37.97003000002165], [-122.56070299976972, 37.969935000196855], [-122.56061599973106, 37.96965099992804], [-122.56058700031706, 37.969557000265326], [-122.56064800041642, 37.96953799990453], [-122.56083199964115, 37.96948100020898], [-122.56089399956541, 37.96946299977411], [-122.56107600003861, 37.969401000288286], [-122.56125699978857, 37.969339999989195], [-122.56162599985952, 37.96921899989611], [-122.56180999998253, 37.969160000053435], [-122.56214399989338, 37.96905700020251], [-122.56235200030584, 37.968991999809646], [-122.563144999801, 37.96874799978267], [-122.56348000043505, 37.968645000061876], [-122.56400900033957, 37.96847800001502], [-122.56559900042615, 37.9679789996515], [-122.5661299999805, 37.96781400015041], [-122.56638000022573, 37.96772800001457], [-122.56641600021076, 37.9677200002603], [-122.56648700035588, 37.9677059999801], [-122.56658500026515, 37.96769600028416], [-122.56671699961132, 37.967690999727466], [-122.56683200013737, 37.96770400004099], [-122.56721299990387, 37.967817000054545], [-122.56730099976741, 37.96783100031358], [-122.56734199977531, 37.967838000088044], [-122.56747400001976, 37.967839000055754], [-122.5676020000663, 37.96783100031358], [-122.56765899996772, 37.96778800026818], [-122.56774600000634, 37.96771099982751], [-122.56778600018932, 37.96768699984842], [-122.56788699957335, 37.96762700022043], [-122.56796500028946, 37.967587999940214], [-122.56814199984147, 37.96752199969118], [-122.56823499972789, 37.96749900033081], [-122.56835699992662, 37.967478000200344], [-122.56844599961507, 37.96746799976519], [-122.56868099979175, 37.96745900000972], [-122.56873100002043, 37.96746899973795], [-122.56887499996047, 37.967519999747054], [-122.56892400036426, 37.96753799995015], [-122.56914600012215, 37.967617999776245], [-122.56921200024439, 37.967641999777946], [-122.56948199968278, 37.967777999875246], [-122.56954100013236, 37.96781300018236], [-122.57063300027654, 37.96759799965088], [-122.5715580000162, 37.9676340000143], [-122.57156200021417, 37.96775199998026], [-122.57158499978038, 37.9678049997292], [-122.57165699975039, 37.967777999875246], [-122.57170799980402, 37.9677680001891], [-122.57178099959894, 37.96777000012642], [-122.57191399966835, 37.967838000088044], [-122.5722130003174, 37.967973999822284], [-122.5723820003718, 37.968005000174244], [-122.5724600001896, 37.96801399986279], [-122.57251799991595, 37.968021000327965], [-122.57259499990882, 37.96801499982811], [-122.5726359999167, 37.967997999707556], [-122.57274700024477, 37.96792899992765], [-122.57288699998686, 37.96783100031358], [-122.5771900002664, 37.968922000302825], [-122.58057299993085, 37.969810999845585], [-122.58067199966504, 37.9697310002845], [-122.58119499972176, 37.96933099975505], [-122.58263199964748, 37.96829099965165], [-122.58262900017273, 37.968099999663686], [-122.58262999999766, 37.96766499980168]]]}}, {"type": "Feature", "properties": {"name": "San Anselmo", "region": "southern_marin", "geoid": "0664434", "source": "US Census TIGERweb ACS2025 Places (layers 4,5)", "role": "place"}, "geometry": {"type": "MultiPolygon", "coordinates": [[[[-122.58670999979611, 37.99940399999176], [-122.58669300007769, 37.99928499969914], [-122.586674999636, 37.999153999766435], [-122.58663199997832, 37.99903700027713], [-122.58628200017392, 37.998084999799666], [-122.58613599968575, 37.99768800028821], [-122.58590499970708, 37.99704099969447], [-122.58521500014409, 37.99510100007639], [-122.58519800042563, 37.9950539999212], [-122.58495200037835, 37.99446800015718], [-122.58488999955577, 37.99432299995698], [-122.584334999712, 37.9929049999696], [-122.58249899957809, 37.98820999967909], [-122.58188699983289, 37.986646000254964], [-122.58180800019021, 37.98664499983544], [-122.58173000037239, 37.986642999704344], [-122.58126199966893, 37.9866360003071], [-122.58110600003332, 37.98663400017578], [-122.58084099971944, 37.986629000201184], [-122.5800490000492, 37.98661400027543], [-122.57985099968248, 37.98661099972351], [-122.57978499956025, 37.9866120001435], [-122.5795999996123, 37.98661499998737], [-122.5794430001518, 37.986617999831104], [-122.57935100009028, 37.98662799978142], [-122.57961999970378, 37.98601300030171], [-122.57965099966594, 37.98599800025002], [-122.579690000024, 37.98591200017757], [-122.57970900029058, 37.98589499995372], [-122.5797460001005, 37.985884999903504], [-122.57977700006263, 37.98577799984733], [-122.57987199959888, 37.98545900032199], [-122.57990500010916, 37.98535300008174], [-122.57994199991907, 37.98530699978287], [-122.58000300001844, 37.98523399964957], [-122.58005499989697, 37.985169000129304], [-122.58009300043013, 37.98512400015536], [-122.58042300014303, 37.984353000043846], [-122.5804780003946, 37.98422500028995], [-122.58051600002942, 37.9841360003184], [-122.58087599987955, 37.98329699999876], [-122.58116700013268, 37.98261900008944], [-122.5812109996153, 37.98247900009226], [-122.58134500040791, 37.982061999944364], [-122.58138999971544, 37.98192300007652], [-122.58140599960899, 37.98186999989969], [-122.58145599983767, 37.981713999891774], [-122.58147400027934, 37.98166200005143], [-122.58150000021863, 37.981592999661785], [-122.58157899986132, 37.981386000227715], [-122.58160599962551, 37.981318000070736], [-122.58178999974854, 37.98057500023706], [-122.58213100023039, 37.97920900025003], [-122.58218200028402, 37.979076000239175], [-122.5816890003645, 37.97813000025155], [-122.58138100039291, 37.9776320001854], [-122.58202499992517, 37.977499000149095], [-122.58484799972295, 37.97691599989886], [-122.58579000007934, 37.976722999998174], [-122.58426500029009, 37.97565500016433], [-122.58078999966581, 37.973222999898766], [-122.58083099967368, 37.97188300031596], [-122.58089000012326, 37.970022999748046], [-122.58080100043479, 37.96990399995165], [-122.58067199966504, 37.9697310002845], [-122.58057299993085, 37.969810999845585], [-122.5771900002664, 37.968922000302825], [-122.57288699998686, 37.96783100031358], [-122.57274700024477, 37.96792899992765], [-122.5726359999167, 37.967997999707556], [-122.57259499990882, 37.96801499982811], [-122.57251799991595, 37.968021000327965], [-122.5724600001896, 37.96801399986279], [-122.5723820003718, 37.968005000174244], [-122.5722130003174, 37.967973999822284], [-122.57191399966835, 37.967838000088044], [-122.57178099959894, 37.96777000012642], [-122.57170799980402, 37.9677680001891], [-122.57165699975039, 37.967777999875246], [-122.57158499978038, 37.9678049997292], [-122.57156200021417, 37.96775199998026], [-122.5715580000162, 37.9676340000143], [-122.57063300027654, 37.96759799965088], [-122.56954100013236, 37.96781300018236], [-122.56948199968278, 37.967777999875246], [-122.56921200024439, 37.967641999777946], [-122.56914600012215, 37.967617999776245], [-122.56892400036426, 37.96753799995015], [-122.56887499996047, 37.967519999747054], [-122.56873100002043, 37.96746899973795], [-122.56868099979175, 37.96745900000972], [-122.56844599961507, 37.96746799976519], [-122.56835699992662, 37.967478000200344], [-122.56823499972789, 37.96749900033081], [-122.56814199984147, 37.96752199969118], [-122.56796500028946, 37.967587999940214], [-122.56788699957335, 37.96762700022043], [-122.56778600018932, 37.96768699984842], [-122.56774600000634, 37.96771099982751], [-122.56765899996772, 37.96778800026818], [-122.5676020000663, 37.96783100031358], [-122.56747400001976, 37.967839000055754], [-122.56734199977531, 37.967838000088044], [-122.56730099976741, 37.96783100031358], [-122.56721299990387, 37.967817000054545], [-122.56683200013737, 37.96770400004099], [-122.56671699961132, 37.967690999727466], [-122.56658500026515, 37.96769600028416], [-122.56648700035588, 37.9677059999801], [-122.56641600021076, 37.9677200002603], [-122.56638000022573, 37.96772800001457], [-122.5661299999805, 37.96781400015041], [-122.56559900042615, 37.9679789996515], [-122.56400900033957, 37.96847800001502], [-122.56348000043505, 37.968645000061876], [-122.563144999801, 37.96874799978267], [-122.56235200030584, 37.968991999809646], [-122.56214399989338, 37.96905700020251], [-122.56180999998253, 37.969160000053435], [-122.56162599985952, 37.96921899989611], [-122.56125699978857, 37.969339999989195], [-122.56107600003861, 37.969401000288286], [-122.56089399956541, 37.96946299977411], [-122.56083199964115, 37.96948100020898], [-122.56064800041642, 37.96953799990453], [-122.56058700031706, 37.969557000265326], [-122.56061599973106, 37.96965099992804], [-122.56070299976972, 37.969935000196855], [-122.56073299990693, 37.97003000002165], [-122.56080800025002, 37.9702559997965], [-122.5603770002548, 37.970330999824974], [-122.5595679999678, 37.97046999969406], [-122.55898899983457, 37.97054400028124], [-122.55859700019738, 37.97057600018664], [-122.55847499999867, 37.97058700012878], [-122.55838299993715, 37.97059400034861], [-122.5582020001872, 37.970611999797995], [-122.55817700007282, 37.97061500029597], [-122.55804999985124, 37.97063199981055], [-122.55763599957444, 37.97071099987754], [-122.55760399978739, 37.97070700016303], [-122.55759299991672, 37.97065399967641], [-122.55758600024402, 37.97062299973474], [-122.55759499956655, 37.970580999838646], [-122.5570980003474, 37.97066900003179], [-122.55679600022361, 37.97087799980218], [-122.55646599961243, 37.97083699997885], [-122.55608099964796, 37.97108000022104], [-122.55590499992084, 37.971419999649875], [-122.55571300030024, 37.97171300010018], [-122.55545399983413, 37.971912999813306], [-122.5550069999454, 37.97252299968025], [-122.55499000022697, 37.97274099965473], [-122.55493999999824, 37.972967000289586], [-122.5549280003027, 37.97305600035176], [-122.55462600017889, 37.97304799976179], [-122.55431499983425, 37.97303800008531], [-122.55411099961977, 37.97300599983678], [-122.55391700034933, 37.97297299967654], [-122.55363299976887, 37.97292899991189], [-122.553551999578, 37.972886000019834], [-122.55350600044558, 37.97286400011472], [-122.5534880000039, 37.97285600021198], [-122.55342699990456, 37.97279900026003], [-122.55340900036121, 37.97278000003017], [-122.5533120002768, 37.97267700030106], [-122.55325799985017, 37.97262000021012], [-122.55320099994874, 37.97255999965656], [-122.55311399991011, 37.97246799998723], [-122.55289999964985, 37.97232300021278], [-122.55277499997638, 37.97224199994053], [-122.5527399998163, 37.97221399968579], [-122.55246199998196, 37.97207199984795], [-122.5524660001799, 37.97212699983772], [-122.55253999979975, 37.97221999984245], [-122.5526129995947, 37.97245299999945], [-122.55244799973825, 37.97277200011827], [-122.55239300038498, 37.97287499971403], [-122.55196300021468, 37.97262999994356], [-122.55152499964844, 37.97238899968657], [-122.5514650002723, 37.97236599972647], [-122.5513039997155, 37.972304999766585], [-122.55096700032993, 37.9722070003286], [-122.55091299990325, 37.972187999945504], [-122.55090700005547, 37.972442000336905], [-122.55090399968242, 37.972529999715526], [-122.55092299994898, 37.97301800002014], [-122.55093299999474, 37.97324399980223], [-122.55093399981963, 37.973315000038184], [-122.55093399981963, 37.973518000014806], [-122.55093299999474, 37.97373200031723], [-122.55093200016982, 37.97394400022664], [-122.5509310003449, 37.974280000325294], [-122.5509310003449, 37.97441399969961], [-122.55093200016982, 37.974616000302206], [-122.55093200016982, 37.974701000284426], [-122.55093499964455, 37.97483899979606], [-122.55093600036777, 37.974909000034074], [-122.55093800001761, 37.974973000274254], [-122.55093899984253, 37.975175999914406], [-122.55094100039067, 37.97521999974839], [-122.55094200021556, 37.97526199982288], [-122.5509449996903, 37.97535900027389], [-122.55094800006334, 37.975569000008186], [-122.55094800006334, 37.97567500021914], [-122.55094800006334, 37.975737999931255], [-122.55094800006334, 37.97582300003044], [-122.55093899984253, 37.97628300027547], [-122.55093800001761, 37.97635000028924], [-122.55093299999474, 37.9763890001634], [-122.55092499959882, 37.976428999867565], [-122.55091899975103, 37.976461000040025], [-122.55090600023055, 37.9765300002981], [-122.55081199962092, 37.976813000308525], [-122.55097300017769, 37.97683700013663], [-122.5512409999663, 37.97690400035275], [-122.55131399976125, 37.97692199967116], [-122.5512970000428, 37.97711499975668], [-122.55098099967532, 37.97718300026758], [-122.55094600041353, 37.97718999985841], [-122.55092299994898, 37.97719499976807], [-122.55092600032204, 37.977491999879625], [-122.55094200021556, 37.97823899978256], [-122.55094300004048, 37.97827999972019], [-122.55095599956095, 37.978966999826945], [-122.55095800010909, 37.97910899977988], [-122.5509599997589, 37.979245999688445], [-122.55084900032915, 37.979409000073446], [-122.55075899991746, 37.97953999986422], [-122.55063000004604, 37.9797290002151], [-122.55039300021957, 37.98007399965659], [-122.55026699982288, 37.980256999841075], [-122.55028600008946, 37.98033600017056], [-122.5503549996864, 37.980628999726555], [-122.55039800024244, 37.98080199990838], [-122.55081199962092, 37.98097799975669], [-122.55102900025419, 37.98107000008878], [-122.55146799974705, 37.981259999824566], [-122.55187299980297, 37.981433999717474], [-122.55233899995832, 37.981630999802334], [-122.55294200038097, 37.98189199993763], [-122.55315200044328, 37.981980000023604], [-122.55334400006389, 37.98206299971831], [-122.5535929995859, 37.98217000023552], [-122.55369999971602, 37.98221599966879], [-122.55433499992576, 37.98249199991109], [-122.55554000004787, 37.9830110002182], [-122.55572199962275, 37.98308800018709], [-122.55589200040036, 37.983106000112976], [-122.55618699995317, 37.98313699973901], [-122.55671900023071, 37.98319400015918], [-122.55693000011792, 37.98321700026653], [-122.55713500015733, 37.98323899990069], [-122.55745200034971, 37.983274999673974], [-122.55724899996015, 37.983506999677545], [-122.5573440003947, 37.98354000005791], [-122.55872000022104, 37.982121000037885], [-122.55889099992527, 37.98191300019305], [-122.56048600003473, 37.979993999951034], [-122.56097399993136, 37.97918499978142], [-122.56076200021924, 37.98007500016571], [-122.5601389997051, 37.98226700005342], [-122.56011199994091, 37.98236599999082], [-122.55951400043942, 37.98447499971211], [-122.55950000019574, 37.98452699968312], [-122.55941700035504, 37.98490600014273], [-122.55904900010901, 37.98642799980823], [-122.55998100041967, 37.98633299996627], [-122.56076700024214, 37.98625399972083], [-122.5610690003659, 37.98572699977889], [-122.56294099958649, 37.986890000259606], [-122.56389700018659, 37.98747200016311], [-122.56478799959102, 37.9880209999317], [-122.56502899961545, 37.988170000024155], [-122.56590700039773, 37.989771999700416], [-122.56657900041738, 37.990713999657004], [-122.56729900011759, 37.99051600022821], [-122.5673839996081, 37.990669999908775], [-122.56742600033921, 37.99074500031652], [-122.56752500007343, 37.99087399967745], [-122.56782299999927, 37.99126200029558], [-122.56792299955835, 37.991391999810105], [-122.56728700042204, 37.99160399967883], [-122.56799500042669, 37.99190100023446], [-122.56757899960176, 37.99239299982475], [-122.56818700004732, 37.992575999728246], [-122.56799200005365, 37.993025000327265], [-122.567572999754, 37.99391499992078], [-122.56761200011204, 37.99394599993551], [-122.5679190002587, 37.99405300011411], [-122.57096100033962, 37.99497199965367], [-122.57134299993105, 37.993580000136006], [-122.57158899997833, 37.99282599972133], [-122.57196700027009, 37.99237399971185], [-122.57252200011386, 37.992688999680574], [-122.57317800023999, 37.99282700005658], [-122.57329399969264, 37.9928519999379], [-122.57372600041109, 37.99294299991533], [-122.57401699976593, 37.99318500026286], [-122.57410899982743, 37.993359999814935], [-122.5740440004284, 37.99438400002243], [-122.57316800019426, 37.994884000283285], [-122.57362400030384, 37.99536600022208], [-122.5733969996248, 37.995481000014095], [-122.57269000034339, 37.99535700034769], [-122.57174999963681, 37.99539400013876], [-122.57210899966202, 37.99610300003034], [-122.57207000020226, 37.996135000118414], [-122.57205599995856, 37.9961570001266], [-122.57206400035449, 37.99619299993271], [-122.57208000024802, 37.99622100024168], [-122.5721289997535, 37.996245000093424], [-122.57220200044674, 37.99626500019987], [-122.57230600020382, 37.99690699987015], [-122.57234999968644, 37.996921999815065], [-122.57224400027953, 37.99696299993217], [-122.57219099967776, 37.99697600001626], [-122.5721279999286, 37.99697999971499], [-122.57204400026302, 37.99697600001626], [-122.57193100028509, 37.99700700015315], [-122.57180999991127, 37.99709299996187], [-122.57168199986475, 37.99721499968217], [-122.57234899986152, 37.99780799989994], [-122.57161200044288, 37.997844999870416], [-122.57160499987185, 37.99811000001257], [-122.57136499967234, 37.99811999981217], [-122.571383000114, 37.99848699986831], [-122.5716490002528, 37.99848600031816], [-122.57165599992547, 37.99858899992618], [-122.57155299999333, 37.99858299980174], [-122.57154999962027, 37.99906700000064], [-122.57174899981189, 37.99912200028766], [-122.57568100037065, 37.99942099991669], [-122.57605999958905, 37.99940599977493], [-122.57719699993908, 37.999362999823504], [-122.57757699988069, 37.99934899991623], [-122.58117800000335, 37.999370999668244], [-122.58244800042277, 37.99937799997406], [-122.58670999979611, 37.99940399999176]]], [[[-122.56592999996397, 37.99238800024263], [-122.56420699980798, 37.99078200031009], [-122.56398900024809, 37.99064299996978], [-122.56396499995864, 37.990308999771315], [-122.564322000334, 37.98909499982889], [-122.56447399977168, 37.98858399968091], [-122.56440000015184, 37.98858599975908], [-122.56431399993811, 37.988589999915256], [-122.5641940002875, 37.988648000031596], [-122.56412899999017, 37.988681000223785], [-122.56401500018735, 37.988710000251665], [-122.56396699960845, 37.988719000233594], [-122.56377300033802, 37.988757000223764], [-122.5636879999492, 37.988791000049204], [-122.5635749999713, 37.9889680002395], [-122.56351100039718, 37.989070000083196], [-122.56346500036645, 37.98906800001823], [-122.56334999984041, 37.98968199970736], [-122.56330200015982, 37.98994300023257], [-122.56282299958572, 37.989933999692866], [-122.56287299981443, 37.98925299978055], [-122.5624789996291, 37.98920800018747], [-122.56243599997143, 37.98923799968322], [-122.56215899996198, 37.989435999729366], [-122.56199499993046, 37.989346999706804], [-122.56178200039342, 37.98943399967437], [-122.56224799965044, 37.98962999984982], [-122.5619489998997, 37.989820999744595], [-122.56221000001561, 37.990260000053084], [-122.56174100038555, 37.990354000105036], [-122.56164400030119, 37.98981399994255], [-122.56159499989738, 37.98953699995828], [-122.56124599991792, 37.98954300011468], [-122.56076899989193, 37.98901900017905], [-122.56059700036282, 37.98882999968379], [-122.55996499962782, 37.98928799975963], [-122.55974700006792, 37.98901999985827], [-122.55905199958376, 37.98927699978823], [-122.55831799963983, 37.98953999968255], [-122.55822800012646, 37.990281999699455], [-122.55774899955235, 37.99256199994131], [-122.55761600038126, 37.99319599964828], [-122.55758899971877, 37.99332200008522], [-122.55751699974874, 37.993722999743156], [-122.55767800030553, 37.99390900012192], [-122.55781800004763, 37.99382599966864], [-122.55841100042457, 37.99350299985092], [-122.56075200017348, 37.99222999996337], [-122.56232600036657, 37.994167999840926], [-122.56245699988781, 37.99422700011096], [-122.56592999996397, 37.99238800024263]]]]}}, {"type": "Feature", "properties": {"name": "San Rafael", "region": "southern_marin", "geoid": "0668364", "source": "US Census TIGERweb ACS2025 Places (layers 4,5)", "role": "place"}, "geometry": {"type": "Polygon", "coordinates": [[[-122.58876900041105, 38.024825999936084], [-122.58972199973978, 38.02382900002147], [-122.58418099972617, 38.01959199994681], [-122.58158999973197, 38.01762899972906], [-122.58116399975962, 38.01730600001234], [-122.58061899996159, 38.01689399972316], [-122.5801750004459, 38.016557000145454], [-122.57984499983469, 38.016297000220895], [-122.57898600021731, 38.01563399995406], [-122.57873099994916, 38.015442000021864], [-122.57849999997049, 38.015278999725226], [-122.57758199990356, 38.014571999887124], [-122.5774930002151, 38.014504000059766], [-122.57745300003212, 38.01448099985405], [-122.57731599976476, 38.014403000241344], [-122.57707700028848, 38.01422599985948], [-122.57511700030605, 38.01271199998203], [-122.5746489996026, 38.012358999893884], [-122.57361599990791, 38.011654999729096], [-122.5733969996248, 38.01147200001174], [-122.57320400017926, 38.011320999668875], [-122.5729799998733, 38.011157000031574], [-122.57273700019904, 38.01097000013555], [-122.5726140001754, 38.01085599994977], [-122.57208100007291, 38.01043000029402], [-122.57172399969755, 38.01016500008333], [-122.57097100038536, 38.00960100025462], [-122.56887999998334, 38.00711799966016], [-122.56772799956468, 38.00576300014653], [-122.56694299956712, 38.00481499990057], [-122.56606399985826, 38.003775000079884], [-122.5658630000168, 38.003535999849106], [-122.56543899969428, 38.003032999940174], [-122.56442699991601, 38.00183100006898], [-122.56235399995565, 37.999370999668244], [-122.56155800008746, 37.99842599967569], [-122.56090399961116, 37.997659999831434], [-122.55961999984632, 37.99616700019253], [-122.5590270003677, 37.995477999824836], [-122.55866599979439, 37.995057999724686], [-122.55805599969902, 37.994349000350816], [-122.55801899988907, 37.99430499995118], [-122.55767800030553, 37.99390900012192], [-122.55751699974874, 37.993722999743156], [-122.55737399963363, 37.99355600012021], [-122.55735699991519, 37.993545999698306], [-122.55694799966129, 37.993247000188354], [-122.55678399962974, 37.993223000063544], [-122.55585800006519, 37.99289599979324], [-122.55560600017012, 37.9928329999439], [-122.55541700002422, 37.9927149999457], [-122.55508099956523, 37.99256999981991], [-122.55463000037685, 37.99242999969501], [-122.55416699969626, 37.99224599979205], [-122.55384399965608, 37.99215799998316], [-122.55368899984539, 37.99211399968508], [-122.55338300042195, 37.99199700029275], [-122.55288499958125, 37.991840000228], [-122.55268700011287, 37.991783999794436], [-122.55248299989833, 37.99172600003352], [-122.5525439999977, 37.99164400029331], [-122.55192200020679, 37.99139799981484], [-122.55114600043007, 37.991091000006016], [-122.55074700022189, 37.99097799971602], [-122.55054700020534, 37.98586100020222], [-122.5507539998946, 37.98563999966354], [-122.55147699996786, 37.98609999997472], [-122.55257300031005, 37.98519300005693], [-122.55266100017357, 37.985119000077916], [-122.55280299956549, 37.9852640000623], [-122.55285000031947, 37.98529800009043], [-122.55294599968063, 37.985366999828315], [-122.55303199989434, 37.985428999989], [-122.55321099999449, 37.98552799990848], [-122.55332300014747, 37.9855740000688], [-122.55342299970661, 37.98561599988217], [-122.55350499972235, 37.985649999747146], [-122.55375099976966, 37.985751999955674], [-122.55382500028782, 37.98580200028374], [-122.55353999988246, 37.98613599976043], [-122.55315200044328, 37.98659500008184], [-122.55313700037463, 37.98662799978142], [-122.55283500025085, 37.98685299971913], [-122.55276999995353, 37.98693200002764], [-122.55271300005211, 37.986999999938284], [-122.55266799984629, 37.9870539996558], [-122.55255599969328, 37.9871890001918], [-122.55253200030215, 37.98721800010146], [-122.55244600008842, 37.98732099995649], [-122.55313499982651, 37.98768499972927], [-122.55340799963797, 37.987828999903314], [-122.553487000179, 37.98787099984183], [-122.55309800001659, 37.98829399980388], [-122.55253899997483, 37.98890200009848], [-122.55483500041626, 37.99015300000553], [-122.55550400006287, 37.990039999686594], [-122.55798899975186, 37.98962199965065], [-122.55831799963983, 37.98953999968255], [-122.55904900010901, 37.98642799980823], [-122.55941700035504, 37.98490600014273], [-122.55950000019574, 37.98452699968312], [-122.55951400043942, 37.98447499971211], [-122.55935299988265, 37.984496999677106], [-122.55882499980302, 37.98457200002319], [-122.5575979999396, 37.98500599979374], [-122.55736299976297, 37.98502199978186], [-122.55659899968181, 37.98455500019691], [-122.55642999962741, 37.98445199999908], [-122.55724899996015, 37.983506999677545], [-122.55745200034971, 37.983274999673974], [-122.55713500015733, 37.98323899990069], [-122.55693000011792, 37.98321700026653], [-122.55671900023071, 37.98319400015918], [-122.55618699995317, 37.98313699973901], [-122.55589200040036, 37.983106000112976], [-122.55572199962275, 37.98308800018709], [-122.55554000004787, 37.9830110002182], [-122.55433499992576, 37.98249199991109], [-122.55369999971602, 37.98221599966879], [-122.5535929995859, 37.98217000023552], [-122.55334400006389, 37.98206299971831], [-122.55315200044328, 37.981980000023604], [-122.55294200038097, 37.98189199993763], [-122.55233899995832, 37.981630999802334], [-122.55187299980297, 37.981433999717474], [-122.55146799974705, 37.981259999824566], [-122.55102900025419, 37.98107000008878], [-122.55081199962092, 37.98097799975669], [-122.55039800024244, 37.98080199990838], [-122.5503549996864, 37.980628999726555], [-122.55028600008946, 37.98033600017056], [-122.55026699982288, 37.980256999841075], [-122.55039300021957, 37.98007399965659], [-122.55063000004604, 37.9797290002151], [-122.55075899991746, 37.97953999986422], [-122.55084900032915, 37.979409000073446], [-122.5509599997589, 37.979245999688445], [-122.55095800010909, 37.97910899977988], [-122.55095599956095, 37.978966999826945], [-122.55094300004048, 37.97827999972019], [-122.55094200021556, 37.97823899978256], [-122.55092600032204, 37.977491999879625], [-122.55092299994898, 37.97719499976807], [-122.55094600041353, 37.97718999985841], [-122.55098099967532, 37.97718300026758], [-122.5512970000428, 37.97711499975668], [-122.55131399976125, 37.97692199967116], [-122.5512409999663, 37.97690400035275], [-122.55097300017769, 37.97683700013663], [-122.55081199962092, 37.976813000308525], [-122.55090600023055, 37.9765300002981], [-122.55091899975103, 37.976461000040025], [-122.55092499959882, 37.976428999867565], [-122.55093299999474, 37.9763890001634], [-122.55093800001761, 37.97635000028924], [-122.55093899984253, 37.97628300027547], [-122.55094800006334, 37.97582300003044], [-122.55094800006334, 37.975737999931255], [-122.55094800006334, 37.97567500021914], [-122.55094800006334, 37.975569000008186], [-122.5509449996903, 37.97535900027389], [-122.55094200021556, 37.97526199982288], [-122.55094100039067, 37.97521999974839], [-122.55093899984253, 37.975175999914406], [-122.55093800001761, 37.974973000274254], [-122.55093600036777, 37.974909000034074], [-122.55093499964455, 37.97483899979606], [-122.55093200016982, 37.974701000284426], [-122.55093200016982, 37.974616000302206], [-122.5509310003449, 37.97441399969961], [-122.5509310003449, 37.974280000325294], [-122.55093200016982, 37.97394400022664], [-122.55093299999474, 37.97373200031723], [-122.55093399981963, 37.973518000014806], [-122.55093399981963, 37.973315000038184], [-122.55093299999474, 37.97324399980223], [-122.55092299994898, 37.97301800002014], [-122.55090399968242, 37.972529999715526], [-122.55090700005547, 37.972442000336905], [-122.55091299990325, 37.972187999945504], [-122.55085000015406, 37.9721679996487], [-122.55072200010754, 37.97212699983772], [-122.5504169996107, 37.97203199989395], [-122.55021800031737, 37.97203899997599], [-122.54990100012498, 37.97204699996776], [-122.54977999975115, 37.972104999705124], [-122.54902300024102, 37.972467000082574], [-122.54881599965346, 37.9724179997799], [-122.5486419995762, 37.972284000302665], [-122.54863200042875, 37.97227900005848], [-122.54862700040589, 37.97226799966175], [-122.54843800026, 37.97183400033165], [-122.54842900003916, 37.97181300002487], [-122.5485570000857, 37.97148100034515], [-122.54871899956906, 37.97115799988344], [-122.54866900023868, 37.97109200001106], [-122.54845699962824, 37.97081099975081], [-122.54785099973085, 37.97032299964621], [-122.54757700009446, 37.97013800031423], [-122.54518699994172, 37.96852999998975], [-122.54520200001032, 37.968460000042434], [-122.54540700004974, 37.96759799965088], [-122.54542299994328, 37.96753000017518], [-122.54559899967037, 37.96754900034744], [-122.54547700036994, 37.9672340000991], [-122.54555799966248, 37.966919999895964], [-122.54525499971378, 37.966526000253914], [-122.54510699957576, 37.96643800005224], [-122.5450949998802, 37.966433000118094], [-122.54485300003088, 37.9662899997327], [-122.54474400025092, 37.96622599971268], [-122.54449700037873, 37.96607999965738], [-122.54440600014213, 37.96582699991219], [-122.54427300007274, 37.96575200024013], [-122.54412999995762, 37.9657270003324], [-122.54405399978961, 37.965711999675456], [-122.54398799966737, 37.96569199973911], [-122.54392300026836, 37.965661999824306], [-122.54387399986457, 37.96563199989724], [-122.54381399959011, 37.96558099999311], [-122.5437640002597, 37.965520000061254], [-122.54372499990164, 37.96546600007931], [-122.54368300006884, 37.965407000053595], [-122.54363899968791, 37.96535699999475], [-122.54356099987012, 37.965306999901806], [-122.54344600024238, 37.96524199973008], [-122.54341299973211, 37.96522399967238], [-122.54338000012014, 37.96521100033616], [-122.54335699965563, 37.965204000311296], [-122.54333099971635, 37.96519800028944], [-122.54330700032521, 37.96519400027459], [-122.54327899983781, 37.96519200026706], [-122.54323000033234, 37.96519300027086], [-122.54328499968561, 37.96512099996544], [-122.54332400004365, 37.965073999728], [-122.54334300031024, 37.96505200031471], [-122.5432980001044, 37.96504800029189], [-122.54323700000502, 37.965049000297654], [-122.54317099988278, 37.96505400032605], [-122.54306700012572, 37.965062999668035], [-122.54302000027003, 37.965062999668035], [-122.54298599993484, 37.96505300032035], [-122.54294999994984, 37.96503900023984], [-122.54291599961465, 37.965014000089354], [-122.5428970002464, 37.96499299995638], [-122.5428839998276, 37.96497099981058], [-122.54287499960675, 37.96494100030943], [-122.542868999759, 37.964905000041995], [-122.54286700010918, 37.96488299986989], [-122.54286200008629, 37.9648520003244], [-122.54285200004054, 37.96482300007518], [-122.54284100016991, 37.96479699984202], [-122.54283299977396, 37.964782999712696], [-122.54289200022352, 37.96475700017356], [-122.54285799988834, 37.96472699987679], [-122.54281500023062, 37.96469400024434], [-122.5427719996746, 37.96466399992178], [-122.54271700032133, 37.96462700021534], [-122.54267399976533, 37.96459699986541], [-122.54264600017625, 37.964577000333534], [-122.54260199979532, 37.96454099988764], [-122.54252300015257, 37.96447899978657], [-122.54249300001534, 37.96446400029109], [-122.54245000035765, 37.96444700005658], [-122.5423900000832, 37.96443299986048], [-122.54232200031115, 37.964425999761445], [-122.54228100030326, 37.964425999761445], [-122.54222500022674, 37.964434999888674], [-122.54217599982297, 37.96445100011213], [-122.5421380001881, 37.96446100025001], [-122.54210100037818, 37.96446700033209], [-122.5420660002181, 37.96446899965113], [-122.54203199988291, 37.96446600031845], [-122.5419890002252, 37.9644600002363], [-122.54195700043815, 37.96444800007047], [-122.54192300010295, 37.96442999981814], [-122.54187700007222, 37.964394000008404], [-122.54180099990424, 37.96432300035159], [-122.54178099981273, 37.964304000052714], [-122.54174700037586, 37.9642889998133], [-122.54168000042873, 37.96426500013209], [-122.54164299972047, 37.9642549999675], [-122.54161599995629, 37.96425099990128], [-122.54165600013927, 37.96422400015689], [-122.54148000041216, 37.964242999768224], [-122.5413690000841, 37.964261000066415], [-122.54135700038852, 37.964264000115705], [-122.54133700029705, 37.96426800018122], [-122.54130700015983, 37.96427200024646], [-122.54118099976311, 37.964234000325696], [-122.54081000004234, 37.96416799989467], [-122.54079699962355, 37.964157999716875], [-122.54069000039173, 37.96409900005664], [-122.54065299968352, 37.96405699996955], [-122.54057499986573, 37.96390199965938], [-122.54053700023086, 37.96386400025533], [-122.54047399958334, 37.96382700014578], [-122.5403559995826, 37.963819999988914], [-122.53981900018046, 37.963631999777], [-122.53980300028695, 37.96362699965177], [-122.53948299972149, 37.963284000164045], [-122.53911799984851, 37.963230999984646], [-122.5388430003872, 37.963044999747275], [-122.53825300038335, 37.96293799967903], [-122.5380890003518, 37.96272000034173], [-122.53796999962779, 37.96256199992365], [-122.53760300010501, 37.96224099997286], [-122.53760300010501, 37.96219199992749], [-122.53760399992993, 37.96212799987687], [-122.53743300022568, 37.96205600010737], [-122.53737499960104, 37.96203099964954], [-122.5373570000577, 37.962022999982835], [-122.5370530002841, 37.9618940001908], [-122.53686599978803, 37.96181399979419], [-122.5368089998866, 37.96179000001233], [-122.5367169998251, 37.961751000172974], [-122.53653299970209, 37.96167299972396], [-122.53642899994503, 37.96162800021718], [-122.53637000039379, 37.9616150002444], [-122.53629900024868, 37.96159900011122], [-122.53621800005783, 37.96157999981578], [-122.53619299994345, 37.961574000206085], [-122.53617100020215, 37.96156799988763], [-122.53612900036934, 37.96155599995745], [-122.53610500007993, 37.96155000034578], [-122.53609199966114, 37.96154500007879], [-122.53604499980547, 37.96152200026277], [-122.53596000031496, 37.96148300028114], [-122.53559000041912, 37.96131400012133], [-122.53545800017461, 37.961312000008164], [-122.5352659996557, 37.9612839998344], [-122.53511099984499, 37.961181000266926], [-122.53488200041447, 37.96098399983225], [-122.53485899994992, 37.96098399983225], [-122.53466499978116, 37.960901999736464], [-122.5342870003877, 37.960717000039075], [-122.53395599995159, 37.96057599998743], [-122.53318900039571, 37.960258000067604], [-122.53316299955813, 37.96024599992343], [-122.5329020003405, 37.96013100015366], [-122.53258199977506, 37.95998999968514], [-122.53253300026958, 37.95996800016529], [-122.53239000015444, 37.959904999668794], [-122.5322110000543, 37.95981900018538], [-122.52962500008297, 37.95864300015975], [-122.52940800034798, 37.958547999767504], [-122.52898900004836, 37.95835499974035], [-122.52879999990247, 37.958508000236584], [-122.5286280003733, 37.95864799991604], [-122.52843400020456, 37.95880199989273], [-122.52763499996331, 37.958324000272235], [-122.52663900007857, 37.95771899983044], [-122.52615399965667, 37.957158000106034], [-122.526078000387, 37.957070000010475], [-122.52582200029396, 37.95670499985681], [-122.52487499991472, 37.95609500031536], [-122.52430300035249, 37.95572699987676], [-122.52427099966711, 37.95567600017674], [-122.52425499977359, 37.95571499970052], [-122.52418199997867, 37.9556949998747], [-122.52379000034149, 37.9556060000169], [-122.52371400017351, 37.955570000131374], [-122.52369800027999, 37.95558399989219], [-122.52327700033051, 37.9554789998501], [-122.52309999988022, 37.955156999965645], [-122.52299899959783, 37.95496999967737], [-122.52255599990704, 37.9541760001626], [-122.52223899971465, 37.95420400021299], [-122.52142899960275, 37.95427499973638], [-122.52128300001287, 37.95425500022676], [-122.5203339999838, 37.954116000119924], [-122.52003199986001, 37.95359300028127], [-122.5193409995738, 37.95319299967404], [-122.51875200029313, 37.95283799968369], [-122.5182140001678, 37.95255200022944], [-122.51746199978223, 37.9518589997403], [-122.5171930001687, 37.951740000257935], [-122.51627000007889, 37.95154000014005], [-122.51624699961434, 37.9515459998611], [-122.51593000032027, 37.95164200028945], [-122.51455799979357, 37.952347000012345], [-122.51399299990405, 37.95241799991389], [-122.51400200012486, 37.952515000087445], [-122.51421800003493, 37.95283799968369], [-122.51452900037955, 37.9528509997934], [-122.51486900013819, 37.95285800028739], [-122.51490900032114, 37.95292599989106], [-122.51497000042052, 37.953201999761234], [-122.51500800005536, 37.95334699975486], [-122.51508800042129, 37.95365499965626], [-122.5151160000104, 37.95371600023556], [-122.51513199990391, 37.953752000321444], [-122.51513399955374, 37.953771999968005], [-122.51514100012474, 37.95388100024818], [-122.5151519999954, 37.95413000015786], [-122.51516899971382, 37.9543259997008], [-122.51519100035345, 37.95456500015962], [-122.51520700024697, 37.954623000248546], [-122.51522499979035, 37.954689000049775], [-122.51523400001116, 37.954856000290796], [-122.51527400019411, 37.95527000016287], [-122.51528099986683, 37.95535999985706], [-122.51529900030849, 37.95556799986173], [-122.51530099995833, 37.95558500002678], [-122.51530199978322, 37.95559499995539], [-122.51530900035425, 37.955659000032746], [-122.5153219998747, 37.95576999990187], [-122.51532500024776, 37.955794000234405], [-122.51533699994333, 37.95588000018102], [-122.51526699962314, 37.95593000031784], [-122.5152499999047, 37.95598699990811], [-122.51522599961527, 37.95606700027748], [-122.51516100021624, 37.95623500034449], [-122.51514000029982, 37.95629100028144], [-122.51515299982032, 37.95649299974988], [-122.51501599955296, 37.95661400027343], [-122.51484499984875, 37.95674499966135], [-122.5148149997115, 37.95685800024875], [-122.51481899990948, 37.95687000023825], [-122.51489599990235, 37.957073999759544], [-122.51488000000884, 37.9571169997044], [-122.51482099955929, 37.95726999994641], [-122.51479200014529, 37.957348000113804], [-122.51479299997018, 37.957394000228206], [-122.5149479997809, 37.95772100004145], [-122.51496600022257, 37.95775899979107], [-122.51499800000963, 37.95779600012479], [-122.51503099962157, 37.95786199990811], [-122.51507500000253, 37.957988000102475], [-122.51512699988102, 37.95813600015585], [-122.51510199976669, 37.95836700019351], [-122.51509099989602, 37.95837400016187], [-122.51498700013896, 37.95845799972987], [-122.5147290003961, 37.9586629998912], [-122.51438799991426, 37.95893599989479], [-122.514173999654, 37.959330999974306], [-122.51412900034647, 37.959424999979696], [-122.51405200035357, 37.95958699967659], [-122.51399100025421, 37.95972499997594], [-122.51385599963669, 37.959917999944274], [-122.51345200030396, 37.960499999842234], [-122.51331800040965, 37.96069399996374], [-122.51328400007446, 37.960788000349396], [-122.51313299956341, 37.961006999816775], [-122.51222000041766, 37.96042000005181], [-122.50941500016322, 37.95800100000905], [-122.50934499984302, 37.957555000047414], [-122.50929799998737, 37.95734100004766], [-122.50916999994082, 37.95640799993607], [-122.50922600001734, 37.95632900006256], [-122.50916699956778, 37.956318000109334], [-122.50911600041248, 37.95629199969813], [-122.50907500040458, 37.956257000274206], [-122.50905899961276, 37.95623400021876], [-122.50904600009227, 37.95621499995194], [-122.50903299967348, 37.956167999680844], [-122.5090350002216, 37.956150000232114], [-122.50909799997079, 37.95597200009481], [-122.50906399963563, 37.95574100031597], [-122.50906399963563, 37.95572900014202], [-122.50904100006942, 37.955496000035744], [-122.50902199980284, 37.955287999827185], [-122.50901900032811, 37.95527199973225], [-122.50899900023663, 37.95515199997172], [-122.50897900014513, 37.9550330001572], [-122.50895800022873, 37.95491900016007], [-122.50893999978705, 37.95481299973056], [-122.50887000036518, 37.95442099988738], [-122.5088019996948, 37.95408699988103], [-122.50874499979338, 37.95380400009953], [-122.5088159999385, 37.953697000025755], [-122.50888899973344, 37.953585999857275], [-122.50893300011437, 37.95351999977335], [-122.50894900000789, 37.95349600011448], [-122.50912499973498, 37.9534469999012], [-122.50910899984146, 37.953389000300405], [-122.50910700019163, 37.9533280001579], [-122.50911600041248, 37.953261999842155], [-122.50913499978073, 37.95318999988083], [-122.50916099972001, 37.9531339997047], [-122.5092029995528, 37.95306299978683], [-122.50921699979652, 37.953045000285634], [-122.50929100031465, 37.95294900027403], [-122.50937400015532, 37.952880999983314], [-122.50939099987376, 37.95286900005047], [-122.50947100023971, 37.95281799978283], [-122.50958500004252, 37.95275699987446], [-122.5097430002263, 37.95266299983529], [-122.50976099976964, 37.952644000061426], [-122.50979199973176, 37.95262299993285], [-122.50982799971678, 37.95258400018407], [-122.50989499966393, 37.952468999750934], [-122.50991800012847, 37.95240999990846], [-122.50992999982404, 37.952384999708805], [-122.50999599994626, 37.95225400033679], [-122.51006500044156, 37.952179000261395], [-122.50995900013633, 37.952117999822406], [-122.50976400014267, 37.9520049997348], [-122.50964299976886, 37.95193500032673], [-122.50953800018685, 37.95187499987029], [-122.50936999995737, 37.95174499977575], [-122.50861599992197, 37.95116299992131], [-122.50718499984403, 37.9511739999382], [-122.50580499981972, 37.95117500013282], [-122.50501099960134, 37.949722999977276], [-122.50498300001226, 37.949697000065235], [-122.50364200034603, 37.9491709999767], [-122.50281700016549, 37.94855999997804], [-122.50241799995733, 37.948271000167956], [-122.50209599974205, 37.94805700003928], [-122.50178100009776, 37.94785600028096], [-122.50173800044007, 37.947827999936145], [-122.50170199955676, 37.94780600031556], [-122.50019199983609, 37.946903000029174], [-122.49937500005151, 37.9468269999043], [-122.4986999996588, 37.9467659999803], [-122.497347000297, 37.94664200017596], [-122.49669299982071, 37.94650500034881], [-122.49619499987833, 37.946238999898085], [-122.49393600014517, 37.945990000161494], [-122.4938769996956, 37.94598399998671], [-122.49390099998506, 37.94575499979825], [-122.49377999961123, 37.94559300005678], [-122.49332199985183, 37.94571499967664], [-122.49283800015316, 37.94569399969263], [-122.49243300009721, 37.945988000339405], [-122.49177799979599, 37.946014000147215], [-122.49141100027319, 37.94579900026105], [-122.49019600010534, 37.9450890000725], [-122.48882199992882, 37.944643000349004], [-122.48848600036816, 37.94453599968393], [-122.48798500005273, 37.944501999903416], [-122.48778699968601, 37.944488000155914], [-122.4877230001119, 37.94444400032492], [-122.48737800033042, 37.9443749996674], [-122.48707100018372, 37.94443999988816], [-122.48645199986754, 37.944397000315284], [-122.48487100000179, 37.94455000013072], [-122.48437800008229, 37.94436500033676], [-122.48410299972265, 37.94426100013318], [-122.48389600003343, 37.94418300023815], [-122.48380999981971, 37.94415100016644], [-122.4837360001999, 37.94412299982659], [-122.48350400039627, 37.944034999701096], [-122.48256299986481, 37.94355299984913], [-122.48167499993508, 37.943325999771744], [-122.48068200042341, 37.94308000028807], [-122.48006499975702, 37.9429270002457], [-122.48000200000783, 37.9429270002457], [-122.47980700001416, 37.94290899967798], [-122.47972400017349, 37.942901000054015], [-122.47926399986594, 37.94286000019628], [-122.47915400026109, 37.94284900035152], [-122.47859799969407, 37.94279899981267], [-122.47842899963966, 37.94278400014032], [-122.47804200002537, 37.94271100022692], [-122.47791499980379, 37.94268699987078], [-122.47753400003725, 37.94261500017223], [-122.47740799964059, 37.94259099978474], [-122.47740299961772, 37.942601000065224], [-122.47739000009722, 37.94263300010353], [-122.47738599989927, 37.94264399998061], [-122.47264499995183, 37.94220499967834], [-122.47193299974921, 37.94210299988785], [-122.46860799981108, 37.941626999938165], [-122.45353300002407, 37.93946999991961], [-122.45204099984677, 37.93924499998815], [-122.44373399993677, 37.93806600033655], [-122.43498299961276, 37.93682399973963], [-122.436182999712, 37.94094300000596], [-122.43978300000974, 37.953303000270665], [-122.4409839999339, 37.95742299986972], [-122.44108299966813, 37.958061999812315], [-122.4413830001421, 37.95998299987086], [-122.44148400042442, 37.960623000270814], [-122.44148400042442, 37.961797999704366], [-122.44148400042442, 37.96532499993916], [-122.44148400042442, 37.966500999901555], [-122.44148400042442, 37.966804999954704], [-122.44148400042442, 37.967718000321625], [-122.44148400042442, 37.968023000258384], [-122.44150399961761, 37.96858299988527], [-122.44156399989205, 37.970263000047886], [-122.44158399998354, 37.97082300029299], [-122.44278400008278, 37.97082999978219], [-122.44638500020544, 37.97085200029684], [-122.4475860001296, 37.97085999970984], [-122.45153399968355, 37.97088400006803], [-122.46337999979194, 37.97095700031262], [-122.46732900006911, 37.97098199985583], [-122.46976500025261, 37.971038999802346], [-122.47404000004474, 37.97114099978248], [-122.47397399992249, 37.974175000105625], [-122.47397200027268, 37.97431100013889], [-122.47511200009745, 37.97433099985176], [-122.47538599973386, 37.974751000352974], [-122.47559699962103, 37.975062000028586], [-122.47558499992549, 37.975065000344685], [-122.47561699971254, 37.97511699990245], [-122.4754789996203, 37.97517099986721], [-122.47570899977404, 37.975518999788726], [-122.47586399958475, 37.97555599967116], [-122.47587500035371, 37.9755170000625], [-122.47593100043022, 37.975475000133976], [-122.47625199992227, 37.97523900005482], [-122.4764169997787, 37.97517099986721], [-122.47646299980944, 37.975169000131515], [-122.47642099997665, 37.975136000235544], [-122.47641500012887, 37.9751270000038], [-122.47636200042544, 37.975084999852115], [-122.47637900014388, 37.97506799995246], [-122.47629399975506, 37.97500299992505], [-122.47610499960918, 37.97510699979968], [-122.47596099966911, 37.97491699971312], [-122.47615900003584, 37.974781999967654], [-122.47622500015808, 37.97473799987107], [-122.47628899973219, 37.9746939997481], [-122.47638300034183, 37.974630999848046], [-122.4764650003576, 37.97454400003198], [-122.47651899988594, 37.97448899972884], [-122.47674200036704, 37.974255999661146], [-122.47689600035281, 37.97409799999068], [-122.47703500026998, 37.97400399964894], [-122.47736099978493, 37.97394400022664], [-122.47760799965712, 37.97396400003951], [-122.47763199994655, 37.97396599980809], [-122.47786799994812, 37.97399300021881], [-122.4779240000246, 37.974019000027944], [-122.4784019998755, 37.974246000149215], [-122.47853800031794, 37.97425499978085], [-122.47872900011363, 37.9742680003483], [-122.47955500011909, 37.97470499978132], [-122.47949900004258, 37.97472900029871], [-122.47928499978237, 37.97482199983943], [-122.47922100020823, 37.97485200026003], [-122.47954500007336, 37.97502300015751], [-122.47977799970184, 37.974920000035084], [-122.4799080002965, 37.97486400014161], [-122.47993400023574, 37.97485300013226], [-122.48036799970572, 37.97501300004194], [-122.4804160002846, 37.975030999824085], [-122.48061700012606, 37.97505199991838], [-122.4809920000448, 37.97500299992505], [-122.4810270002049, 37.97500700011358], [-122.48102200018201, 37.975024000027354], [-122.48107099968749, 37.975276000078395], [-122.48110099982473, 37.9754039998629], [-122.48127800027505, 37.97538700003717], [-122.48136899961332, 37.97537899970121], [-122.48140999962122, 37.97548199988769], [-122.48153600001791, 37.975793000006654], [-122.48154100004079, 37.975803999875176], [-122.48159399974423, 37.97588899989788], [-122.48190699973868, 37.976409000018215], [-122.48223300015192, 37.97709299970286], [-122.4824990002907, 37.977391999902366], [-122.48258499960613, 37.97748200010048], [-122.48317799998304, 37.97805600023082], [-122.48330500020465, 37.97910799996564], [-122.48338300002247, 37.97975599992199], [-122.48397700022429, 37.98031299986831], [-122.48470500032043, 37.98063599969681], [-122.4860829997966, 37.981239000090355], [-122.48692300004573, 37.98163300007004], [-122.48741799961508, 37.981865000308524], [-122.48742500018606, 37.98187599997509], [-122.4874899995851, 37.98192300007652], [-122.48764299974597, 37.982036000152114], [-122.4876810002791, 37.98208799972739], [-122.48769999964736, 37.98213000011999], [-122.4877010003706, 37.98215299985276], [-122.48765899963946, 37.98247800032398], [-122.48763699989817, 37.982512999994746], [-122.48757800034694, 37.98260300028535], [-122.487209000276, 37.982967000098554], [-122.48716999991795, 37.983041000123706], [-122.48708500042746, 37.983062999810635], [-122.48701299955911, 37.98310000013815], [-122.48696599970341, 37.98313999972495], [-122.48695499983279, 37.98318399974085], [-122.4869330000915, 37.9832530000506], [-122.48692300004573, 37.98333100023029], [-122.48692700024371, 37.98340700010775], [-122.48693100044166, 37.98347399999035], [-122.48692999971844, 37.98359599970397], [-122.48692600041879, 37.98363700018895], [-122.48691100035018, 37.98367299976704], [-122.48689100025871, 37.98370699982429], [-122.48686600014433, 37.98372800026835], [-122.48683600000709, 37.983740999865844], [-122.48681000006783, 37.98378200026986], [-122.48668000037148, 37.98398099991927], [-122.48664299966323, 37.98403799968387], [-122.4865470003021, 37.98418600033159], [-122.48655700034783, 37.98422699977891], [-122.48636900002685, 37.984333999972804], [-122.4862870000111, 37.98438099991599], [-122.48627399959231, 37.9843880002364], [-122.4861189997816, 37.98438300010874], [-122.48610299988809, 37.98438199965835], [-122.48594499970434, 37.98431499989683], [-122.48587199990939, 37.984237999799404], [-122.48582300040391, 37.98418600033159], [-122.48574700023593, 37.9841049996983], [-122.48562800041024, 37.98410100000566], [-122.48540599975406, 37.98409200016529], [-122.48536700029433, 37.984073999773216], [-122.48531899971546, 37.98405199968135], [-122.48525400031643, 37.984009999680836], [-122.48391699994983, 37.983142999710815], [-122.48384499997982, 37.98307400000562], [-122.48369299964386, 37.98313800020638], [-122.48355700009972, 37.98310000013815], [-122.48347699973377, 37.98307100001699], [-122.48322200036397, 37.982979999830874], [-122.48306099980718, 37.98292200019031], [-122.48289799960054, 37.982878000017244], [-122.48275899968337, 37.98285400004054], [-122.48258499960613, 37.98284700028185], [-122.48251000016135, 37.98283999981444], [-122.48252100003202, 37.98291000021007], [-122.4825279997047, 37.98298299982328], [-122.48178200006522, 37.98347300023557], [-122.48201200021897, 37.98441500035329], [-122.4803929998201, 37.983876999874525], [-122.47963999960957, 37.9836250003257], [-122.47963799995978, 37.98360699981906], [-122.47965399985328, 37.98342799992956], [-122.4796890000134, 37.98324199988245], [-122.47973000002126, 37.98302199971293], [-122.47985399986982, 37.982365000221], [-122.47987800015927, 37.98224200010532], [-122.47995900035012, 37.98218699990628], [-122.4800070000307, 37.98198399983193], [-122.48004600038875, 37.98181999972447], [-122.47997799971839, 37.981368999663324], [-122.47995599997707, 37.981219000135575], [-122.47994699975625, 37.981163999877936], [-122.47994500010641, 37.981147999756615], [-122.4796770003178, 37.9810030001354], [-122.4794949998446, 37.98090500027316], [-122.47932099976737, 37.98081100015225], [-122.4789080002138, 37.98074399996246], [-122.4785009996097, 37.98040099972352], [-122.47809499972885, 37.980249000036025], [-122.47789899991025, 37.98017599982733], [-122.47774999994735, 37.979896000157545], [-122.4777030000917, 37.97980699989205], [-122.47768899984798, 37.979791999987846], [-122.47767899980222, 37.979787000255115], [-122.47768899984798, 37.97977899969073], [-122.47775699962004, 37.979733000146055], [-122.47808300003327, 37.97938300004935], [-122.47822000030062, 37.97923500033576], [-122.47799199979669, 37.97909799969858], [-122.47810999979745, 37.97899699996954], [-122.47833999995122, 37.97913599971488], [-122.4784930001121, 37.978981000083834], [-122.47850399998275, 37.97898900002712], [-122.47859000019646, 37.978905999688024], [-122.47866399981632, 37.97883300026768], [-122.47881399960414, 37.97865899987247], [-122.47888999977212, 37.97865099989322], [-122.47897500016094, 37.97866399968206], [-122.47905700017671, 37.978677999996705], [-122.47918600004814, 37.97866100022119], [-122.47922500040622, 37.97866600003063], [-122.47926999971372, 37.97866799967106], [-122.47926999971372, 37.97861400015484], [-122.4792660004141, 37.97855000025711], [-122.47912800032182, 37.97838300008416], [-122.47910599968219, 37.978352999690586], [-122.47907700026819, 37.978310999968684], [-122.47905100032892, 37.97827999972019], [-122.47903799991013, 37.978265000212], [-122.47901500034392, 37.97822699974471], [-122.47899799972718, 37.978198999648676], [-122.4790019999251, 37.97814099976983], [-122.4790220000166, 37.97804800018584], [-122.47901399962068, 37.978040000139984], [-122.47893400015307, 37.97801599999713], [-122.47891700043462, 37.97801100014346], [-122.47877699979422, 37.97812499969752], [-122.47844999955609, 37.978105000310315], [-122.4784019998755, 37.978057000059344], [-122.47831300018706, 37.97809000005824], [-122.47816300039919, 37.97811699966006], [-122.4779440001161, 37.97813599992461], [-122.4778319999631, 37.9781550001843], [-122.47737800040164, 37.97786400032665], [-122.47725000035513, 37.97784900002532], [-122.47721900039299, 37.97782800002316], [-122.47721400037013, 37.9778910000116], [-122.47679300042066, 37.97852799992533], [-122.47668000044277, 37.97847800030547], [-122.4764519999388, 37.97824100014278], [-122.47653399995458, 37.97787199968363], [-122.47559699962103, 37.977781999963746], [-122.47539599977961, 37.97776000010986], [-122.47536200034273, 37.97781599991811], [-122.47530600026623, 37.97794500005983], [-122.47526899955798, 37.978079999652415], [-122.47525199983957, 37.97816000002817], [-122.47525000018975, 37.97820000018336], [-122.47524500016685, 37.978327000000434], [-122.47541500004618, 37.9782989999426], [-122.47543500013765, 37.97829999976782], [-122.47622199978503, 37.97825499983007], [-122.47640599990804, 37.97861999978835], [-122.47650399981734, 37.97868400033308], [-122.47632200024246, 37.97880799985783], [-122.47621299956421, 37.97884900018563], [-122.47613499974639, 37.97886000030426], [-122.47623600002875, 37.97911000030217], [-122.47605199990574, 37.97907200027235], [-122.47550200008482, 37.97895800006502], [-122.47531899978671, 37.97891999995656], [-122.47531499958875, 37.979076000239175], [-122.47525900041056, 37.979357000016044], [-122.47521800040266, 37.97946299971285], [-122.47511600029544, 37.979657999810634], [-122.47501099981513, 37.97983999981212], [-122.47458499984278, 37.980506000241476], [-122.47433499959753, 37.980848999989654], [-122.4742979997876, 37.980892999963146], [-122.47426699982546, 37.98093099975804], [-122.47407500020485, 37.981163999877936], [-122.47392000039414, 37.98131199994972], [-122.47378999979948, 37.981452999831404], [-122.47342900012445, 37.98188200004994], [-122.47283599974755, 37.98258900001136], [-122.47277899984613, 37.982643999909094], [-122.47271699992186, 37.98269499999626], [-122.4726130001648, 37.9827619998209], [-122.47257600035486, 37.98278299982729], [-122.47166999998349, 37.98322399998992], [-122.47099399976587, 37.983554000150455], [-122.47039899973913, 37.98383900018899], [-122.47023100040794, 37.983904999928306], [-122.46951300035757, 37.98419099976462], [-122.46793199959347, 37.98478000011935], [-122.46787899989003, 37.984804000174215], [-122.4677929996763, 37.98484499998422], [-122.46769700031514, 37.9849199999746], [-122.46753699958326, 37.98502699986597], [-122.46741799975757, 37.98513099969684], [-122.46723000033492, 37.985327999768955], [-122.4671039999382, 37.98546899972223], [-122.46672800019458, 37.985892000080426], [-122.46660299962281, 37.98603400008572], [-122.46638300041307, 37.986248999720374], [-122.46577199959451, 37.98685299971913], [-122.46571999971594, 37.986890000259606], [-122.46563500022548, 37.986953999963966], [-122.4654689996458, 37.98706799978584], [-122.46521099990291, 37.98718999989589], [-122.46513399991007, 37.98722700026641], [-122.46490100028151, 37.98729799971957], [-122.46438400007258, 37.98740399998192], [-122.46410500041333, 37.98746200032784], [-122.46346600000565, 37.987592000204174], [-122.46155000040415, 37.98798300026832], [-122.46091199982136, 37.98811400032902], [-122.46058799995626, 37.98826899978519], [-122.46055799981904, 37.98828400008064], [-122.45963599955414, 37.98877399978442], [-122.45932000008499, 37.988942999742534], [-122.45907700041073, 37.98907400021299], [-122.45902299998404, 37.989103999763586], [-122.45864499969227, 37.98929800005403], [-122.45846999979008, 37.989396000034844], [-122.4583529996142, 37.98947499972912], [-122.45831400015446, 37.98950299977057], [-122.45815199977277, 37.98966399997867], [-122.45786300006777, 37.98947600011001], [-122.45767800011984, 37.98963800004815], [-122.45739199988958, 37.989847999986125], [-122.4565419995947, 37.99026600015035], [-122.45647499964757, 37.990289000164786], [-122.45434999980867, 37.99100700025186], [-122.45375099958395, 37.990680999671305], [-122.45353700022203, 37.99068200003581], [-122.45313899983877, 37.990971000024366], [-122.45293700017241, 37.99111799978013], [-122.45244300042798, 37.99107600028456], [-122.45242800035938, 37.99106600023253], [-122.4523660004351, 37.99102300034728], [-122.45216399987041, 37.990887000132815], [-122.45219300018273, 37.990836999730284], [-122.45223500001552, 37.99076699981746], [-122.45226699980257, 37.990713999657004], [-122.45229199991692, 37.990669999908775], [-122.45232000040434, 37.99062200008899], [-122.45240200042011, 37.9904850001799], [-122.45272899975996, 37.989931999651446], [-122.45258700036804, 37.98974599980812], [-122.45240200042011, 37.98972199995387], [-122.45228000022136, 37.98970499990487], [-122.45221599974894, 37.98969699971384], [-122.45217100044144, 37.98969100027798], [-122.45206699978603, 37.98967699994047], [-122.45202499995324, 37.98967200017329], [-122.45190500030265, 37.98965500011266], [-122.45185900027188, 37.98967499989204], [-122.45180099964725, 37.98970000013956], [-122.45177700025612, 37.9897099996698], [-122.45173500042333, 37.98972400000101], [-122.45171100013387, 37.9897320001891], [-122.45166799957785, 37.98974700018537], [-122.45164400018673, 37.989754999662956], [-122.45159899998089, 37.98976699993966], [-122.45153000038391, 37.98978500035107], [-122.45150400044464, 37.98979200015583], [-122.45146000006372, 37.9898000003365], [-122.45141200038314, 37.989809000184714], [-122.45138899991859, 37.989813000274204], [-122.45136299997935, 37.98981800003182], [-122.451345000436, 37.98982000007635], [-122.45131799977351, 37.989824000165235], [-122.45124599980348, 37.989832000342425], [-122.45121700038948, 37.98983500005462], [-122.4511849997041, 37.989837000098696], [-122.45117200018362, 37.989837000098696], [-122.45110000021361, 37.98983999981074], [-122.45107299955112, 37.98984100018671], [-122.45102700041866, 37.98983999981074], [-122.45095399972543, 37.989837999766706], [-122.45092600013632, 37.989837000098696], [-122.45086800041003, 37.98983300001051], [-122.45083599972465, 37.98983000029822], [-122.45058700020263, 37.989719000237045], [-122.45048900029332, 37.98967600027026], [-122.45044900011037, 37.989657000161635], [-122.45021700030676, 37.98971399976474], [-122.45009000008515, 37.98973999966832], [-122.44994399959698, 37.98982000007635], [-122.44983099961908, 37.98988100034653], [-122.44945400005052, 37.99008599984997], [-122.44956600020353, 37.99011299999396], [-122.44962399992983, 37.99017499968399], [-122.44972600003707, 37.9902830000694], [-122.4499019997642, 37.99079700009172], [-122.4500800000394, 37.99131599970799], [-122.45028099988085, 37.991672999857954], [-122.4504790002476, 37.99192399973629], [-122.45054500036981, 37.9920079998563], [-122.45076100027988, 37.992513999943625], [-122.45109000016785, 37.99331499990933], [-122.45207699983177, 37.995720000304054], [-122.45240700044297, 37.99652200023294], [-122.4526350000486, 37.99741800008995], [-122.45277200031595, 37.99795399984714], [-122.45578000006167, 37.99707499992794], [-122.45646999962467, 37.99687399983885], [-122.45656699970907, 37.996891000350175], [-122.45777400037932, 37.99708999983855], [-122.45921999962752, 37.99732700000104], [-122.46079200017077, 37.9981359997719], [-122.46092699988999, 37.99820500017765], [-122.46525100008591, 38.000429999811445], [-122.46663699995798, 38.00068800034312], [-122.47009699961532, 38.00124900011979], [-122.47510899972443, 38.00226800028816], [-122.48019500035169, 37.99967399995747], [-122.48225700044136, 37.99861700002828], [-122.48567100006795, 37.99686399986931], [-122.48786500040214, 37.995763000267594], [-122.48956400026866, 37.99621199976427], [-122.49444499995818, 37.997403000246415], [-122.49552200003377, 37.997674000061124], [-122.49587900040915, 37.99760900023606], [-122.50004299987319, 37.996858999884054], [-122.50032599973039, 37.99690399973915], [-122.50063000040234, 37.99685399989847], [-122.50133800040697, 37.99683000024595], [-122.50156000016486, 37.99714500019242], [-122.50178500029574, 37.997465000146065], [-122.50146700027842, 37.99773700000003], [-122.50213299955195, 37.998604999783595], [-122.50297600017416, 37.99854000007568], [-122.50313400035789, 37.99833500012957], [-122.50365900006445, 37.99842200005582], [-122.50376000034677, 37.99821600022605], [-122.5038730003247, 37.99820000028377], [-122.50398600030258, 37.99819200031135], [-122.50410000010541, 37.99819100004927], [-122.50426499996183, 37.99820500017765], [-122.50438299996263, 37.99818199981366], [-122.50489699979852, 37.99785299988074], [-122.5052249998616, 37.99756100000149], [-122.50542999990103, 37.99742499987426], [-122.50568599999404, 37.99692399966595], [-122.50581400004059, 37.99682799968462], [-122.50591799979765, 37.996804000023644], [-122.5064509999001, 37.99679599989889], [-122.5067460003512, 37.99684899991248], [-122.5068440002605, 37.996867000001885], [-122.50699099967527, 37.99687000013434], [-122.50706199982038, 37.996858999884054], [-122.50713100031568, 37.99684300035367], [-122.50719900008774, 37.996822000124084], [-122.50726400038508, 37.99679700018], [-122.50736700031722, 37.996744000128835], [-122.5074300000664, 37.996704999746164], [-122.50748799979276, 37.99666100005193], [-122.50754200021939, 37.996612999904855], [-122.5075899999, 37.996562000289366], [-122.50787000028247, 37.99618200028884], [-122.50796200034398, 37.995931000114176], [-122.50803400031401, 37.99588000002441], [-122.50814300009394, 37.99589200000708], [-122.50847600017988, 37.99610800006712], [-122.50852700023349, 37.99620800002371], [-122.50856599969326, 37.99631099999927], [-122.50859400018065, 37.996415999694875], [-122.50861000007419, 37.99652299980991], [-122.50861400027213, 37.996581000025316], [-122.50864299968613, 37.99663200033554], [-122.50868299986911, 37.99667799990476], [-122.50873300009782, 37.996719000158215], [-122.50877400010572, 37.996742999847], [-122.5090400002445, 37.99686099973662], [-122.51001100001488, 37.99707600020524], [-122.5102720001308, 37.99702099979963], [-122.51057199970643, 37.997035999721284], [-122.5106679999659, 37.997017000103185], [-122.51075300035473, 37.99696799991033], [-122.51089800011967, 37.996802000169474], [-122.51101699994535, 37.99674900012198], [-122.51119100002266, 37.99673299985967], [-122.51145100031363, 37.99679000033574], [-122.51185399982147, 37.996722999870904], [-122.51198799971577, 37.9965929998933], [-122.51205700021104, 37.99639199989908], [-122.51211699958718, 37.99632299991143], [-122.5124070000154, 37.99624300022408], [-122.51255400032849, 37.996116000266916], [-122.51287200034584, 37.995999000178635], [-122.51330099979292, 37.99573400019619], [-122.51356399955864, 37.995498999731296], [-122.51389699964457, 37.99479099997316], [-122.51412099995056, 37.99386999964769], [-122.51416600015638, 37.99379299966703], [-122.51421999968476, 37.99371800025169], [-122.51428199960904, 37.993648000256236], [-122.51442700027232, 37.993515000222466], [-122.51451400031092, 37.99345099987007], [-122.51453100002938, 37.99344199976076], [-122.51461399987006, 37.99340000017985], [-122.51466699957352, 37.99338000000009], [-122.51483200032827, 37.99336300009084], [-122.5149550003519, 37.9933949999584], [-122.51508300039845, 37.99340900029431], [-122.51514799979745, 37.993409999913645], [-122.51525400010264, 37.99340099979931], [-122.51593799981788, 37.99313699996488], [-122.51638100040695, 37.99307600027827], [-122.51652399962379, 37.993020999704946], [-122.517327000063, 37.9921989999314], [-122.51739099963709, 37.992070000068644], [-122.51739700038318, 37.991870999703714], [-122.51740700042893, 37.991856999782236], [-122.51744800043683, 37.991799000079105], [-122.51755399984373, 37.99175799990724], [-122.51774299998961, 37.991686000171725], [-122.51786400036343, 37.991609999666224], [-122.51797700034133, 37.991525999798384], [-122.51802800039495, 37.991479999829984], [-122.5180800002735, 37.9914339998328], [-122.5181589999162, 37.99134999976343], [-122.51861900022375, 37.99160599967472], [-122.51876099961567, 37.991686000171725], [-122.51941500009197, 37.99186600008608], [-122.51964400042083, 37.99188199999414], [-122.52014999986079, 37.99181100002146], [-122.52031600044046, 37.991787999776236], [-122.52066799989464, 37.991860999760114], [-122.52056300031266, 37.9920520002179], [-122.52065799984892, 37.992097999827614], [-122.5210749996004, 37.99220099991101], [-122.52155400017455, 37.99252999971036], [-122.52190499980381, 37.99288799995026], [-122.52225899980616, 37.99315599988009], [-122.52236799958608, 37.99356999971743], [-122.5224169999899, 37.99401599964658], [-122.52323200012466, 37.994529999706174], [-122.52364800005128, 37.99479900031655], [-122.5239739995662, 37.99500900034689], [-122.52415199984145, 37.99512500029461], [-122.52422100033671, 37.99515300030335], [-122.52507699958106, 37.99551200007493], [-122.52532500017651, 37.9955450000111], [-122.52539100029875, 37.99556700019626], [-122.52575699999664, 37.99568900033113], [-122.52588800041617, 37.9957499999685], [-122.52628400025134, 37.995932999992036], [-122.52641599959748, 37.99599400013436], [-122.52654000034435, 37.99603800022878], [-122.52689500017162, 37.99616400003132], [-122.52691500026309, 37.99616900006396], [-122.5269500004232, 37.99617999970984], [-122.5270440001345, 37.99626700006868], [-122.52745500003826, 37.99650700020623], [-122.52770500028352, 37.99630200024089], [-122.5279580000035, 37.99609499982912], [-122.52805599991278, 37.996067999763156], [-122.52802999997351, 37.99601499989314], [-122.52793100023932, 37.99580800008725], [-122.52790500030007, 37.995729999721576], [-122.52790100010209, 37.9956899999194], [-122.52789799972903, 37.995653999866406], [-122.52791699999561, 37.995576000044885], [-122.52793399971407, 37.99553800004736], [-122.52797399989701, 37.99546599977443], [-122.52815600037022, 37.99514199979556], [-122.52821699957127, 37.995034999789674], [-122.52826299960203, 37.99495300020879], [-122.52856700027392, 37.99516700030371], [-122.5287460003741, 37.995291000291324], [-122.52868100007674, 37.99541199987736], [-122.52889199996397, 37.995555999750565], [-122.52927199990556, 37.99581699990631], [-122.52942599989136, 37.99592799994326], [-122.52936300014214, 37.99598599992132], [-122.52901800036067, 37.996282000144475], [-122.52866699983306, 37.996555999999096], [-122.52843199965642, 37.99674099999123], [-122.52827900039385, 37.99686000016431], [-122.52782300028427, 37.997217999800384], [-122.52767099994831, 37.997338000181124], [-122.52789000023142, 37.997510999900776], [-122.52854999965722, 37.998030999707076], [-122.52876999976523, 37.99820500017765], [-122.52869699997031, 37.99825499980523], [-122.52863500004604, 37.99830699991982], [-122.52831899967852, 37.99854499994638], [-122.52881099977313, 37.998933999882496], [-122.52894700021555, 37.99904099986341], [-122.52906000019344, 37.99913000015864], [-122.52927000025574, 37.998949000120795], [-122.52971700014449, 37.99929900032654], [-122.52942500006644, 37.99953299969827], [-122.5293530000964, 37.99959000012185], [-122.52913899983618, 37.9997630001924], [-122.52906799969107, 37.999820999969195], [-122.52889600016192, 37.99995899966876], [-122.52837999977788, 38.000374999797494], [-122.52820900007366, 38.000514000100644], [-122.52812200003503, 38.00058599966522], [-122.52786099991911, 38.000800999831974], [-122.5277749997054, 38.00087400004816], [-122.52769299968962, 38.00094100026015], [-122.52745000001538, 38.001143000042894], [-122.52736899982452, 38.001211000230015], [-122.52735100028119, 38.001196999967654], [-122.52729699985451, 38.001154999872284], [-122.52728000013607, 38.001141999821066], [-122.52720899999096, 38.00120899978825], [-122.52683700044527, 38.00151399999564], [-122.52697700018736, 38.00162399968954], [-122.52874200017612, 38.002977999754954], [-122.52914800005699, 38.00327900032814], [-122.52868399955152, 38.0035190001703], [-122.52824699970849, 38.003783000151124], [-122.52780900004058, 38.00410700017984], [-122.52777399988048, 38.004123000249066], [-122.5277400004436, 38.004166999713476], [-122.52766299955239, 38.00422800008557], [-122.5276149998718, 38.00428300004104], [-122.52716499961004, 38.00466299982895], [-122.52712199995231, 38.00469800024127], [-122.5269860004082, 38.004793999830234], [-122.52694100020233, 38.004825999665314], [-122.52692699995865, 38.004925000305334], [-122.52689900036954, 38.00497999973798], [-122.52680899995788, 38.00510100032655], [-122.52677399979777, 38.00511200004845], [-122.5261910003649, 38.005122999768645], [-122.52576700004238, 38.00517200017534], [-122.52567699963069, 38.00520500001188], [-122.52558600029242, 38.00527100034817], [-122.52538299990283, 38.00546800013001], [-122.52525300020648, 38.00559500017224], [-122.5251770000385, 38.00564499971608], [-122.52494699988472, 38.0057540001324], [-122.52484999980034, 38.00582600021461], [-122.52477399963239, 38.00584199990867], [-122.52441299995733, 38.00603400021223], [-122.52427400004017, 38.00612199965249], [-122.52417600013086, 38.00619900013779], [-122.52414199979569, 38.006259000083], [-122.52414799964347, 38.00633599971658], [-122.52435600005593, 38.00705600013561], [-122.52435600005593, 38.00708499997681], [-122.52414099997078, 38.007598000324144], [-122.52412900027521, 38.00765899996525], [-122.52407999987142, 38.00792299990375], [-122.52405899995502, 38.00803400002033], [-122.52430800037536, 38.00822600024603], [-122.52672899959195, 38.00952700012576], [-122.52688299957772, 38.009649999791904], [-122.52710500023387, 38.00979299991541], [-122.52732699999173, 38.00991400034651], [-122.52749400039632, 38.0099639997761], [-122.52753899970385, 38.009971999879845], [-122.52784800039863, 38.010007999982015], [-122.52820499987568, 38.01004899986059], [-122.52820400005079, 38.01014300003079], [-122.528162000218, 38.01296800034988], [-122.528154999647, 38.01338300022453], [-122.52783599980476, 38.013511000056255], [-122.52555399960706, 38.01441199990146], [-122.52477600018052, 38.01471500031748], [-122.52446099963791, 38.01483799977152], [-122.52332199963804, 38.01487599967625], [-122.52185799994817, 38.01492599996777], [-122.51958900016922, 38.01433400021527], [-122.5195670004279, 38.01457099984848], [-122.5195039997804, 38.015224000233694], [-122.5194820000391, 38.015442000021864], [-122.51942199976466, 38.01604400021185], [-122.51941500009197, 38.016108999973035], [-122.51890100025607, 38.01716899970251], [-122.51888500036252, 38.01720199980056], [-122.51862500007154, 38.01752399997728], [-122.51843500010074, 38.01775899992098], [-122.51804199974035, 38.01824600018512], [-122.51715499963554, 38.01933899998911], [-122.5171019999321, 38.01940399965884], [-122.51686799958036, 38.02007700013402], [-122.51668600000548, 38.02060200033025], [-122.51661300021055, 38.02081200006329], [-122.51651299975313, 38.021099000305625], [-122.51638800007964, 38.02111900000198], [-122.51535500038499, 38.021286999783605], [-122.51514299977458, 38.02132100009692], [-122.50543699957372, 38.018176000248914], [-122.50389900026397, 38.01832299996691], [-122.50398399975445, 38.02217499971192], [-122.50179699999131, 38.022212000124114], [-122.50193400025864, 38.02582199984438], [-122.50640599969425, 38.02574600004437], [-122.50641900011304, 38.02615600034026], [-122.50651199999947, 38.029095999915754], [-122.50823599998037, 38.02853000029964], [-122.50994700044077, 38.027938000053005], [-122.51115800041069, 38.02750799975285], [-122.51151099968979, 38.0273729998457], [-122.51179500027023, 38.027263999733876], [-122.51337000028819, 38.026661999720424], [-122.51344800010601, 38.02663299984055], [-122.51429300037802, 38.0262849996792], [-122.51612699996376, 38.02553000025674], [-122.51686699975544, 38.02520699998246], [-122.51705599990134, 38.02533899995988], [-122.51713799991713, 38.02539600013394], [-122.51733700010874, 38.025534999702096], [-122.51802599984681, 38.02602000018226], [-122.51802699967173, 38.02563499985958], [-122.5181229999312, 38.02570200008686], [-122.51880300034676, 38.02615399987147], [-122.51886600009595, 38.02618899992944], [-122.51893800006599, 38.02621600022559], [-122.51901400023397, 38.02623099983544], [-122.51905600006675, 38.02623300030213], [-122.51909399970161, 38.02623500006112], [-122.51917400006754, 38.02622700031718], [-122.51925000023552, 38.026206000012245], [-122.51932100038061, 38.0261750001913], [-122.51938499995472, 38.02613500001492], [-122.51942199976466, 38.02610099981248], [-122.5198619999807, 38.025694000284716], [-122.5199530002173, 38.025610999720975], [-122.52004799975354, 38.02554699978481], [-122.52033700035685, 38.02540200018694], [-122.52035599972511, 38.02538699969973], [-122.52049700019042, 38.02533499968527], [-122.52061500019121, 38.0253059999878], [-122.52077599984968, 38.02529399986562], [-122.52106999957756, 38.02528500012654], [-122.52114499992062, 38.025279000063954], [-122.52124299982992, 38.02525900008771], [-122.52139699981569, 38.02520199980707], [-122.521502000296, 38.02514400029538], [-122.52152300021238, 38.02512799986075], [-122.52159500018242, 38.02507599966253], [-122.52198500016976, 38.02474700011128], [-122.52247600043943, 38.024486000326256], [-122.52280600015231, 38.02420599996241], [-122.52312300034471, 38.02398899997053], [-122.52434500018528, 38.02206299984221], [-122.52478700005118, 38.022344999768364], [-122.52803400017149, 38.024417999790344], [-122.5299509995979, 38.025789999975466], [-122.53084199990064, 38.02614000012664], [-122.53288399989887, 38.02601099982471], [-122.5381389996822, 38.024911999666514], [-122.5382309997437, 38.024474999973236], [-122.53826300042908, 38.02431900000041], [-122.53835999961514, 38.023854999860085], [-122.53839300012541, 38.0236999998966], [-122.53848699983675, 38.023310999735905], [-122.53877200024212, 38.02214600017913], [-122.53886699977834, 38.02175800020118], [-122.53889500026575, 38.021638000156806], [-122.53893700009856, 38.021467999875526], [-122.53899399999995, 38.021283999942526], [-122.53903099980987, 38.02116800033194], [-122.53910500032804, 38.02120399988909], [-122.53913499956694, 38.021218999817336], [-122.53929000027597, 38.021283999942526], [-122.53933499958347, 38.02130300034929], [-122.5394119995764, 38.02133600000123], [-122.54002800041783, 38.021598000334244], [-122.54021900021357, 38.02168299966572], [-122.54036200032868, 38.02175499967169], [-122.54044099997142, 38.02179600005631], [-122.5406159998736, 38.02189599965543], [-122.54076300018669, 38.02198800032661], [-122.5408200000881, 38.022024000188594], [-122.54126199995396, 38.02239599984991], [-122.54130899980962, 38.022435999944555], [-122.54154700035932, 38.02263300030432], [-122.54194300019442, 38.022971000172625], [-122.54212800014237, 38.02311900010148], [-122.54232700033398, 38.02327800026574], [-122.54291300013992, 38.02371200027985], [-122.54299799963043, 38.02377299995678], [-122.54374199962008, 38.02425800007042], [-122.5439950002384, 38.02441099975243], [-122.54412699958456, 38.024490999842804], [-122.54456900034874, 38.02473800030496], [-122.54465600038739, 38.02478300003303], [-122.54490999993227, 38.02491300027171], [-122.54502499956003, 38.024970000069516], [-122.54512699966726, 38.02501299986281], [-122.54631699972077, 38.02551800017124], [-122.54658299985955, 38.02561800035193], [-122.54707499995412, 38.02580399978717], [-122.54721100039657, 38.02585500029169], [-122.54761999975219, 38.026009999942154], [-122.54775700001952, 38.026062000185135], [-122.54791799967802, 38.0261220001475], [-122.5484030000999, 38.02630199973973], [-122.54856499958328, 38.02636300009093], [-122.54915700013532, 38.026582999752335], [-122.54973700009344, 38.026798999973664], [-122.55008000022512, 38.02689700008034], [-122.5504529995957, 38.026979000025534], [-122.55083300043563, 38.02703499976278], [-122.55098599969817, 38.0270459997314], [-122.551219000225, 38.027065000059274], [-122.55146600009721, 38.027070000107514], [-122.55161800043317, 38.02706599992742], [-122.55166699993863, 38.02706400019111], [-122.55181699972648, 38.02705800027425], [-122.55186699995521, 38.02705699969837], [-122.5520850004134, 38.02704900004422], [-122.55274200036445, 38.02702700010617], [-122.55296199957415, 38.027020000317535], [-122.55359400030912, 38.02700299971597], [-122.55425299990998, 38.026986999687324], [-122.55464200007243, 38.026952999880265], [-122.55502600021198, 38.0268929998908], [-122.5554010001307, 38.026806999655165], [-122.55547499975054, 38.02678399977252], [-122.55574099988932, 38.02670400006291], [-122.55605300005885, 38.02653400021298], [-122.55633000006829, 38.026381999888294], [-122.55642399977964, 38.02633200033642], [-122.55689099975986, 38.02608700005752], [-122.55742999971011, 38.02581599982582], [-122.55756100012967, 38.025771000024534], [-122.55796199998767, 38.02563499985958], [-122.55817899972267, 38.02557999964828], [-122.55849599991505, 38.0255000000393], [-122.55883999987164, 38.02547200029704], [-122.55906400017763, 38.02545400015379], [-122.55969099999143, 38.02547200029704], [-122.55994000041179, 38.02548600016951], [-122.56133799997941, 38.02556900016721], [-122.56237400004716, 38.02561599986845], [-122.56256700039098, 38.025610999720975], [-122.56308600024975, 38.02559899964875], [-122.56323600003759, 38.02559199972367], [-122.56344299972682, 38.02557600009453], [-122.56423299974723, 38.025519999949765], [-122.56426100023467, 38.02551900006051], [-122.5662150003693, 38.02537100002582], [-122.56660199998359, 38.025343000234265], [-122.56739200000402, 38.02528600001899], [-122.56765899996772, 38.02526600004465], [-122.56813400034386, 38.02523200014653], [-122.56846300023183, 38.025217000332155], [-122.56873199984535, 38.02520500019541], [-122.56918999960473, 38.02522199979887], [-122.56951500019306, 38.02526099987329], [-122.56980399989807, 38.02531399983232], [-122.56990199980736, 38.02533299990171], [-122.5708829996235, 38.025633000084206], [-122.57204500008791, 38.02607099982883], [-122.57284699980389, 38.02641199974459], [-122.5732059998291, 38.026564999882034], [-122.57381599992446, 38.02688699995994], [-122.57399199965155, 38.026687000095656], [-122.57417900014762, 38.026587999833424], [-122.57586299994553, 38.02567299982701], [-122.57647499969073, 38.025342000342604], [-122.57874699984272, 38.02555100004779], [-122.58204300036682, 38.02546100009211], [-122.58387399957951, 38.02542000034292], [-122.58445000023801, 38.02540800023941], [-122.58505299976237, 38.02539299975342], [-122.58580199977492, 38.02565200007088], [-122.58693400010208, 38.02709000029698], [-122.58664200002403, 38.02747800034539], [-122.58705200010287, 38.027356000033684], [-122.58760899959647, 38.02706099987895], [-122.5877169995515, 38.026854999848496], [-122.58794699970528, 38.02623300030213], [-122.58818899955462, 38.02598599992644], [-122.5885030002723, 38.025665999908945], [-122.58877699990866, 38.02521200015751], [-122.5887500001445, 38.024846999928954], [-122.58876900041105, 38.024825999936084]], [[-122.5502779996935, 37.99171400007727], [-122.54987099998775, 37.99217500017168], [-122.54922699955719, 37.992887000323755], [-122.54926099989238, 37.99291699973102], [-122.54898999973074, 37.99328600028585], [-122.54853000032152, 37.99381599999149], [-122.54828000007626, 37.99409199978312], [-122.5482130001291, 37.99405300011411], [-122.54783499983733, 37.99448499981039], [-122.5470940002207, 37.99533300020537], [-122.54701999970254, 37.99541699996125], [-122.5466280000654, 37.99515500020242], [-122.54559700002054, 37.99446300000859], [-122.5450439998266, 37.994073999720655], [-122.54491300030533, 37.994189999731205], [-122.54463600029588, 37.994000000203975], [-122.54451800029511, 37.9941299998219], [-122.54427800009563, 37.99435800034889], [-122.54423399971468, 37.99440099969506], [-122.54418600003412, 37.994423999828925], [-122.54417099996549, 37.99449100027004], [-122.54406999968316, 37.99457299965946], [-122.54324299985281, 37.99523400006612], [-122.54300600002635, 37.99542300034465], [-122.54255699958945, 37.99564199984479], [-122.54228999962577, 37.99577299967931], [-122.54101799955649, 37.9963930001857], [-122.54101699973157, 37.99631099999927], [-122.54102099992954, 37.996201999704525], [-122.54100000001314, 37.99602600027], [-122.54100099983808, 37.99541500006933], [-122.54098900014249, 37.99519200009544], [-122.54096999987591, 37.99507400035241], [-122.54095200033257, 37.99495700001784], [-122.5408779998144, 37.994671999982884], [-122.54078199955495, 37.994477000140655], [-122.54073700024742, 37.994385999942466], [-122.54068299982073, 37.99427700032668], [-122.54053600040595, 37.99405199979558], [-122.54035999978055, 37.99383999992227], [-122.540167000335, 37.99364600031608], [-122.54015599956605, 37.993635999906445], [-122.53995200024985, 37.993461999923554], [-122.5399120000669, 37.9934329996503], [-122.53966500019469, 37.99325499999219], [-122.53940999992656, 37.993106000316146], [-122.5391170000236, 37.99296900009037], [-122.53885900028075, 37.99287099992693], [-122.53883300034147, 37.992861000119596], [-122.53861499988326, 37.99278300015985], [-122.53857600042352, 37.99277399996852], [-122.5382440001625, 37.99270199981429], [-122.53815499957572, 37.99268800005141], [-122.53790900042674, 37.99265100031123], [-122.53687599983377, 37.99252900007903], [-122.53644999986139, 37.99247900008771], [-122.53630099989851, 37.992461000337386], [-122.53585400000975, 37.99240700035184], [-122.5357729998189, 37.992398000114434], [-122.53570500004685, 37.99239299982475], [-122.53532000008236, 37.99233400020339], [-122.5348299996376, 37.992218999725125], [-122.53441500043422, 37.9920970001904], [-122.5339989996093, 37.99195099991178], [-122.53360199994927, 37.99176799986494], [-122.53322899968035, 37.99156199975352], [-122.5328649996323, 37.99132599972594], [-122.53250300013237, 37.99105000014649], [-122.53236900023808, 37.990932000111975], [-122.53175099974676, 37.99035600013495], [-122.53152399996604, 37.990163999845585], [-122.53132800014747, 37.990024000084716], [-122.53125500035254, 37.9899799999227], [-122.53117800035965, 37.9899399998168], [-122.53109600034388, 37.989907000190925], [-122.53101199977998, 37.98987900030367], [-122.53092399991644, 37.98985699982845], [-122.53066500034866, 37.98981699965554], [-122.5306190003179, 37.98981399994255], [-122.5305759997619, 37.98981699965554], [-122.53048899972322, 37.98983000029822], [-122.53025699991966, 37.98988299968135], [-122.53029399972955, 37.98981199989786], [-122.53055300019565, 37.989661999929886], [-122.5306679998234, 37.98957599990429], [-122.5307370003187, 37.98951399970809], [-122.53062500016568, 37.98943500005586], [-122.53096099972636, 37.98919100001932], [-122.53150999972235, 37.9892419998039], [-122.53160799963162, 37.98911499976093], [-122.531604000332, 37.98892400015208], [-122.53160099995894, 37.98877500017494], [-122.53160099995894, 37.988719000233594], [-122.5316620000583, 37.988741000342074], [-122.5317730003864, 37.9888000000212], [-122.53182500026493, 37.98883399982672], [-122.5319070002807, 37.98885599990071], [-122.53203699997705, 37.988860000042166], [-122.5321109995969, 37.98884000004061], [-122.53217000004642, 37.988808000309994], [-122.53218900031298, 37.98879599987642], [-122.53223500034377, 37.988757999906504], [-122.53231999983426, 37.988659000097314], [-122.53237199971278, 37.98855599999666], [-122.53248700023882, 37.988368999808735], [-122.53253300026958, 37.988275000045356], [-122.53308800011337, 37.98711900033821], [-122.53321899963463, 37.986852000010444], [-122.53328200028214, 37.986715000141245], [-122.53418500028044, 37.9868889998434], [-122.53556500030476, 37.987161999679685], [-122.53554199984022, 37.98761300024428], [-122.53584700033706, 37.987618999850014], [-122.53640899985352, 37.98741700034424], [-122.53665200042609, 37.98709699974334], [-122.53711400038344, 37.98689800004866], [-122.5372239999883, 37.98691299991639], [-122.53757600034082, 37.98695800020913], [-122.53773500034946, 37.9869780000157], [-122.53810500024534, 37.98703699969656], [-122.53841700041485, 37.98706299984087], [-122.53840599964587, 37.987112000278415], [-122.53873500043217, 37.98711900033821], [-122.53888100002204, 37.98711399968869], [-122.53903500000784, 37.98742299996601], [-122.53927199983431, 37.98785299966882], [-122.53948899956927, 37.9878829997187], [-122.53954800001883, 37.98789899978746], [-122.53958400000383, 37.98789899978746], [-122.54174300017789, 37.987910999659796], [-122.54280199981183, 37.98841500031184], [-122.54289999972113, 37.98826399992207], [-122.54422299984404, 37.98837900022839], [-122.54458799971701, 37.988112999929506], [-122.54512699966726, 37.98809999969057], [-122.54502100026036, 37.988382], [-122.54481000037316, 37.988605999829886], [-122.54455400028014, 37.988844000182986], [-122.54432300030145, 37.98893700024501], [-122.54410599966816, 37.988986000138944], [-122.54432499995126, 37.98908399982855], [-122.54498100007739, 37.989378999910315], [-122.54545700027845, 37.98958499977998], [-122.54748199965991, 37.99047700007393], [-122.54839399987908, 37.99088599977111], [-122.54910400043184, 37.99119600009439], [-122.5502779996935, 37.99171400007727]], [[-122.51040199982712, 37.968129999998716], [-122.51052300020095, 37.968147000088706], [-122.50978400023416, 37.96874000013954], [-122.50967100025626, 37.96883400014012], [-122.50957800036983, 37.96891300001739], [-122.50947500043769, 37.96899900018156], [-122.50910100034385, 37.96931399993917], [-122.50908399972711, 37.96935399995787], [-122.50906500035885, 37.969398999687215], [-122.50902299962773, 37.96949700004103], [-122.50898300034308, 37.96959199972441], [-122.50896699955126, 37.96961299995833], [-122.5089149996727, 37.96972799975038], [-122.50887299983991, 37.96981900008015], [-122.50881299956546, 37.969951999868904], [-122.50875700038728, 37.97007300017026], [-122.50863699983837, 37.97034900004702], [-122.50856400004342, 37.97054700007376], [-122.50849799992118, 37.97068800009987], [-122.50833700026271, 37.97103500010571], [-122.50824799967592, 37.971175999902705], [-122.50810600028402, 37.97140500015612], [-122.50807899962153, 37.97146500023738], [-122.50805799970514, 37.971629000114824], [-122.50803699978874, 37.97179500016179], [-122.50801199967438, 37.97185100027211], [-122.50774999973356, 37.97247300021856], [-122.50769600020521, 37.972600000031065], [-122.50757400000647, 37.972888999716716], [-122.50735800009637, 37.973405000278476], [-122.5070550001477, 37.97413399999932], [-122.50779599976431, 37.97535699983518], [-122.50807500032188, 37.975874999759284], [-122.5082250001097, 37.976065000198524], [-122.50798099971225, 37.97627599989002], [-122.50751999957978, 37.97667699995432], [-122.50747299972413, 37.97673899966805], [-122.50744699978486, 37.976828999958784], [-122.50741900019575, 37.977013000288366], [-122.50742500004354, 37.97710000001039], [-122.50726500020998, 37.977176999808535], [-122.50703800042925, 37.97728500020775], [-122.50659800021319, 37.97749599993255], [-122.5065689999009, 37.97747499982939], [-122.5065050003268, 37.97742900025679], [-122.50576700018489, 37.97819500034217], [-122.505730000375, 37.978552999722474], [-122.50634100029525, 37.978362000234796], [-122.50646299959568, 37.97832399981774], [-122.50696999975888, 37.978662000041474], [-122.50710700002622, 37.97861000016284], [-122.50757800020442, 37.97843299976875], [-122.50761300036453, 37.978552999722474], [-122.50765000017442, 37.978637000281466], [-122.50767100009085, 37.97867599964846], [-122.50772100031956, 37.978764000050454], [-122.50778300024383, 37.97885200034692], [-122.50788299980294, 37.978873000056076], [-122.50767299974066, 37.97898900002712], [-122.50714100036141, 37.97928400033621], [-122.50703000003332, 37.979297999824546], [-122.50679200038195, 37.97932900035112], [-122.50658800016748, 37.97935499968626], [-122.50650600015169, 37.979386000188754], [-122.50593700006422, 37.979608000252576], [-122.50576299998693, 37.97972699989549], [-122.50573600022277, 37.979777999885656], [-122.5056619997046, 37.979922999803], [-122.50565500003191, 37.9800540000924], [-122.50557499966597, 37.98008600010053], [-122.50550299969595, 37.98010000014396], [-122.50548500015259, 37.98010400005475], [-122.50541400000748, 37.98011299967614], [-122.50532399959582, 37.98009900034327], [-122.50510400038608, 37.980051999781665], [-122.50503599971572, 37.980071000253346], [-122.50488400027807, 37.980114999985226], [-122.50482700037664, 37.98013100033177], [-122.50476499955406, 37.980143999858456], [-122.5048509997678, 37.98035099996358], [-122.50487300040741, 37.98040399982131], [-122.50493399960844, 37.98046800022646], [-122.50506199965497, 37.980410000016576], [-122.50510199983795, 37.98039900013032], [-122.50521900001381, 37.98037599984781], [-122.5052609998466, 37.98046800022646], [-122.5052469996029, 37.9804760000077], [-122.50479600041452, 37.98074199967053], [-122.50419600036489, 37.98109099987135], [-122.50396000036334, 37.98161499978282], [-122.50295600008266, 37.98217799983118], [-122.50283499970884, 37.98229500001348], [-122.50276299973883, 37.98230499984489], [-122.50259500040767, 37.982328000230886], [-122.50227200036746, 37.98237200002561], [-122.50219899967422, 37.98229599978426], [-122.50212500005436, 37.98221899969238], [-122.50194900032727, 37.98218499965368], [-122.50181299988485, 37.98220500005319], [-122.50162799993689, 37.982332000020236], [-122.50118600007103, 37.982214999896925], [-122.50107300009313, 37.98206299971831], [-122.5010630000474, 37.982049999823545], [-122.50088300012233, 37.98202300025251], [-122.50067499970987, 37.98192000004083], [-122.50065899981634, 37.981911999708984], [-122.50058400037157, 37.9819309996991], [-122.5005729996026, 37.98193399973439], [-122.50021299975252, 37.98198099979868], [-122.49999900039057, 37.98254699988147], [-122.49854499984811, 37.98219900000474], [-122.49852599958153, 37.982192999955764], [-122.49872300012335, 37.98146899988623], [-122.49874900006259, 37.98139300012576], [-122.498621999841, 37.981465000049845], [-122.49859500007682, 37.98125699976172], [-122.49873200034418, 37.980698000314575], [-122.49905299983622, 37.980554000306824], [-122.49780699970624, 37.98052199979474], [-122.4971430000825, 37.98093200025547], [-122.49704000015034, 37.981170000011005], [-122.49700800036328, 37.98124600000242], [-122.49694600043901, 37.98166200005143], [-122.49692600034754, 37.98172500028899], [-122.49689799986011, 37.98175299974784], [-122.49684400033175, 37.981770000223214], [-122.49678700043034, 37.98175400023407], [-122.49673600037671, 37.981729999889694], [-122.49662599987357, 37.98168000032711], [-122.49658499986568, 37.98166699965642], [-122.49653299998714, 37.981669999702454], [-122.4964950003523, 37.98169000024239], [-122.49648199993351, 37.98170300020093], [-122.49637700035153, 37.981888999900676], [-122.49617599961175, 37.98188100027351], [-122.49511699997782, 37.981872999937416], [-122.49505599987846, 37.981844000039416], [-122.49501200039585, 37.97979400030568], [-122.49498599955824, 37.9783679998889], [-122.49497700023574, 37.977861999956204], [-122.49510000025938, 37.97786799965119], [-122.49569100008816, 37.977899000073705], [-122.4960169996031, 37.978021999679534], [-122.49625799962752, 37.97690600004123], [-122.49607900042571, 37.9769270003072], [-122.49509000021364, 37.977400999856314], [-122.49508799966549, 37.97729400017482], [-122.49508500019077, 37.977122999903365], [-122.49498300008354, 37.97647500006685], [-122.4949820002586, 37.975998999781204], [-122.49498399990843, 37.97586200018458], [-122.49499499977908, 37.97538700003717], [-122.49522300028302, 37.97539600023698], [-122.49527299961345, 37.975397999966496], [-122.4954380003682, 37.975387999902054], [-122.4956009996765, 37.97536600003866], [-122.4957620002333, 37.97533300023126], [-122.49589799977741, 37.975293999796044], [-122.4959179998689, 37.975288999756884], [-122.49611299986256, 37.9752160002796], [-122.49620300027425, 37.97517099986721], [-122.49626600002344, 37.97514100028506], [-122.49646500021505, 37.97501700022997], [-122.4965510004288, 37.974964000022574], [-122.4969249996243, 37.9747059996555], [-122.49805000027878, 37.973935999733456], [-122.49842500019751, 37.97367899989014], [-122.49879199972031, 37.9734250002382], [-122.49946899976283, 37.97295799979195], [-122.4997059995893, 37.97278999974179], [-122.49988300003962, 37.972631999748415], [-122.4999650000554, 37.9725519997207], [-122.50013900013265, 37.97235500005088], [-122.50017199974462, 37.972303999859705], [-122.50021100010268, 37.97224399975603], [-122.50023700004196, 37.97219500001267], [-122.50026700017918, 37.972141999892116], [-122.50035300039289, 37.97196299965648], [-122.50040000024858, 37.97185200018517], [-122.50044999957896, 37.97173600026489], [-122.50049099958686, 37.971639999899196], [-122.50059100004428, 37.97142499995258], [-122.50080199993148, 37.97097000004783], [-122.50087599955133, 37.970834000198124], [-122.50096500013807, 37.970702999740176], [-122.50106600042045, 37.970580999838646], [-122.50127399993457, 37.970442000179744], [-122.50149700041567, 37.97031700004268], [-122.5017330004172, 37.970208000077996], [-122.50185399989272, 37.97016000032807], [-122.50214199977282, 37.97025900030897], [-122.50227999986507, 37.97027000029861], [-122.50269599979167, 37.97030500012591], [-122.50276299973883, 37.97031099973048], [-122.5028110003177, 37.97036600033138], [-122.50312699978689, 37.97073099986312], [-122.50332900035158, 37.97096499971413], [-122.50350900027662, 37.971632999779104], [-122.50359600031527, 37.97172399987196], [-122.50388599984518, 37.97186700029575], [-122.5039159999824, 37.97188199969517], [-122.50423200034992, 37.97192199973096], [-122.50436299987116, 37.97191199990108], [-122.50455000036723, 37.97185200018517], [-122.50461499976623, 37.971807999748606], [-122.50530500022755, 37.971354999932885], [-122.50553600020622, 37.97120499976711], [-122.50555299992467, 37.97117400005817], [-122.50560700035133, 37.97108200006814], [-122.50562499989468, 37.971052000231204], [-122.50581300021567, 37.97072999993475], [-122.50601800025507, 37.97054099978036], [-122.50608400037731, 37.97048099965208], [-122.50695100039061, 37.96995800021045], [-122.50698900002546, 37.9699279999142], [-122.50702099981251, 37.96989399984689], [-122.50704400027703, 37.969856000003006], [-122.50705900034565, 37.96981600025787], [-122.50706400036854, 37.96977399990004], [-122.50706099999546, 37.9697310002845], [-122.50704799957667, 37.96968999982059], [-122.50702599983538, 37.96965199987106], [-122.50699599969815, 37.96961599978895], [-122.50695899988821, 37.969586000061085], [-122.5069160002305, 37.96956100004248], [-122.50659300019032, 37.96941800008398], [-122.50631500035598, 37.96929600017154], [-122.50618700030948, 37.969233999836504], [-122.50610100009577, 37.96915800015398], [-122.50605199969195, 37.96908199968454], [-122.50606099991276, 37.968984000193146], [-122.50606500011074, 37.968949999688654], [-122.5061689998678, 37.96871299992124], [-122.50620900005077, 37.968624000259204], [-122.50622999996716, 37.968575000224206], [-122.50624199966272, 37.96854999986129], [-122.50613100023297, 37.96848199985097], [-122.50608699985203, 37.968455000245974], [-122.50605699971481, 37.96846699975688], [-122.50596800002636, 37.96850299969426], [-122.50593899971402, 37.968515999864], [-122.5058879996604, 37.968386000187365], [-122.50573799987258, 37.967996999742006], [-122.50568799964387, 37.96786799982193], [-122.50569799968963, 37.96785800014804], [-122.50573500039783, 37.967838000088044], [-122.50574100024564, 37.967820999926495], [-122.50585599987338, 37.96778399968626], [-122.50620200037808, 37.96767600017998], [-122.50631799983073, 37.96763999983709], [-122.50640400004444, 37.96757700025694], [-122.50652399969505, 37.96748999987098], [-122.5065129998244, 37.96731900013064], [-122.50650699997661, 37.967212999892844], [-122.50657599957358, 37.96721899975009], [-122.50678499981095, 37.96723999995457], [-122.50685500013115, 37.96724699978538], [-122.50712600029281, 37.967172000147364], [-122.5079420002525, 37.966947000065446], [-122.50821400023908, 37.96687300010185], [-122.50839800036209, 37.9669299996976], [-122.50843699982182, 37.96694300014587], [-122.50888200006075, 37.96724699978538], [-122.50900300043455, 37.96732999985257], [-122.50904500026735, 37.96735699987128], [-122.50910700019163, 37.96738499985395], [-122.50910999966638, 37.96746999971069], [-122.50910600036671, 37.967961000264715], [-122.50910499964348, 37.96809199994995], [-122.50913300013093, 37.9680939998785], [-122.50919900025315, 37.96809499984272], [-122.5097370003785, 37.968106000156595], [-122.50991700030355, 37.96811000001276], [-122.51003799977904, 37.96811199994081], [-122.51005299984769, 37.96811299990478], [-122.5103659998421, 37.968126000143585], [-122.51040199982712, 37.968129999998716]]]}}, {"type": "Feature", "properties": {"name": "Santa Venetia", "region": "southern_marin", "geoid": "0670154", "source": "US Census TIGERweb ACS2025 Places (layers 4,5)", "role": "place"}, "geometry": {"type": "Polygon", "coordinates": [[[-122.52942500006644, 37.99953299969827], [-122.52971700014449, 37.99929900032654], [-122.52927000025574, 37.998949000120795], [-122.52906000019344, 37.99913000015864], [-122.52894700021555, 37.99904099986341], [-122.52881099977313, 37.998933999882496], [-122.52831899967852, 37.99854499994638], [-122.52863500004604, 37.99830699991982], [-122.52869699997031, 37.99825499980523], [-122.52876999976523, 37.99820500017765], [-122.52854999965722, 37.998030999707076], [-122.52789000023142, 37.997510999900776], [-122.52767099994831, 37.997338000181124], [-122.52782300028427, 37.997217999800384], [-122.52827900039385, 37.99686000016431], [-122.52843199965642, 37.99674099999123], [-122.52866699983306, 37.996555999999096], [-122.52901800036067, 37.996282000144475], [-122.52936300014214, 37.99598599992132], [-122.52942599989136, 37.99592799994326], [-122.52927199990556, 37.99581699990631], [-122.52889199996397, 37.995555999750565], [-122.52868100007674, 37.99541199987736], [-122.5287460003741, 37.995291000291324], [-122.52856700027392, 37.99516700030371], [-122.52826299960203, 37.99495300020879], [-122.52821699957127, 37.995034999789674], [-122.52815600037022, 37.99514199979556], [-122.52797399989701, 37.99546599977443], [-122.52793399971407, 37.99553800004736], [-122.52791699999561, 37.995576000044885], [-122.52789799972903, 37.995653999866406], [-122.52790100010209, 37.9956899999194], [-122.52790500030007, 37.995729999721576], [-122.52793100023932, 37.99580800008725], [-122.52802999997351, 37.99601499989314], [-122.52805599991278, 37.996067999763156], [-122.5279580000035, 37.99609499982912], [-122.52770500028352, 37.99630200024089], [-122.52745500003826, 37.99650700020623], [-122.5270440001345, 37.99626700006868], [-122.5269500004232, 37.99617999970984], [-122.52691500026309, 37.99616900006396], [-122.52689500017162, 37.99616400003132], [-122.52654000034435, 37.99603800022878], [-122.52641599959748, 37.99599400013436], [-122.52628400025134, 37.995932999992036], [-122.52588800041617, 37.9957499999685], [-122.52575699999664, 37.99568900033113], [-122.52539100029875, 37.99556700019626], [-122.52532500017651, 37.9955450000111], [-122.52507699958106, 37.99551200007493], [-122.52422100033671, 37.99515300030335], [-122.52415199984145, 37.99512500029461], [-122.5239739995662, 37.99500900034689], [-122.52364800005128, 37.99479900031655], [-122.52323200012466, 37.994529999706174], [-122.5224169999899, 37.99401599964658], [-122.52236799958608, 37.99356999971743], [-122.52225899980616, 37.99315599988009], [-122.52190499980381, 37.99288799995026], [-122.52155400017455, 37.99252999971036], [-122.5210749996004, 37.99220099991101], [-122.52065799984892, 37.992097999827614], [-122.52056300031266, 37.9920520002179], [-122.52066799989464, 37.991860999760114], [-122.52031600044046, 37.991787999776236], [-122.52014999986079, 37.99181100002146], [-122.51964400042083, 37.99188199999414], [-122.51941500009197, 37.99186600008608], [-122.51876099961567, 37.991686000171725], [-122.51861900022375, 37.99160599967472], [-122.5181589999162, 37.99134999976343], [-122.5180800002735, 37.9914339998328], [-122.51802800039495, 37.991479999829984], [-122.51797700034133, 37.991525999798384], [-122.51786400036343, 37.991609999666224], [-122.51774299998961, 37.991686000171725], [-122.51755399984373, 37.99175799990724], [-122.51744800043683, 37.991799000079105], [-122.51740700042893, 37.991856999782236], [-122.51739700038318, 37.991870999703714], [-122.51739099963709, 37.992070000068644], [-122.517327000063, 37.9921989999314], [-122.51652399962379, 37.993020999704946], [-122.51638100040695, 37.99307600027827], [-122.51593799981788, 37.99313699996488], [-122.51525400010264, 37.99340099979931], [-122.51514799979745, 37.993409999913645], [-122.51508300039845, 37.99340900029431], [-122.5149550003519, 37.9933949999584], [-122.51483200032827, 37.99336300009084], [-122.51466699957352, 37.99338000000009], [-122.51461399987006, 37.99340000017985], [-122.51453100002938, 37.99344199976076], [-122.51451400031092, 37.99345099987007], [-122.51442700027232, 37.993515000222466], [-122.51428199960904, 37.993648000256236], [-122.51421999968476, 37.99371800025169], [-122.51416600015638, 37.99379299966703], [-122.51412099995056, 37.99386999964769], [-122.51389699964457, 37.99479099997316], [-122.51356399955864, 37.995498999731296], [-122.51330099979292, 37.99573400019619], [-122.51287200034584, 37.995999000178635], [-122.51255400032849, 37.996116000266916], [-122.5124070000154, 37.99624300022408], [-122.51211699958718, 37.99632299991143], [-122.51205700021104, 37.99639199989908], [-122.51198799971577, 37.9965929998933], [-122.51185399982147, 37.996722999870904], [-122.51145100031363, 37.99679000033574], [-122.51119100002266, 37.99673299985967], [-122.51101699994535, 37.99674900012198], [-122.51089800011967, 37.996802000169474], [-122.51075300035473, 37.99696799991033], [-122.5106679999659, 37.997017000103185], [-122.51057199970643, 37.997035999721284], [-122.5102720001308, 37.99702099979963], [-122.51001100001488, 37.99707600020524], [-122.5090400002445, 37.99686099973662], [-122.50877400010572, 37.996742999847], [-122.50873300009782, 37.996719000158215], [-122.50868299986911, 37.99667799990476], [-122.50864299968613, 37.99663200033554], [-122.50861400027213, 37.996581000025316], [-122.50861000007419, 37.99652299980991], [-122.50859400018065, 37.996415999694875], [-122.50856599969326, 37.99631099999927], [-122.50852700023349, 37.99620800002371], [-122.50847600017988, 37.99610800006712], [-122.50814300009394, 37.99589200000708], [-122.50803400031401, 37.99588000002441], [-122.50796200034398, 37.995931000114176], [-122.50787000028247, 37.99618200028884], [-122.5075899999, 37.996562000289366], [-122.50754200021939, 37.996612999904855], [-122.50748799979276, 37.99666100005193], [-122.5074300000664, 37.996704999746164], [-122.50736700031722, 37.996744000128835], [-122.50726400038508, 37.99679700018], [-122.50719900008774, 37.996822000124084], [-122.50713100031568, 37.99684300035367], [-122.50706199982038, 37.996858999884054], [-122.50699099967527, 37.99687000013434], [-122.5068440002605, 37.996867000001885], [-122.5067460003512, 37.99684899991248], [-122.5064509999001, 37.99679599989889], [-122.50591799979765, 37.996804000023644], [-122.50581400004059, 37.99682799968462], [-122.50568599999404, 37.99692399966595], [-122.50542999990103, 37.99742499987426], [-122.5052249998616, 37.99756100000149], [-122.50489699979852, 37.99785299988074], [-122.50438299996263, 37.99818199981366], [-122.50426499996183, 37.99820500017765], [-122.50410000010541, 37.99819100004927], [-122.50398600030258, 37.99819200031135], [-122.5038730003247, 37.99820000028377], [-122.50376000034677, 37.99821600022605], [-122.50365900006445, 37.99842200005582], [-122.50313400035789, 37.99833500012957], [-122.50297600017416, 37.99854000007568], [-122.50213299955195, 37.998604999783595], [-122.50146700027842, 37.99773700000003], [-122.50178500029574, 37.997465000146065], [-122.50156000016486, 37.99714500019242], [-122.50133800040697, 37.99683000024595], [-122.50063000040234, 37.99685399989847], [-122.50032599973039, 37.99690399973915], [-122.50004299987319, 37.996858999884054], [-122.49587900040915, 37.99760900023606], [-122.49552200003377, 37.997674000061124], [-122.49444499995818, 37.997403000246415], [-122.48956400026866, 37.99621199976427], [-122.48786500040214, 37.995763000267594], [-122.48567100006795, 37.99686399986931], [-122.48225700044136, 37.99861700002828], [-122.48019500035169, 37.99967399995747], [-122.47510899972443, 38.00226800028816], [-122.47009699961532, 38.00124900011979], [-122.46663699995798, 38.00068800034312], [-122.46525100008591, 38.000429999811445], [-122.46092699988999, 37.99820500017765], [-122.46079200017077, 37.9981359997719], [-122.45921999962752, 37.99732700000104], [-122.45777400037932, 37.99708999983855], [-122.45656699970907, 37.996891000350175], [-122.45660699989202, 37.99693199977669], [-122.45669800012861, 37.997002000177645], [-122.45694500000083, 37.99717100029384], [-122.4570760004204, 37.99724300030884], [-122.45719199987302, 37.99732599972716], [-122.45729099960725, 37.99742499987426], [-122.4574139996309, 37.99759399972368], [-122.45745299998893, 37.99763800027402], [-122.45750800024054, 37.99768800028821], [-122.45764200013484, 37.99777200017861], [-122.45777500020421, 37.997822000101436], [-122.45778600007488, 37.99782700002103], [-122.45792199961902, 37.99786099989014], [-122.45814199972703, 37.9979029997483], [-122.45823499961345, 37.9979120000182], [-122.45831199960632, 37.99791399984204], [-122.45844700022387, 37.997907000104334], [-122.45876100004322, 37.99787800017273], [-122.45894500016624, 37.9978670000736], [-122.45920499955892, 37.99787399981511], [-122.45939700007786, 37.99789400018526], [-122.4595639995841, 37.997936000024524], [-122.45963499972925, 37.99796499993319], [-122.45977799984436, 37.99803699987662], [-122.45998299988379, 37.99817699991821], [-122.46009599986166, 37.99823899987147], [-122.4601750004027, 37.998271999996504], [-122.46052000018423, 37.99833899975413], [-122.46064499985768, 37.99838599992801], [-122.46068800041368, 37.99841499965875], [-122.4607660002315, 37.998491999742576], [-122.4607939998206, 37.998538999818344], [-122.46082700033085, 37.99860999964981], [-122.46090799962342, 37.99880999968284], [-122.460970000446, 37.99891999989332], [-122.4610130001037, 37.99898000013158], [-122.46106199960919, 37.99903600002658], [-122.46117700013525, 37.99915900030312], [-122.46128400026537, 37.99923000024221], [-122.46134899966437, 37.9992640001688], [-122.46141700033473, 37.9992889999798], [-122.4614840002819, 37.99930599993139], [-122.46154700003109, 37.99931500002905], [-122.4617880000555, 37.99931500002905], [-122.46186000002554, 37.999322000340214], [-122.46193399964538, 37.99934700013146], [-122.46199399991984, 37.99939100033799], [-122.46203300027788, 37.999443999892115], [-122.46216899982203, 37.99971799996782], [-122.46218399989064, 37.99982500022067], [-122.4621679999971, 37.99987899970015], [-122.46213600021005, 37.99992399982595], [-122.4620199998591, 38.00004200026064], [-122.4619899997219, 38.00009000028715], [-122.46197100035363, 38.000144000279406], [-122.46196600033075, 38.00018500001103], [-122.46198100039936, 38.00026599987957], [-122.46200599961541, 38.000325000199474], [-122.46204099977552, 38.00037900001869], [-122.46208099995847, 38.00042800005621], [-122.46211699994348, 38.00046299965848], [-122.46221999987564, 38.00054299969785], [-122.4623239996327, 38.00059800029369], [-122.46244300035674, 38.00064799970556], [-122.46250299973288, 38.00068100016234], [-122.46258599957353, 38.00074499986902], [-122.46260499984011, 38.00078400022695], [-122.46260499984011, 38.00082500030865], [-122.46259700034251, 38.00086900033623], [-122.46258100044898, 38.00090799992038], [-122.46245800042534, 38.00109000030093], [-122.46241999989218, 38.00116900014272], [-122.46240099962563, 38.00122899995672], [-122.46239399995294, 38.001286999989816], [-122.46240499982358, 38.00139500029537], [-122.46242599973998, 38.00145300019718], [-122.46246599992296, 38.00152400003896], [-122.46251199995369, 38.00158100033077], [-122.46257300005306, 38.00164000030052], [-122.46264099982513, 38.00168900020333], [-122.46267799963505, 38.001706000306385], [-122.46259700034251, 38.0017559996707], [-122.46251500032675, 38.001808000134325], [-122.46233799987644, 38.0018690003453], [-122.46228099997501, 38.00188900033382], [-122.46226099988354, 38.00186100006523], [-122.46216200014932, 38.00201699970631], [-122.4620190000342, 38.00224599998953], [-122.46187400026925, 38.002489000283845], [-122.46177999965961, 38.00264799990076], [-122.46179700027635, 38.00269900023906], [-122.46190100003344, 38.003122000345606], [-122.46192899962251, 38.00318199997737], [-122.46201200036153, 38.003281000005636], [-122.46207500011069, 38.00333099971175], [-122.46216499962406, 38.00337999990029], [-122.46230400043957, 38.00342900005607], [-122.46245699970211, 38.00341299983547], [-122.46249799971001, 38.00339600012815], [-122.46256100035751, 38.003335999963625], [-122.46268100000809, 38.003162000341504], [-122.4629220000325, 38.0028139998586], [-122.46297700028408, 38.002763999799946], [-122.46308100004117, 38.002714999907646], [-122.46327600003485, 38.00268199965834], [-122.46345599995992, 38.00267100027977], [-122.46397700036682, 38.00272000020153], [-122.46410899971299, 38.002752999725864], [-122.46421300036836, 38.00279700001236], [-122.46429600020906, 38.00284700004851], [-122.46436599963093, 38.002906999905285], [-122.46442799955523, 38.00298400022762], [-122.46447699995902, 38.00306600003152], [-122.464553000127, 38.00324800001104], [-122.46460199963248, 38.00331299979315], [-122.46466500027998, 38.00336300018532], [-122.46474100044799, 38.003407000105774], [-122.46482400028864, 38.00343400030132], [-122.46499099979489, 38.00346700021215], [-122.46507399963559, 38.00350599983031], [-122.4651370002831, 38.003565999855674], [-122.46517800029099, 38.003654000134475], [-122.46519199963636, 38.00376899967195], [-122.46518599978857, 38.003911999940826], [-122.46515099962849, 38.004093999944104], [-122.4651720004432, 38.00416500006015], [-122.46521299955275, 38.00422500025413], [-122.46526199995657, 38.00426400017693], [-122.46533099955353, 38.00428000021185], [-122.46568600027908, 38.00428599987016], [-122.46599800044861, 38.00433500012836], [-122.46611599955108, 38.00433500012836], [-122.4661790001986, 38.0043240002899], [-122.46623399955186, 38.004319000105404], [-122.46637300036734, 38.00428000021185], [-122.46680299963934, 38.00412600008468], [-122.46690800011964, 38.00406000013337], [-122.46701900044772, 38.00394999984659], [-122.4671089999611, 38.003823999971715], [-122.46717799955806, 38.00359299999267], [-122.46722000028916, 38.00354399994647], [-122.46728899988616, 38.00350000010817], [-122.46740699988692, 38.003449999809476], [-122.4675740002915, 38.00341200035246], [-122.46818500021179, 38.0034389998383], [-122.46867800013129, 38.00344400008281], [-122.46874699972825, 38.003455000053236], [-122.46882399972115, 38.00347699998919], [-122.46896400036155, 38.00355099985395], [-122.4691359998907, 38.00364200000612], [-122.46969900013038, 38.00381800027564], [-122.46989999997183, 38.0039830002331], [-122.4701569998898, 38.00416399987954], [-122.47025399997418, 38.00424599977956], [-122.47030300037797, 38.00430099972153], [-122.47033099996705, 38.0043560003301], [-122.47038000037087, 38.00479500000226], [-122.47040100028727, 38.004838999771266], [-122.47049099980063, 38.004943999998154], [-122.47056000029593, 38.00498799967776], [-122.4706020001287, 38.0050099998616], [-122.47064999980931, 38.00502100030494], [-122.47117799988888, 38.00495999988473], [-122.47144200037783, 38.004943999998154], [-122.47201099956702, 38.004926999937936], [-122.472198999888, 38.004954000281565], [-122.47239999972943, 38.00501499999897], [-122.47260200029413, 38.005113999675956], [-122.47269900037851, 38.00517399980121], [-122.47285900021207, 38.00531099987961], [-122.47291399956534, 38.00538799980094], [-122.47305300038083, 38.005542000108896], [-122.47323400013082, 38.005696000093394], [-122.47360900004952, 38.0059319998924], [-122.4736989995629, 38.006025000231354], [-122.4737060001339, 38.00606399990459], [-122.4736989995629, 38.00616800034744], [-122.47367199979871, 38.00627800013797], [-122.47367199979871, 38.00635999979731], [-122.47369299971511, 38.00642599980176], [-122.47372000037761, 38.006453999742774], [-122.47387299964018, 38.006497999931895], [-122.47401199955735, 38.0065029999678], [-122.47416499971823, 38.00648699971009], [-122.47445599997137, 38.00638200027727], [-122.47456700029943, 38.006365999993214], [-122.4746789995541, 38.006377000233115], [-122.47481699964638, 38.00641500027699], [-122.47560199964393, 38.0066730002778], [-122.47569899972831, 38.00662400016641], [-122.47592100038446, 38.00644800026191], [-122.47598400013366, 38.00641500027699], [-122.47607399964701, 38.00639299980694], [-122.47651899988594, 38.006354000308704], [-122.47680299956808, 38.006391999656714], [-122.47820600005691, 38.00677599971176], [-122.47907399989514, 38.00707799969889], [-122.47976199980832, 38.00739099994541], [-122.47995599997707, 38.00748999995326], [-122.48049099972937, 38.00780899993432], [-122.48122100037365, 38.008274999994576], [-122.48178299989011, 38.00861599990859], [-122.48238100028993, 38.009082999907406], [-122.48306900020309, 38.00951599965068], [-122.4830759998758, 38.0095439998272], [-122.48311000021098, 38.00958800028521], [-122.4839089995539, 38.01032899981658], [-122.48435399979283, 38.0108619997777], [-122.48496499971311, 38.01149399966545], [-122.48578499987076, 38.012245999815285], [-122.48589700002377, 38.01243800033394], [-122.48599400010814, 38.01256999995648], [-122.48656400002052, 38.013074999669186], [-122.48700099986353, 38.01339400011933], [-122.48744600010245, 38.01370700029435], [-122.48769600034774, 38.01384900024052], [-122.48823100010001, 38.01410200004114], [-122.48856400018596, 38.01422299972935], [-122.48895300034836, 38.01433200013149], [-122.4893490001835, 38.01442499972309], [-122.48965499960693, 38.0144419997042], [-122.49008599960217, 38.014486000053246], [-122.49048800018339, 38.01454600029366], [-122.49235000025652, 38.01486900014228], [-122.4927789997036, 38.014957000301315], [-122.49282899993231, 38.01496799995985], [-122.49309300042125, 38.01503399999991], [-122.49422499985016, 38.01525299967479], [-122.49505900025149, 38.01547200011076], [-122.49571899967727, 38.015675000224604], [-122.49580200041625, 38.01569199991579], [-122.49589899960233, 38.01569700003237], [-122.49629500033576, 38.01568000034235], [-122.49723199977096, 38.015564999671405], [-122.49778800033798, 38.01558100007094], [-122.49830200017388, 38.015619000298145], [-122.50037199976116, 38.01582099998326], [-122.50060100009001, 38.01582099998326], [-122.50081600017519, 38.01579900021277], [-122.50108700033682, 38.015819999961664], [-122.50120500033759, 38.01590300029219], [-122.50169999990692, 38.01592600005163], [-122.50178799977047, 38.01593000013215], [-122.50194099993135, 38.01591899991025], [-122.50204399986352, 38.01592199997094], [-122.50243399985087, 38.01598999989823], [-122.5026139997759, 38.015985999820984], [-122.50285599962524, 38.01597400029568], [-122.50313400035789, 38.01598999989823], [-122.50314400040365, 38.016212000304066], [-122.5048109995848, 38.01597100023711], [-122.50644800042537, 38.01588199985934], [-122.50799499995595, 38.01594699976419], [-122.50924299973575, 38.016165000232846], [-122.50968899979961, 38.01635200032267], [-122.51035400014655, 38.01679699969272], [-122.5107099997987, 38.017242999901676], [-122.51096900026478, 38.01764799966805], [-122.51154500002498, 38.01885599983197], [-122.51192599979147, 38.01947999966766], [-122.51223399976305, 38.019714999708555], [-122.5124279999318, 38.01986900035051], [-122.51285800010213, 38.02007900006103], [-122.51325499976215, 38.02020099975125], [-122.51354600001528, 38.02024999998735], [-122.51417000035435, 38.02033100033463], [-122.51437100019581, 38.02035300016013], [-122.51513600010186, 38.02084599988929], [-122.51518399978245, 38.02085700007939], [-122.515495999952, 38.020928000237404], [-122.51554600018072, 38.02093899970748], [-122.51590600003082, 38.020918000009964], [-122.51659999979177, 38.02065899994321], [-122.51668600000548, 38.02060200033025], [-122.51686799958036, 38.02007700013402], [-122.5171019999321, 38.01940399965884], [-122.51715499963554, 38.01933899998911], [-122.51804199974035, 38.01824600018512], [-122.51843500010074, 38.01775899992098], [-122.51862500007154, 38.01752399997728], [-122.51888500036252, 38.01720199980056], [-122.51890100025607, 38.01716899970251], [-122.51941500009197, 38.016108999973035], [-122.51942199976466, 38.01604400021185], [-122.5194820000391, 38.015442000021864], [-122.5195039997804, 38.015224000233694], [-122.5195670004279, 38.01457099984848], [-122.51958900016922, 38.01433400021527], [-122.52185799994817, 38.01492599996777], [-122.52332199963804, 38.01487599967625], [-122.52446099963791, 38.01483799977152], [-122.52477600018052, 38.01471500031748], [-122.52555399960706, 38.01441199990146], [-122.52783599980476, 38.013511000056255], [-122.528154999647, 38.01338300022453], [-122.528162000218, 38.01296800034988], [-122.52820400005079, 38.01014300003079], [-122.52820499987568, 38.01004899986059], [-122.52784800039863, 38.010007999982015], [-122.52753899970385, 38.009971999879845], [-122.52749400039632, 38.0099639997761], [-122.52732699999173, 38.00991400034651], [-122.52710500023387, 38.00979299991541], [-122.52688299957772, 38.009649999791904], [-122.52672899959195, 38.00952700012576], [-122.52430800037536, 38.00822600024603], [-122.52405899995502, 38.00803400002033], [-122.52407999987142, 38.00792299990375], [-122.52412900027521, 38.00765899996525], [-122.52414099997078, 38.007598000324144], [-122.52435600005593, 38.00708499997681], [-122.52435600005593, 38.00705600013561], [-122.52414799964347, 38.00633599971658], [-122.52414199979569, 38.006259000083], [-122.52417600013086, 38.00619900013779], [-122.52427400004017, 38.00612199965249], [-122.52441299995733, 38.00603400021223], [-122.52477399963239, 38.00584199990867], [-122.52484999980034, 38.00582600021461], [-122.52494699988472, 38.0057540001324], [-122.5251770000385, 38.00564499971608], [-122.52525300020648, 38.00559500017224], [-122.52538299990283, 38.00546800013001], [-122.52558600029242, 38.00527100034817], [-122.52567699963069, 38.00520500001188], [-122.52576700004238, 38.00517200017534], [-122.5261910003649, 38.005122999768645], [-122.52677399979777, 38.00511200004845], [-122.52680899995788, 38.00510100032655], [-122.52689900036954, 38.00497999973798], [-122.52692699995865, 38.004925000305334], [-122.52694100020233, 38.004825999665314], [-122.5269860004082, 38.004793999830234], [-122.52712199995231, 38.00469800024127], [-122.52716499961004, 38.00466299982895], [-122.5276149998718, 38.00428300004104], [-122.52766299955239, 38.00422800008557], [-122.5277400004436, 38.004166999713476], [-122.52777399988048, 38.004123000249066], [-122.52780900004058, 38.00410700017984], [-122.52824699970849, 38.003783000151124], [-122.52868399955152, 38.0035190001703], [-122.52914800005699, 38.00327900032814], [-122.52874200017612, 38.002977999754954], [-122.52697700018736, 38.00162399968954], [-122.52683700044527, 38.00151399999564], [-122.52720899999096, 38.00120899978825], [-122.52728000013607, 38.001141999821066], [-122.52729699985451, 38.001154999872284], [-122.52735100028119, 38.001196999967654], [-122.52736899982452, 38.001211000230015], [-122.52745000001538, 38.001143000042894], [-122.52769299968962, 38.00094100026015], [-122.5277749997054, 38.00087400004816], [-122.52786099991911, 38.000800999831974], [-122.52812200003503, 38.00058599966522], [-122.52820900007366, 38.000514000100644], [-122.52837999977788, 38.000374999797494], [-122.52889600016192, 37.99995899966876], [-122.52906799969107, 37.999820999969195], [-122.52913899983618, 37.9997630001924], [-122.5293530000964, 37.99959000012185], [-122.52942500006644, 37.99953299969827]]]}}, {"type": "Feature", "properties": {"name": "Sausalito", "region": "southern_marin", "geoid": "0670364", "source": "US Census TIGERweb ACS2025 Places (layers 4,5)", "role": "place"}, "geometry": {"type": "Polygon", "coordinates": [[[-122.50976099976964, 37.85767600029413], [-122.51017099984843, 37.85685499977915], [-122.50918599983436, 37.85644700015473], [-122.50742400021865, 37.85571599979036], [-122.50735399989846, 37.85570200016671], [-122.50722699967682, 37.85567899986735], [-122.50714999968392, 37.85564999981884], [-122.5070839995617, 37.85562600013696], [-122.50704799957667, 37.85561299986274], [-122.5069420001698, 37.855573999735476], [-122.50690700000969, 37.85556100016133], [-122.50624599986072, 37.85524700031219], [-122.50521499981585, 37.8547570002744], [-122.50425099971815, 37.854334999794155], [-122.50358200007155, 37.854042999698315], [-122.50157500023346, 37.85319100004676], [-122.49598499981605, 37.8508190000663], [-122.49543300034533, 37.850646999768884], [-122.49540999988078, 37.850425999729715], [-122.49380600044879, 37.849811999674834], [-122.49128200040175, 37.847010999787294], [-122.48998299967, 37.84626600020969], [-122.48808299996203, 37.845178000240644], [-122.48787100024991, 37.84536399998802], [-122.48805600019782, 37.845678000076035], [-122.48785000033351, 37.84592899999365], [-122.48758699966943, 37.846337999860395], [-122.48670700013567, 37.84530399984616], [-122.48641699970743, 37.84528999966416], [-122.48632600036916, 37.845287999941995], [-122.48605500020751, 37.845283000281555], [-122.48596499979583, 37.84528200006565], [-122.48410899957045, 37.84529500003351], [-122.4831329997772, 37.84427999968859], [-122.48134799969695, 37.84419000026273], [-122.48089800033345, 37.84476800010172], [-122.48081899979245, 37.844865999885485], [-122.48055100000384, 37.84519800032751], [-122.48034599996441, 37.845217999699614], [-122.47793700044339, 37.84550100019986], [-122.47778500010743, 37.84552599984343], [-122.47733300019583, 37.84560100014205], [-122.47718199968476, 37.845626999962946], [-122.47504599997524, 37.84586100006642], [-122.47521099983169, 37.84741799966332], [-122.4759740000879, 37.849507000175166], [-122.47575800017786, 37.85060600027382], [-122.47515399993027, 37.853686999756086], [-122.47521400020472, 37.854480999763005], [-122.47482400021738, 37.85632499999531], [-122.47506000021895, 37.859432000112704], [-122.48303700041605, 37.863572999902836], [-122.48594100040471, 37.86503499994546], [-122.48997900037035, 37.86706800003427], [-122.49226700041584, 37.868166000103294], [-122.49395299986358, 37.86900999983432], [-122.4948059996332, 37.87084699986065], [-122.4955460003232, 37.870408999898835], [-122.49534399975853, 37.871088999681305], [-122.49590699999823, 37.87162100009089], [-122.49654399985778, 37.87222599995107], [-122.49708199998312, 37.87187599974102], [-122.49735999981746, 37.87213800030595], [-122.49842199982446, 37.87314300023213], [-122.49894700042934, 37.872828000280414], [-122.49942000025736, 37.872544999733506], [-122.50074599985497, 37.871816999758614], [-122.50118799972086, 37.87157500020185], [-122.50110499988016, 37.87148400019802], [-122.50108099959074, 37.87147000002384], [-122.50102600023745, 37.87145800027762], [-122.50153800042354, 37.871124999803556], [-122.50159199995188, 37.871176000005725], [-122.50184200019713, 37.87141200028682], [-122.50221899976569, 37.8717679997133], [-122.50303200025067, 37.871231000337104], [-122.50306999988548, 37.871263000227344], [-122.50312000011421, 37.871300999990346], [-122.50367499995798, 37.8718380002746], [-122.50385200040829, 37.871957999866424], [-122.50413100006755, 37.87187599974102], [-122.50417799992323, 37.871874000030814], [-122.50422200030415, 37.87190099965922], [-122.5043219998633, 37.871992999710564], [-122.50444800025996, 37.87210000026554], [-122.50464699955326, 37.87224900005051], [-122.50480599956192, 37.872348000026534], [-122.5049439996542, 37.87240599973581], [-122.50511000023387, 37.872488999827226], [-122.50525900019677, 37.87256000025835], [-122.50548400032767, 37.87266299990328], [-122.50555999959735, 37.87269800012161], [-122.5055710003663, 37.87267400031809], [-122.50560700035133, 37.87260600024152], [-122.5056190000469, 37.87258300025351], [-122.50569199984184, 37.87253099976094], [-122.50591199994986, 37.8723760000386], [-122.5059859995697, 37.87232499995799], [-122.50595899980551, 37.87231300035104], [-122.50587799961467, 37.87227700010021], [-122.5058519996754, 37.87226499977627], [-122.5056890003671, 37.87222000013975], [-122.5054290000761, 37.87214900009008], [-122.50526900024252, 37.87209100017848], [-122.50532699996886, 37.87206399991062], [-122.50548099995464, 37.871995000126624], [-122.50575799996408, 37.87190700020559], [-122.50580399999482, 37.87188999983806], [-122.5067670002676, 37.871549000313564], [-122.50700999994186, 37.87146300029031], [-122.50708799975965, 37.87143599979232], [-122.50706000017057, 37.87121999970678], [-122.50706000017057, 37.870509000093556], [-122.50706099999546, 37.870363999837785], [-122.50705299959957, 37.86985700018223], [-122.50706099999546, 37.8685429996495], [-122.50705099994973, 37.867723000248255], [-122.50704199972891, 37.86694399988183], [-122.50704199972891, 37.86679500000598], [-122.50704199972891, 37.866517999964394], [-122.50704299955383, 37.86642899995529], [-122.50700800029203, 37.865690999730795], [-122.50699599969815, 37.865415999679804], [-122.50699499987324, 37.86539500017014], [-122.50693200012404, 37.865044000185236], [-122.50688299972023, 37.864846000329074], [-122.50679999987958, 37.86450799998294], [-122.50665900031257, 37.864150000309316], [-122.50643099980863, 37.863665999681295], [-122.50618599958624, 37.863289999977], [-122.50616999969272, 37.86326899986152], [-122.50600300018647, 37.86303800032373], [-122.50581499986548, 37.86280999999625], [-122.5058009996218, 37.862792999657394], [-122.50562499989468, 37.86259800007917], [-122.50540899998461, 37.86237699969701], [-122.50538499969515, 37.86235600003061], [-122.50511699990656, 37.862132999657426], [-122.50506699967785, 37.86209500013085], [-122.50516700013527, 37.86199999981018], [-122.50518100037898, 37.861986999950844], [-122.50841799955525, 37.858939000141206], [-122.50976099976964, 37.85767600029413]]]}}, {"type": "Feature", "properties": {"name": "Sleepy Hollow", "region": "southern_marin", "geoid": "0672184", "source": "US Census TIGERweb ACS2025 Places (layers 4,5)", "role": "place"}, "geometry": {"type": "Polygon", "coordinates": [[[-122.61686799976607, 38.01839099978964], [-122.6168629997432, 38.0183449996875], [-122.61683599997902, 38.0183140000793], [-122.61680699966672, 38.018302000227465], [-122.61671899980314, 38.01830400020287], [-122.6166009998024, 38.018284999726234], [-122.61643400029612, 38.018247000173616], [-122.6163849998923, 38.01824300021955], [-122.61631399974722, 38.018257000057766], [-122.61624599997513, 38.01828099977424], [-122.61607400044602, 38.018396999708536], [-122.6159820003845, 38.01842700000332], [-122.61594200020151, 38.01844099980639], [-122.6156800002607, 38.01862299983407], [-122.6156159997883, 38.01865300003634], [-122.61550000033566, 38.01868800013886], [-122.61531799986246, 38.018701999892066], [-122.61520800025761, 38.01873999991653], [-122.61505199972368, 38.01875299967823], [-122.61484199966141, 38.018682000243786], [-122.61456800002502, 38.01865899993379], [-122.61438800009995, 38.01861799991717], [-122.61424400015991, 38.01857399992553], [-122.61421999987046, 38.01854900032065], [-122.61422499989332, 38.01848999980391], [-122.61426900027425, 38.01844999967841], [-122.61461999990354, 38.01844099980639], [-122.61470399956913, 38.01841700014232], [-122.61487599999656, 38.01827699982208], [-122.61492200002733, 38.018176000248914], [-122.61489199989012, 38.01814799983108], [-122.61480099965351, 38.01817100030145], [-122.61476999969138, 38.01820499993739], [-122.61467000013226, 38.01822699969339], [-122.61451899962123, 38.01819600003533], [-122.61433799987124, 38.01811400016876], [-122.61421700039573, 38.018099000312674], [-122.61373899964653, 38.01820999988253], [-122.61367300042261, 38.018208999893524], [-122.61358399983581, 38.018223999727105], [-122.6134909999494, 38.01822499971589], [-122.61341300013162, 38.01821599981624], [-122.61320399989422, 38.018176000248914], [-122.6131600004116, 38.01817300028048], [-122.61310699980986, 38.01817000031192], [-122.61299600038008, 38.01814999981073], [-122.6129079996182, 38.01814799983108], [-122.61283300017347, 38.01812000011028], [-122.61279800001336, 38.01803000022757], [-122.61274299976178, 38.0178660000312], [-122.61268400021054, 38.017742999996926], [-122.61262700030913, 38.01768200025435], [-122.61256500038486, 38.01762899972906], [-122.61249599988957, 38.01760399980182], [-122.6123779998888, 38.01752599997397], [-122.61215399958282, 38.017446000064325], [-122.61182399986991, 38.0173430000521], [-122.61172599996065, 38.01733300004318], [-122.61167999992988, 38.01733400004413], [-122.6116160003558, 38.01735700006224], [-122.61156199992911, 38.017398000076646], [-122.6114770004386, 38.017480000036606], [-122.61141799998907, 38.01751399999311], [-122.61136799976033, 38.01755899991125], [-122.61129099976746, 38.01760399980182], [-122.61111800041341, 38.01767600027691], [-122.6110820004284, 38.01772100009563], [-122.61104399989526, 38.01782400028434], [-122.61098000032115, 38.017861000062595], [-122.61090199960503, 38.017884999908745], [-122.61085599957427, 38.01786700002488], [-122.61072599987794, 38.017833000232145], [-122.61061999957272, 38.01783500022039], [-122.61051900018872, 38.01786200005634], [-122.61031499997418, 38.01797899993827], [-122.61019299977546, 38.01807299984718], [-122.61010499991193, 38.018242000231005], [-122.61003999961457, 38.01839299976266], [-122.60996400034492, 38.018475000024786], [-122.60990099969742, 38.01852999990753], [-122.6098360002984, 38.01853199987676], [-122.60981799985674, 38.01853199987676], [-122.60976099995533, 38.01848899981874], [-122.60969499983308, 38.018414000183746], [-122.60957600000741, 38.01830600017826], [-122.60949200034183, 38.01827499984589], [-122.6093149998915, 38.01819800001362], [-122.60927200023379, 38.018143999871675], [-122.60917699979923, 38.01806899988362], [-122.60913499996643, 38.01805100004495], [-122.60908499973772, 38.01804900006259], [-122.60896500008712, 38.018079999782884], [-122.6088920002922, 38.018080999773645], [-122.60879799968254, 38.018050000053776], [-122.60876000004772, 38.01801099967984], [-122.60878199978902, 38.01794100022695], [-122.60881000027643, 38.0177979997213], [-122.60879799968254, 38.01772500007819], [-122.60874900017706, 38.01761999975622], [-122.6087240000627, 38.017547999933846], [-122.60862600015342, 38.01734500005366], [-122.60859099999331, 38.01724699991033], [-122.60853900011479, 38.01719299977533], [-122.60848200021336, 38.01715000034709], [-122.60842000028909, 38.01708900011093], [-122.60827999964869, 38.017003999697216], [-122.60815900017317, 38.016966000188084], [-122.60803699997443, 38.01690299978517], [-122.608012999685, 38.01686300020894], [-122.60805799989086, 38.01683299998168], [-122.60815400015028, 38.01681999987935], [-122.60866600033637, 38.01681499983943], [-122.60883299984265, 38.016826999934736], [-122.60898099998063, 38.016857000164464], [-122.60914800038522, 38.01687900032511], [-122.60923500042388, 38.016849000104386], [-122.60928399992936, 38.0168039997503], [-122.60927800008157, 38.0167309998248], [-122.60920500028665, 38.01662300017007], [-122.60914500001218, 38.01660199994351], [-122.60905100030085, 38.01654900005269], [-122.60894400017074, 38.01651400034412], [-122.60887800004846, 38.0164789999111], [-122.60878900036003, 38.01641099972976], [-122.60870300014629, 38.01631399976781], [-122.60867300000908, 38.01624900018838], [-122.6086250003285, 38.01617299965984], [-122.60859099999331, 38.016107999955366], [-122.60853900011479, 38.01608300021704], [-122.6084639997717, 38.0160229998194], [-122.60843399963446, 38.01594699976419], [-122.60842000028909, 38.01577899977224], [-122.60839000015186, 38.01568799982228], [-122.60826299993023, 38.01545300031541], [-122.60824299983877, 38.01538399986236], [-122.60825299988453, 38.01524500014738], [-122.60822600012031, 38.01511399971138], [-122.60820799967865, 38.014982999748995], [-122.60820600002884, 38.014920999798655], [-122.60818799958717, 38.01474600003245], [-122.60814499992946, 38.01469200017803], [-122.60805899971575, 38.01461400008205], [-122.60791499977569, 38.014580000195735], [-122.60771999978203, 38.01454300017664], [-122.60760900035227, 38.01450800021784], [-122.60758900026079, 38.01446900008235], [-122.60757800039013, 38.01441399998301], [-122.6076179996748, 38.01435499967621], [-122.60763399956829, 38.01425599973838], [-122.60763100009359, 38.01416900019732], [-122.60760199978127, 38.01395400030293], [-122.60758800043587, 38.01378599998931], [-122.60756599979624, 38.01364800012616], [-122.60755499992558, 38.013526000143564], [-122.6075409996819, 38.01328000016448], [-122.60747899975763, 38.01319999986678], [-122.60739599991693, 38.013197999752045], [-122.60728100028922, 38.01321099978904], [-122.6071890002277, 38.01323100022254], [-122.60690899984522, 38.01327299977033], [-122.60685000029397, 38.01329200013084], [-122.60677099975294, 38.01328599979402], [-122.60661799959206, 38.01325899968781], [-122.60623699982558, 38.013163999916685], [-122.6061199996497, 38.013108000195004], [-122.60592200018131, 38.01296899970267], [-122.6058090002034, 38.01286899995426], [-122.60577499986822, 38.01283299984154], [-122.60568899965449, 38.012714000110016], [-122.60562500008038, 38.01256899989052], [-122.60556800017896, 38.012511999647614], [-122.60547399956933, 38.01246600010216], [-122.60522500004728, 38.01244500010005], [-122.60479999989985, 38.012429999791586], [-122.60467000020353, 38.012399999873104], [-122.60441300028559, 38.01228399964818], [-122.60425699975166, 38.01215499972557], [-122.60404699968934, 38.01193599999541], [-122.60394299993229, 38.011839999849265], [-122.60381599971068, 38.01173599966703], [-122.60369900043314, 38.01167599995752], [-122.60354000042447, 38.01160999972495], [-122.60347400030223, 38.0115739997017], [-122.60345000001278, 38.01151600002028], [-122.60347500012715, 38.01143900016491], [-122.60354200007428, 38.011346999698524], [-122.60359599960266, 38.01131299971233], [-122.60366500009793, 38.01129699979664], [-122.60376600038028, 38.01128799975407], [-122.60377399987789, 38.01124799994466], [-122.60377300005298, 38.011203999775255], [-122.60372000034954, 38.01117400006282], [-122.60364400018153, 38.01113999999639], [-122.6035210001579, 38.0111129998075], [-122.6033510002786, 38.01111999970014], [-122.60327799958534, 38.01115100022778], [-122.6031830000491, 38.01121800025028], [-122.60311399955381, 38.01124499969271], [-122.60303599973601, 38.01125699999215], [-122.60298399985746, 38.01119599980595], [-122.60281399997815, 38.011063999832565], [-122.60275299987879, 38.011029000335945], [-122.60267900025893, 38.011007999922164], [-122.60257299995374, 38.01102800024897], [-122.60248599991507, 38.01105900010773], [-122.60241300012015, 38.011063999832565], [-122.60230699981493, 38.011077000247965], [-122.60217700011862, 38.011063999832565], [-122.60202800015568, 38.01100100001883], [-122.60197100025428, 38.01094800032458], [-122.60192299967538, 38.01089000014786], [-122.60188400021565, 38.010806999802995], [-122.60187699964465, 38.010734000274724], [-122.60189300043649, 38.01065299993745], [-122.60193299972114, 38.01058700019935], [-122.60200999971401, 38.01052299988182], [-122.60212699988989, 38.010437000251876], [-122.60226300033236, 38.01036599983947], [-122.60233600012728, 38.01031700007297], [-122.6025079996564, 38.01021199975523], [-122.60267300041114, 38.01015800009951], [-122.60271000022107, 38.010157000000646], [-122.60275600025183, 38.01000400028612], [-122.60273699998525, 38.009932000060154], [-122.6026540001446, 38.00983000020882], [-122.6025839998244, 38.00976800014657], [-122.6024449999072, 38.00970700013689], [-122.6022769996777, 38.00965099989767], [-122.60209400027792, 38.009640000149], [-122.60185400007843, 38.00964499997062], [-122.6016619995595, 38.00962199965591], [-122.60148599983238, 38.00959200000381], [-122.60128900018891, 38.00950499988175], [-122.60117299983793, 38.009443999653236], [-122.60106700043103, 38.00935499984375], [-122.60098399969205, 38.00923500001705], [-122.6008599998435, 38.00890600012758], [-122.60078899969838, 38.00881699966496], [-122.6007190002765, 38.0087869996835], [-122.60055199987191, 38.008739999805776], [-122.6004299996732, 38.00867300034973], [-122.600190000372, 38.008484000244174], [-122.60008400006677, 38.00837699988599], [-122.59994199977655, 38.00825500033231], [-122.5998320001717, 38.008198000273936], [-122.59875699974592, 38.00976999964715], [-122.59610600037558, 38.00871099991139], [-122.59619400023912, 38.00845699978486], [-122.59582099997023, 38.00845799990692], [-122.59582900036615, 38.00860200035226], [-122.59513499970686, 38.00834899997157], [-122.59518599976052, 38.008105999986974], [-122.59526000027866, 38.00812799994299], [-122.59531600035517, 38.00800300029803], [-122.59507600015564, 38.007899000334724], [-122.5949880002921, 38.00786100035218], [-122.59434800005951, 38.007604999844645], [-122.59410600021015, 38.00750800026211], [-122.5938960001479, 38.00742400019885], [-122.59370500035217, 38.007362999654404], [-122.59360400006985, 38.00733399992317], [-122.59207199970956, 38.006901000033125], [-122.59171900043047, 38.00680199993776], [-122.59157999961496, 38.00671600018964], [-122.5914890002767, 38.00675100032977], [-122.59126599979562, 38.00685399965415], [-122.59115000034299, 38.00689899974653], [-122.5910390000149, 38.00691600005735], [-122.59094000028068, 38.00690800032794], [-122.59080399983826, 38.00687800027314], [-122.59072299964741, 38.006855999941976], [-122.59068800038564, 38.006847000062], [-122.59059299995106, 38.006850999930144], [-122.59043700031546, 38.00686399967711], [-122.59027499993374, 38.00685399965415], [-122.59017000035176, 38.00682499972158], [-122.5900740000923, 38.00678900017981], [-122.58998000038096, 38.00674000014598], [-122.58988900014437, 38.00668600005628], [-122.58969199960256, 38.00654999986389], [-122.5894980003321, 38.00648699971009], [-122.58845700024153, 38.00622300026331], [-122.5881519997447, 38.006139000143484], [-122.58728200025664, 38.00590200014602], [-122.58632300018182, 38.00563699984799], [-122.58616499999808, 38.00557499977891], [-122.58593800021737, 38.005473000236144], [-122.585440000275, 38.00523500004338], [-122.58531600042643, 38.00517600013487], [-122.58515099967168, 38.00505599983852], [-122.58506000033339, 38.00498300024638], [-122.58501199975449, 38.004925000305334], [-122.58499400021114, 38.00486099999983], [-122.58500900027975, 38.004752999844186], [-122.58502299962515, 38.00469899970674], [-122.58503100002108, 38.00463499991182], [-122.58514499982387, 38.004230999916885], [-122.58517099976316, 38.004093999944104], [-122.58518900020482, 38.00405499993088], [-122.58520699974817, 38.00402900014646], [-122.58522900038777, 38.004011999874095], [-122.58527700006834, 38.00399400012266], [-122.58552099956752, 38.00395200021363], [-122.58561000015429, 38.00391999999717], [-122.58564899961404, 38.00389100031979], [-122.58570100039091, 38.003833000222755], [-122.58574800024654, 38.00376400015741], [-122.58584699998076, 38.00364799971664], [-122.58590999972992, 38.003597000038326], [-122.58600199979145, 38.00354500013554], [-122.58636500001461, 38.003352999684864], [-122.58644799985528, 38.003293000193075], [-122.58648100036557, 38.003245000139515], [-122.58648700021335, 38.00320100012184], [-122.58647899981744, 38.003162000341504], [-122.58644700003036, 38.00312800009862], [-122.58639400032693, 38.003110000130185], [-122.5863420004484, 38.00310799974022], [-122.58624399964079, 38.00313799992185], [-122.5861869997394, 38.00315999995291], [-122.58610999974648, 38.00316999977177], [-122.58594800026309, 38.00317600022872], [-122.58572399995712, 38.003172999646374], [-122.58558900023787, 38.00315800027212], [-122.58555200042798, 38.00314399967361], [-122.58548499958249, 38.00307100030145], [-122.58549200015352, 38.00301099987106], [-122.585540999659, 38.00288199991193], [-122.58553800018426, 38.0027900000329], [-122.58551399989481, 38.00273199977285], [-122.58548700013063, 38.00269900023906], [-122.58548999960539, 38.002675999868835], [-122.58549999965113, 38.00265099979672], [-122.58549700017636, 38.00254400012796], [-122.58550800004703, 38.00246999995483], [-122.58553900000916, 38.002381999670845], [-122.58565100016217, 38.00216599968438], [-122.58573900002573, 38.00203499994305], [-122.58577400018584, 38.001908000105445], [-122.58581799966842, 38.001815999712285], [-122.58582699988926, 38.0017559996707], [-122.58583100008724, 38.001646000174794], [-122.58584799980565, 38.00158899993351], [-122.58591599957771, 38.00146699970285], [-122.5859289999965, 38.00144700030711], [-122.58610100042397, 38.001196999967654], [-122.58613400003594, 38.001156000093935], [-122.5863070002883, 38.00080300028493], [-122.58637400023544, 38.00065799986699], [-122.58639599997674, 38.00062699985762], [-122.58643100013686, 38.00059100010433], [-122.58647299996964, 38.00055899983679], [-122.5865059995816, 38.00052700026325], [-122.58653099969594, 38.000493000214384], [-122.58654499993968, 38.00045699968736], [-122.58655699963523, 38.00038900021679], [-122.58655699963523, 38.000274000333704], [-122.5866310001534, 37.999988000193284], [-122.58668100038211, 37.999846999829884], [-122.58674300030638, 37.99971900020907], [-122.58675300035215, 37.99970499966186], [-122.5868219999491, 37.99960899978128], [-122.58691099963758, 37.99947299991237], [-122.58693099972905, 37.99942699997251], [-122.58693099972905, 37.999388000308656], [-122.58670999979611, 37.99940399999176], [-122.58244800042277, 37.99937799997406], [-122.58117800000335, 37.999370999668244], [-122.57757699988069, 37.99934899991623], [-122.57719699993908, 37.999362999823504], [-122.57605999958905, 37.99940599977493], [-122.57568100037065, 37.99942099991669], [-122.57174899981189, 37.99912200028766], [-122.57154999962027, 37.99906700000064], [-122.57155299999333, 37.99858299980174], [-122.57165599992547, 37.99858899992618], [-122.5716490002528, 37.99848600031816], [-122.571383000114, 37.99848699986831], [-122.57136499967234, 37.99811999981217], [-122.57160499987185, 37.99811000001257], [-122.57161200044288, 37.997844999870416], [-122.57234899986152, 37.99780799989994], [-122.57168199986475, 37.99721499968217], [-122.57180999991127, 37.99709299996187], [-122.57193100028509, 37.99700700015315], [-122.57204400026302, 37.99697600001626], [-122.5721279999286, 37.99697999971499], [-122.57219099967776, 37.99697600001626], [-122.57224400027953, 37.99696299993217], [-122.57234999968644, 37.996921999815065], [-122.57230600020382, 37.99690699987015], [-122.57220200044674, 37.99626500019987], [-122.5721289997535, 37.996245000093424], [-122.57208000024802, 37.99622100024168], [-122.57206400035449, 37.99619299993271], [-122.57205599995856, 37.9961570001266], [-122.57207000020226, 37.996135000118414], [-122.57210899966202, 37.99610300003034], [-122.57174999963681, 37.99539400013876], [-122.57269000034339, 37.99535700034769], [-122.5733969996248, 37.995481000014095], [-122.57362400030384, 37.99536600022208], [-122.57316800019426, 37.994884000283285], [-122.5740440004284, 37.99438400002243], [-122.57410899982743, 37.993359999814935], [-122.57401699976593, 37.99318500026286], [-122.57372600041109, 37.99294299991533], [-122.57329399969264, 37.9928519999379], [-122.57317800023999, 37.99282700005658], [-122.57252200011386, 37.992688999680574], [-122.57196700027009, 37.99237399971185], [-122.57158899997833, 37.99282599972133], [-122.57134299993105, 37.993580000136006], [-122.57096100033962, 37.99497199965367], [-122.5679190002587, 37.99405300011411], [-122.56761200011204, 37.99394599993551], [-122.56748800026348, 37.993956000302894], [-122.56717699991884, 37.99387800009154], [-122.56698799977299, 37.99379599992522], [-122.56684300000803, 37.993760999973034], [-122.5657990004427, 37.99380899986274], [-122.56569800016034, 37.99381099979846], [-122.56512700042306, 37.99375300022438], [-122.56505600027793, 37.99374600008957], [-122.56479900035998, 37.993700000097434], [-122.56444399963443, 37.99360000026124], [-122.56425600021178, 37.99356599983279], [-122.56378300038375, 37.993611999908964], [-122.56340799956673, 37.99374499976685], [-122.56318300033413, 37.99389200033526], [-122.56299900021112, 37.99419100004785], [-122.5629480001575, 37.994446999955535], [-122.56288899970795, 37.99442199990987], [-122.56245699988781, 37.99422700011096], [-122.56232600036657, 37.994167999840926], [-122.56075200017348, 37.99222999996337], [-122.55841100042457, 37.99350299985092], [-122.55781800004763, 37.99382599966864], [-122.55767800030553, 37.99390900012192], [-122.55801899988907, 37.99430499995118], [-122.55805599969902, 37.994349000350816], [-122.55866599979439, 37.995057999724686], [-122.5590270003677, 37.995477999824836], [-122.55961999984632, 37.99616700019253], [-122.56090399961116, 37.997659999831434], [-122.56155800008746, 37.99842599967569], [-122.56235399995565, 37.999370999668244], [-122.56442699991601, 38.00183100006898], [-122.56543899969428, 38.003032999940174], [-122.5658630000168, 38.003535999849106], [-122.56606399985826, 38.003775000079884], [-122.56694299956712, 38.00481499990057], [-122.56772799956468, 38.00576300014653], [-122.56887999998334, 38.00711799966016], [-122.57097100038536, 38.00960100025462], [-122.57172399969755, 38.01016500008333], [-122.57208100007291, 38.01043000029402], [-122.5726140001754, 38.01085599994977], [-122.57273700019904, 38.01097000013555], [-122.5729799998733, 38.011157000031574], [-122.57320400017926, 38.011320999668875], [-122.5733969996248, 38.01147200001174], [-122.57361599990791, 38.011654999729096], [-122.5746489996026, 38.012358999893884], [-122.57511700030605, 38.01271199998203], [-122.57707700028848, 38.01422599985948], [-122.57731599976476, 38.014403000241344], [-122.57745300003212, 38.01448099985405], [-122.5774930002151, 38.014504000059766], [-122.57758199990356, 38.014571999887124], [-122.57849999997049, 38.015278999725226], [-122.57873099994916, 38.015442000021864], [-122.57898600021731, 38.01563399995406], [-122.57984499983469, 38.016297000220895], [-122.5801750004459, 38.016557000145454], [-122.58061899996159, 38.01689399972316], [-122.58116399975962, 38.01730600001234], [-122.58158999973197, 38.01762899972906], [-122.58418099972617, 38.01959199994681], [-122.58972199973978, 38.02382900002147], [-122.58876900041105, 38.024825999936084], [-122.5887500001445, 38.024846999928954], [-122.58877699990866, 38.02521200015751], [-122.5885030002723, 38.025665999908945], [-122.58818899955462, 38.02598599992644], [-122.5882000003236, 38.026021000064674], [-122.58828800018712, 38.02604199971504], [-122.58843200012716, 38.02599299981387], [-122.58854500010509, 38.02586499984531], [-122.58868900004512, 38.02580499967253], [-122.58908400005534, 38.0259129999482], [-122.58936500026273, 38.02606900006536], [-122.58940399972246, 38.0264360003284], [-122.58955100003556, 38.02654100004812], [-122.58968599975478, 38.026637999918236], [-122.58992099993142, 38.02672600009789], [-122.59011099990221, 38.026745999673686], [-122.59037299984304, 38.02675300019614], [-122.59072400037061, 38.02683799991634], [-122.59096100019708, 38.02691099968051], [-122.59135500038239, 38.02703399989421], [-122.59200099956448, 38.02725299979799], [-122.59265199966771, 38.02763200023993], [-122.59285599988222, 38.027652000275985], [-122.59300200037039, 38.02767200030658], [-122.59319099961796, 38.027679999892754], [-122.59343099981747, 38.027735999801806], [-122.59428500031032, 38.02832599985602], [-122.59472600035127, 38.028563000234826], [-122.5949799998962, 38.02863400000198], [-122.59524799968479, 38.02871000034421], [-122.59556999990008, 38.02877799972707], [-122.59579099983299, 38.028866000166666], [-122.59594399999386, 38.02898999977036], [-122.59635300024779, 38.0291470002515], [-122.59637800036214, 38.02915600022381], [-122.59647999957106, 38.029187000198576], [-122.59659500009712, 38.02922200022283], [-122.596776999672, 38.02923200002456], [-122.59687499958127, 38.02922099967654], [-122.59693099965779, 38.029215999775104], [-122.59700000015307, 38.0291799999087], [-122.59716400018459, 38.02909400023485], [-122.5974520000647, 38.028966999865425], [-122.59759500017982, 38.028903000030404], [-122.59788700025787, 38.02895500034288], [-122.59814900019869, 38.0289619999467], [-122.59856799960004, 38.02887400033003], [-122.5987540002712, 38.02874400004356], [-122.59879299973095, 38.02858300001672], [-122.5987750001876, 38.0284019998102], [-122.59875000007322, 38.02814300001531], [-122.59868899997386, 38.027997999894275], [-122.59876000011897, 38.027444999921485], [-122.59889700038632, 38.02740100027673], [-122.59894000004402, 38.027393999816134], [-122.59904600034922, 38.02736100006208], [-122.59931599978766, 38.02729700023931], [-122.59952400020012, 38.02726500030694], [-122.59955299961413, 38.02725899969892], [-122.59970400012519, 38.02723099992126], [-122.59989999994376, 38.027198999960056], [-122.60009499993743, 38.02714000003925], [-122.60020100024265, 38.02711899999596], [-122.60029499995397, 38.027104999727904], [-122.6004370002442, 38.027098999814406], [-122.60118200005877, 38.02724799976228], [-122.60138299990024, 38.02726600017237], [-122.60146200044124, 38.02726200000297], [-122.60161100040418, 38.02723400022645], [-122.60166099973458, 38.027195999653436], [-122.60196399968328, 38.02702600023749], [-122.60218899981419, 38.02691900005736], [-122.60235700004365, 38.02684999978563], [-122.60260499974078, 38.02673100016927], [-122.60314500041426, 38.026584000334644], [-122.60337499966973, 38.02651700020629], [-122.60370299973277, 38.02645699985982], [-122.60391699999303, 38.02642799989881], [-122.60406000010816, 38.02642999965248], [-122.60422400013968, 38.02646799991522], [-122.60436899990464, 38.02640699965149], [-122.60456300007338, 38.02637099981999], [-122.60472999957966, 38.02632999987243], [-122.60487100004497, 38.02628999978068], [-122.60501199961197, 38.02625899999528], [-122.60521099980359, 38.02623799969952], [-122.60551200010248, 38.02628299992162], [-122.60558099969946, 38.02628999978068], [-122.605712000119, 38.026278999698555], [-122.60585400040925, 38.026281000163934], [-122.60602900031142, 38.02631100006153], [-122.6061389999163, 38.026293000124454], [-122.60625299971909, 38.026248999787796], [-122.60637900011581, 38.02622599972999], [-122.60655300019306, 38.02623500006112], [-122.60702400037125, 38.026339000190795], [-122.60718800040279, 38.02639499970959], [-122.60727899974108, 38.02643100023693], [-122.6073649999548, 38.02649599998448], [-122.60750300004705, 38.02653099987907], [-122.6077380002237, 38.02648499993329], [-122.60790899992793, 38.026403000142835], [-122.60806399973862, 38.02630400020448], [-122.6081469995793, 38.026243999683516], [-122.60822399957219, 38.02620099990503], [-122.60832400002961, 38.02618700016919], [-122.60843799983243, 38.026143999649655], [-122.60853499991681, 38.026021000064674], [-122.60869200027564, 38.02580200001641], [-122.60879199983475, 38.02564600003839], [-122.60884799991125, 38.02557500020605], [-122.60892999992703, 38.0255019998183], [-122.60905899979845, 38.02540800023941], [-122.60919299969275, 38.02532300027549], [-122.60931099969352, 38.02520799987597], [-122.60940899960282, 38.02514799987276], [-122.60955500009102, 38.02509599968873], [-122.6097020004041, 38.02508099984653], [-122.60985499966667, 38.02509900008136], [-122.61007200029995, 38.02515700033633], [-122.61030999995134, 38.025186000092766], [-122.61044200019579, 38.02519200016297], [-122.61058899961058, 38.025180999915996], [-122.61072300040321, 38.02514199979895], [-122.6110630001618, 38.025044000175406], [-122.61112599991102, 38.025030000218486], [-122.61125099958448, 38.02497799995066], [-122.61132299955452, 38.02493099984021], [-122.61134699984396, 38.02485200012857], [-122.61136399956239, 38.02471800018109], [-122.61136699993544, 38.024610000266854], [-122.61140499957028, 38.02449299964935], [-122.61145999982186, 38.024379999879685], [-122.61161899983051, 38.02424800029748], [-122.61168599977768, 38.02419700008963], [-122.61173600000639, 38.02411200013616], [-122.61178000038734, 38.02396599991093], [-122.61187200044881, 38.02388500004341], [-122.6120120001909, 38.0238120000948], [-122.61212599999372, 38.02375999967028], [-122.61224999984226, 38.02366200032119], [-122.612372000041, 38.02353499973499], [-122.61247999999604, 38.02343299970658], [-122.61268800040851, 38.023188000348675], [-122.61276500040141, 38.02310399985454], [-122.61284599969395, 38.022998000239305], [-122.61287500000626, 38.02291899985888], [-122.61288300040218, 38.022834999764044], [-122.61278999961743, 38.02249999976745], [-122.61276899970105, 38.02233800024005], [-122.61277000042428, 38.0222210002407], [-122.61288300040218, 38.02189900017908], [-122.61299899985482, 38.02173700003067], [-122.61315500038876, 38.021504999937015], [-122.61328900028305, 38.0213659998005], [-122.6134630003603, 38.021232999794734], [-122.61387400026406, 38.020995999766065], [-122.61428000014492, 38.02078100008324], [-122.6145460002837, 38.0206479997234], [-122.61469699989644, 38.02059599988418], [-122.61487599999656, 38.02053199981369], [-122.61495200016456, 38.02049100013724], [-122.61505599992162, 38.02042799993378], [-122.61515999967871, 38.02037599993846], [-122.61533999960378, 38.02034099993447], [-122.61543300038852, 38.020334000214724], [-122.61558900002412, 38.02032299994613], [-122.61571100022286, 38.02032299994613], [-122.61577399997205, 38.02029399968037], [-122.61583800044444, 38.02025399983187], [-122.615890000323, 38.020183999690595], [-122.615918999737, 38.02010299988853], [-122.61594300002643, 38.02000200000113], [-122.61595399989709, 38.01995800013279], [-122.61599499990496, 38.019912000306526], [-122.61611000043102, 38.01984199983862], [-122.61635499975509, 38.019745000171504], [-122.61645600003745, 38.019705999991935], [-122.61656200034263, 38.01964599972952], [-122.61659300030476, 38.01956699998149], [-122.61655700031976, 38.0194830002903], [-122.61644599999168, 38.01935400029911], [-122.61635499975509, 38.019336000068286], [-122.61607600009583, 38.019418999955484], [-122.61587199988132, 38.019508000284276], [-122.61566000016923, 38.019642999821265], [-122.61556999975754, 38.01967700018971], [-122.61545500012981, 38.01967900012763], [-122.61536300006829, 38.019654000191984], [-122.61533700012905, 38.01962900024782], [-122.61533600030413, 38.019595999827196], [-122.61534399980172, 38.01955700027604], [-122.61539999987824, 38.019496999891686], [-122.61560400009272, 38.01939499990398], [-122.61578900004064, 38.01923499983155], [-122.6159820003845, 38.01894000024184], [-122.61610799988289, 38.018787999732986], [-122.6161999999444, 38.01872700015248], [-122.61651100028902, 38.01866799977904], [-122.61658200043411, 38.01863299966697], [-122.61686799976607, 38.01839099978964]]]}}, {"type": "Feature", "properties": {"name": "Strawberry", "region": "southern_marin", "geoid": "0675315", "source": "US Census TIGERweb ACS2025 Places (layers 4,5)", "role": "place"}, "geometry": {"type": "Polygon", "coordinates": [[[-122.52093900005632, 37.889359000289936], [-122.52042299967225, 37.887950000052925], [-122.51921599990033, 37.88560300027165], [-122.51880400017168, 37.884800000270154], [-122.51859999995717, 37.884785000110895], [-122.517988000212, 37.884740000323724], [-122.5177849998224, 37.884725999832916], [-122.51754399979797, 37.88461100030882], [-122.51729899957557, 37.88449399981957], [-122.51691199996128, 37.884308999945254], [-122.51682599974757, 37.88426800003281], [-122.51681300022709, 37.884263000180304], [-122.51669799970104, 37.884207999652965], [-122.51658399989823, 37.884154000190954], [-122.51237600005325, 37.8822119997078], [-122.51221399967157, 37.88213699979021], [-122.51100199987675, 37.88157700011857], [-122.50224600042819, 37.87753600017269], [-122.49975499999309, 37.876386000157126], [-122.49554799997304, 37.87444500030386], [-122.49471500029493, 37.87406100027021], [-122.49221600036222, 37.87290900021432], [-122.49138399961069, 37.872525999820745], [-122.49166399999318, 37.87310599983937], [-122.49250400024229, 37.87484600015245], [-122.49278399972647, 37.87542600034208], [-122.49431000023895, 37.87902699977445], [-122.49668399959987, 37.88462599979453], [-122.49856099974166, 37.88995699969055], [-122.49942299973206, 37.892405999744845], [-122.4998599995751, 37.8936470002382], [-122.499691000419, 37.89360500029392], [-122.49952400001445, 37.89356399988631], [-122.49927299994427, 37.893803999682774], [-122.4991490000957, 37.893924000350964], [-122.49867999956733, 37.894245999806614], [-122.49838500001454, 37.89445000016839], [-122.49721099985456, 37.894728999893786], [-122.4971070000975, 37.894700000327326], [-122.49707299976228, 37.894708000233315], [-122.4968739995707, 37.8947589997022], [-122.49655700027657, 37.89493599966991], [-122.49651399972056, 37.8949750002304], [-122.49638800022218, 37.895094000158686], [-122.49634700021431, 37.89513499971415], [-122.49656300012435, 37.89523100008816], [-122.49671700011015, 37.895315000224095], [-122.4968750002939, 37.89542500024029], [-122.49698599972368, 37.89550199987023], [-122.49741099987111, 37.89587299985842], [-122.49804699990572, 37.89668299978162], [-122.49809999960918, 37.896751999830435], [-122.49847000040334, 37.897231999828556], [-122.49867399971954, 37.89750499976467], [-122.49870399985677, 37.897539000013005], [-122.498918000117, 37.89778100003401], [-122.49913599967691, 37.897974000344625], [-122.4995299998622, 37.89820800011957], [-122.49961199987797, 37.89824499995224], [-122.49972999987874, 37.89829800021663], [-122.49996599988029, 37.89840399992197], [-122.5000000002155, 37.89841900014213], [-122.50062600020436, 37.898562000055456], [-122.50132599981312, 37.898669999781035], [-122.50167300014276, 37.89872500013831], [-122.50168700038647, 37.89872699982832], [-122.50245499976724, 37.89881500031203], [-122.50299600026564, 37.8988769998164], [-122.50327599974982, 37.89890999994289], [-122.50409400025764, 37.899035000352214], [-122.50470000015505, 37.89918300003504], [-122.50466099979697, 37.89937399983241], [-122.50462399998705, 37.8995579999441], [-122.50458100032937, 37.89965499969842], [-122.50455100019212, 37.89977299967296], [-122.50446199960535, 37.90012999971142], [-122.50443300019136, 37.900248999812], [-122.50442099959746, 37.9003129998818], [-122.50439600038143, 37.900447999669396], [-122.50440200022922, 37.90050599993261], [-122.5044099997268, 37.90057099995333], [-122.50432500023632, 37.90059799969424], [-122.50431299964242, 37.90060199968127], [-122.50414500031128, 37.90066399980683], [-122.50408099983885, 37.90070300016771], [-122.50402700031047, 37.90073699964761], [-122.50400899986882, 37.900754999907925], [-122.50422800015194, 37.90096500025709], [-122.50488500010296, 37.90159499983574], [-122.50510400038608, 37.90180600007214], [-122.50512500030248, 37.90193099981597], [-122.50518800005167, 37.902305999900044], [-122.50520999979298, 37.90243100021224], [-122.50524900015104, 37.90253100016739], [-122.50551899958946, 37.90322299990429], [-122.5057389996975, 37.90341499998511], [-122.50715100040715, 37.90432899997687], [-122.50694100034488, 37.904601999814545], [-122.50660700043403, 37.90503000013335], [-122.50652799989301, 37.90513100021319], [-122.50501800017237, 37.90555700007718], [-122.5051189995564, 37.90537500029726], [-122.50517999965577, 37.90514099991877], [-122.50515000041685, 37.90498600007622], [-122.50513899964787, 37.90475199987836], [-122.50481499978277, 37.90454799971669], [-122.5046530002994, 37.90449699994228], [-122.50406499994533, 37.90504599982539], [-122.50429799957381, 37.90530300020553], [-122.50432900043427, 37.905587999831255], [-122.5043389995817, 37.905821000102854], [-122.50430799961956, 37.90587399987303], [-122.50407699964087, 37.90610599984868], [-122.50388300037042, 37.906135999981565], [-122.50341300001715, 37.906405999918114], [-122.50290800040209, 37.90686200003426], [-122.50245999979013, 37.90693099975439], [-122.5019860001372, 37.90700599993151], [-122.5019440003044, 37.90696299972588], [-122.50188499985485, 37.90690300012228], [-122.50180600021213, 37.90695599982191], [-122.50175699980834, 37.90698999995686], [-122.50178899959539, 37.90703599969741], [-122.50188700040299, 37.90717699970921], [-122.50192000001496, 37.90722400012562], [-122.50199299980989, 37.90732899965053], [-122.50221200009301, 37.90764400016138], [-122.5029510000598, 37.90870300025992], [-122.50309099980188, 37.9089040000594], [-122.50338500042807, 37.90932499977465], [-122.50486500001149, 37.9093440001158], [-122.50930499966005, 37.909403999855165], [-122.51078500014177, 37.90942500028395], [-122.51076000002742, 37.90923200023513], [-122.51067899983657, 37.90858300029768], [-122.51058500012522, 37.90782499992362], [-122.51232599982455, 37.908190999813115], [-122.51315600002796, 37.90836599994579], [-122.51332900028031, 37.90840399970088], [-122.51385099961382, 37.90852099975615], [-122.51402499969107, 37.90856000020579], [-122.51403499973684, 37.90853399990832], [-122.51406700042222, 37.90845699973685], [-122.51407800029287, 37.908432000179324], [-122.51411199972974, 37.90835000026686], [-122.51421399983695, 37.908103999981115], [-122.51424899999706, 37.90802299977617], [-122.51429400020291, 37.90791500030926], [-122.51443499976992, 37.90761900032762], [-122.51448300034879, 37.9075190001988], [-122.51453299967922, 37.907414000236244], [-122.51470900030462, 37.90698699969539], [-122.51482200028254, 37.90671599967354], [-122.5151229996831, 37.905942999810826], [-122.51529900030849, 37.905356000348796], [-122.51533000027065, 37.90525399975829], [-122.51541200028642, 37.90479000008229], [-122.5154399998755, 37.90445900029591], [-122.51552699991413, 37.90346599980057], [-122.51554100015782, 37.90330599999703], [-122.51555899970116, 37.903135999868894], [-122.51556799992203, 37.903053999725074], [-122.51557600031792, 37.902832000070006], [-122.51557999961759, 37.902755999746894], [-122.51558600036367, 37.90270299985747], [-122.51560800010498, 37.90254500010776], [-122.51561499977767, 37.902493000214605], [-122.5156509997627, 37.90201000003791], [-122.51576200009076, 37.90056100033556], [-122.51579899990068, 37.90007899971065], [-122.51603400007733, 37.900062999647574], [-122.51611199989512, 37.89933399999377], [-122.51612600013884, 37.89914199989885], [-122.51614299985725, 37.89891200033667], [-122.51619499973582, 37.8982250000833], [-122.51621300017747, 37.89799599999158], [-122.51660900001258, 37.89682600023216], [-122.51663499995188, 37.89660899994508], [-122.5165730000276, 37.896121999912026], [-122.5167999998083, 37.89313499995796], [-122.51689400041795, 37.89190400013596], [-122.51692700002992, 37.89141700016898], [-122.51693799990058, 37.891256999693695], [-122.51700800022077, 37.89086799999877], [-122.5170950002594, 37.89044200018387], [-122.51730899962133, 37.89002199981051], [-122.51734499960635, 37.88995200022427], [-122.51744199969072, 37.889691999861896], [-122.51749399956925, 37.88957200009392], [-122.51749500029248, 37.88956199969088], [-122.51749899959212, 37.889533000215806], [-122.51750100014027, 37.88952400013198], [-122.51750199996518, 37.88951300010673], [-122.51750600016315, 37.88948100034624], [-122.51750600016315, 37.88947099993084], [-122.51750500033822, 37.88945999989768], [-122.51750199996518, 37.88943000005672], [-122.51750199996518, 37.88942000034335], [-122.51740099968285, 37.889082000015854], [-122.517255000093, 37.88875000014689], [-122.51716200020654, 37.888537999720725], [-122.51707799964267, 37.88691699994857], [-122.51724199967418, 37.88690699989385], [-122.51744400023885, 37.88707400027446], [-122.51753399975225, 37.887026999751406], [-122.51822400021354, 37.88667699967943], [-122.52093900005632, 37.889359000289936]]]}}, {"type": "Feature", "properties": {"name": "Tamalpais-Homestead Valley", "region": "southern_marin", "geoid": "0677805", "source": "US Census TIGERweb ACS2025 Places (layers 4,5)", "role": "place"}, "geometry": {"type": "Polygon", "coordinates": [[[-122.5770220000369, 37.91002100030178], [-122.57702100021199, 37.90998099987142], [-122.57697199980817, 37.909794000157895], [-122.57689599964021, 37.90969099999898], [-122.57625100028307, 37.908823000026445], [-122.57603600019792, 37.90853399990832], [-122.5757609998383, 37.908252999923945], [-122.57532399999528, 37.907804999822964], [-122.57499400028239, 37.90736300032186], [-122.57495999994723, 37.90731700007695], [-122.57471600044805, 37.907087999924215], [-122.5744310000427, 37.90681999983395], [-122.57400400024545, 37.906418000349056], [-122.5735160003488, 37.906090999777646], [-122.57342199973914, 37.906027999871284], [-122.5732490003851, 37.905811999884], [-122.5731079999198, 37.90559800018359], [-122.57291200010124, 37.90543200011318], [-122.57279199955231, 37.90540000018463], [-122.57204099988996, 37.905206000098566], [-122.57137399989318, 37.90505600025133], [-122.57094600027102, 37.90491200008202], [-122.57086900027812, 37.90488599991312], [-122.57035200006916, 37.904683999651034], [-122.57026699968034, 37.904553000318074], [-122.57025199961176, 37.90448600002801], [-122.57020200028133, 37.904250000117926], [-122.56982900001243, 37.904032000327376], [-122.56963599966858, 37.90392000015785], [-122.56964900008737, 37.90327299971519], [-122.56965499993515, 37.90303999988153], [-122.56957899976717, 37.90261899964697], [-122.56937000042811, 37.902315999989554], [-122.56884999984612, 37.90183900030297], [-122.56871199975387, 37.90168399988491], [-122.56864300015688, 37.90160500002187], [-122.56846200040691, 37.901349999813434], [-122.56828099975864, 37.901210000143365], [-122.56799899972636, 37.90113800022958], [-122.56757199992909, 37.901028999704266], [-122.56772900028791, 37.90079800019695], [-122.5681860002224, 37.9004110002353], [-122.56813500016878, 37.899207999899396], [-122.5681090002295, 37.89911400013849], [-122.56815100006231, 37.89896100004477], [-122.56817899965137, 37.89886199968954], [-122.56798299983281, 37.89854800006629], [-122.56789999999211, 37.8984139998328], [-122.5677660000978, 37.89847800008055], [-122.56736600006475, 37.898672999672726], [-122.56723299999538, 37.89873799989452], [-122.56702600030613, 37.898581000340286], [-122.56676900038816, 37.89837299997712], [-122.56650499989922, 37.89806800014369], [-122.56633199964686, 37.897866999808905], [-122.56622200004202, 37.89763699980688], [-122.56555800041828, 37.897157999835045], [-122.56541500030313, 37.8971129998122], [-122.56530499979998, 37.897128999807734], [-122.56476099982686, 37.89728399989447], [-122.56450899993176, 37.897324000138305], [-122.56410399987581, 37.89724900001776], [-122.5640040003167, 37.89716200000904], [-122.56399099989791, 37.897159000055815], [-122.56370499966765, 37.89709800003478], [-122.56358400019214, 37.897093000344555], [-122.56347200003913, 37.89695600033619], [-122.5632949995888, 37.89684200029002], [-122.56310999964089, 37.89679199965448], [-122.56289100025609, 37.896530999826034], [-122.56223599995488, 37.89574799975027], [-122.562018000395, 37.895488000007944], [-122.56183199972385, 37.89566299986736], [-122.56180400013474, 37.895732999694644], [-122.561758000104, 37.89623099990671], [-122.56163500008034, 37.89645300033324], [-122.56162099983662, 37.896477999707095], [-122.5615689999581, 37.89653399980491], [-122.56149399961504, 37.89656300006664], [-122.56143099986585, 37.896558999860105], [-122.56128299972784, 37.89649200008999], [-122.56126199981144, 37.89647899993705], [-122.5610330003809, 37.89634200020364], [-122.56102099978703, 37.89616900030022], [-122.56097999977914, 37.89605599997984], [-122.56070399959464, 37.89575000023006], [-122.56062199957884, 37.895120999782065], [-122.56052500039279, 37.894879999774226], [-122.5604700001412, 37.89481599994254], [-122.56019899997955, 37.89464100019621], [-122.56006699973507, 37.8943890000291], [-122.5599689998258, 37.89429600004487], [-122.55965800037949, 37.89413999978468], [-122.55946599986052, 37.89401299975133], [-122.55933699998911, 37.893966999668415], [-122.5591689997596, 37.89397499965412], [-122.55894899965159, 37.89405200009186], [-122.5588449998945, 37.89403300005579], [-122.55877600029756, 37.893955000042766], [-122.55877799994737, 37.8936870003317], [-122.55871699984799, 37.89352699982744], [-122.55863499983225, 37.893471000277685], [-122.5585829999537, 37.89343700027711], [-122.55848199967137, 37.89340399982365], [-122.55796600018564, 37.893312000285874], [-122.55762700025191, 37.89330700033856], [-122.55728599977004, 37.89339899988258], [-122.5571829998379, 37.89348499981464], [-122.55660399970468, 37.89271199992575], [-122.5565140001913, 37.89254599985572], [-122.5564790000312, 37.89244899994901], [-122.55642600032778, 37.89225400017375], [-122.55637100007618, 37.89198700023265], [-122.55634199976384, 37.89182799987142], [-122.55629800028126, 37.89158400024545], [-122.55627800018976, 37.89140300023876], [-122.55627099961876, 37.89118199977213], [-122.55629800028126, 37.89084100023345], [-122.55629699955803, 37.890710999964405], [-122.55628099966448, 37.890599000082915], [-122.55626300012113, 37.89053599967599], [-122.55621700009038, 37.890435999729526], [-122.55614699977018, 37.89033899987853], [-122.55605200023393, 37.89023999997923], [-122.55596799967006, 37.89016499973059], [-122.55560199997215, 37.88987999993225], [-122.55531499991699, 37.88966299972912], [-122.55521700000769, 37.88957200009392], [-122.5551199999233, 37.88945900028133], [-122.55504200010549, 37.88933599986152], [-122.5548029997309, 37.88874400026363], [-122.55468499973011, 37.88848700019595], [-122.55463500039973, 37.88832200015693], [-122.55458599999592, 37.88804199991052], [-122.55453999996516, 37.8875729998597], [-122.55444999955347, 37.88693500004353], [-122.55443700003299, 37.88678400017372], [-122.5544360002081, 37.886764000026915], [-122.55444399970571, 37.88653200005354], [-122.55452999991942, 37.88627900012035], [-122.55462399963075, 37.88602499965487], [-122.55470999984446, 37.88569999998106], [-122.55472200043836, 37.88549800023761], [-122.55472900011104, 37.8849339997613], [-122.55474900020252, 37.884698000261224], [-122.55475099985236, 37.88450999972173], [-122.55471800024038, 37.88430299970012], [-122.55471200039263, 37.88425900001438], [-122.55467100038473, 37.884047999818925], [-122.55457599995016, 37.883673000308086], [-122.55458299962288, 37.88358199965107], [-122.55461600013314, 37.88337799966286], [-122.55459500021675, 37.883317000276065], [-122.55455800040683, 37.88327500011101], [-122.55450300015524, 37.88325300031887], [-122.55442699998726, 37.88325499972013], [-122.55430599961343, 37.88332799980895], [-122.55427700019943, 37.883414999859106], [-122.55427700019943, 37.88354599994445], [-122.55429100044314, 37.883785999783136], [-122.55425899975778, 37.883875999786845], [-122.55418699978775, 37.88396499998962], [-122.55400400038796, 37.88406000035026], [-122.55371999980753, 37.88419099999726], [-122.55376300036353, 37.884088000164525], [-122.55384299983116, 37.88403399990552], [-122.55402399958112, 37.88395100006044], [-122.55415900019867, 37.883815000103596], [-122.55407700018289, 37.88339800002034], [-122.55410300012215, 37.88330899984134], [-122.55413900010716, 37.883247999688436], [-122.55431700038238, 37.882950000353574], [-122.55429200026803, 37.882866999995784], [-122.55419699983351, 37.8827779998841], [-122.55382699993764, 37.88255399992353], [-122.55376199964032, 37.88248299990781], [-122.55373400005124, 37.8823890000613], [-122.55384299983116, 37.882010000322886], [-122.55385100022708, 37.88192200031223], [-122.55381299969395, 37.88164699986724], [-122.55391800017425, 37.88119900018418], [-122.55400299966473, 37.88099599970758], [-122.55417099989421, 37.8805560003444], [-122.5541979996584, 37.8804149996765], [-122.55416800041951, 37.88028099976209], [-122.55408600040373, 37.880120999904804], [-122.55404700004566, 37.88004300004333], [-122.55387700016635, 37.87979299974881], [-122.55373400005124, 37.87963999991575], [-122.55367200012694, 37.87951199993637], [-122.55369399986823, 37.87940599997342], [-122.5537540001427, 37.8793139999622], [-122.5538600004479, 37.87924400012329], [-122.55395400015925, 37.87920900017889], [-122.55378599992974, 37.87906700001099], [-122.55353999988246, 37.878926999797145], [-122.55361000020265, 37.87868200020074], [-122.55371700033278, 37.87848000035175], [-122.55367200012694, 37.878372000078905], [-122.55363600014194, 37.87822999971544], [-122.55363299976887, 37.87809699985083], [-122.55367200012694, 37.87805099975114], [-122.55370899993686, 37.87790399990272], [-122.55382799976253, 37.87770599986027], [-122.55375599979253, 37.877533999907094], [-122.55365100021055, 37.87747599998072], [-122.55338300042195, 37.8773460002244], [-122.55321900039041, 37.87710699974647], [-122.55313900002446, 37.87698900031341], [-122.55291399989358, 37.876910000184694], [-122.5528379997256, 37.876860000194085], [-122.55272100044803, 37.87665200015251], [-122.55264000025718, 37.87660699965034], [-122.55253999979975, 37.876602999777724], [-122.55236700044571, 37.876666999841085], [-122.55229999960024, 37.876716000173296], [-122.55223699985105, 37.876734999714515], [-122.55218099977456, 37.8767260001937], [-122.55212300004823, 37.87665399973298], [-122.55211700020045, 37.87655099999552], [-122.55207299981952, 37.876472999898795], [-122.55176400002304, 37.8763849996542], [-122.55170200009877, 37.876335999810834], [-122.55167399961137, 37.87624800011165], [-122.55164600002227, 37.87594399989071], [-122.55172200019025, 37.87572400033849], [-122.55168899967995, 37.875675999858956], [-122.55153899989213, 37.87558400015241], [-122.5515370002423, 37.875460000150376], [-122.55172499966498, 37.875209000090614], [-122.55213300009399, 37.87500100035071], [-122.55217300027694, 37.87491400028874], [-122.55218099977456, 37.874743000014206], [-122.55228600025487, 37.87459900010956], [-122.5522899995545, 37.874525999878045], [-122.55217400010186, 37.87436700010448], [-122.55185899955929, 37.874146000272866], [-122.55181799955139, 37.87406799975689], [-122.5517670003961, 37.87383099964612], [-122.55165400041818, 37.873725000017004], [-122.55139800032515, 37.87358600011834], [-122.55127799977625, 37.87341100026072], [-122.55111600029286, 37.87324800015312], [-122.5510579996682, 37.873148999968286], [-122.55105900039143, 37.87310199977665], [-122.5511139997447, 37.873035999773805], [-122.55138699955617, 37.8729270001875], [-122.55150799993, 37.87285000035005], [-122.55179099978723, 37.87250699990301], [-122.55193499972727, 37.87227700010021], [-122.55223900039918, 37.872087999912814], [-122.55241699977611, 37.87186599977138], [-122.55246399963177, 37.87183900013015], [-122.55275099968695, 37.87168000023026], [-122.55281799963409, 37.87157900034752], [-122.55280699976346, 37.87147000002384], [-122.55275300023509, 37.87140700027067], [-122.55266100017357, 37.87135999967685], [-122.55206899962157, 37.87129199980567], [-122.55193899992521, 37.871240999683806], [-122.55184600003881, 37.87116300034687], [-122.55182099992446, 37.87104200030284], [-122.55207500036767, 37.870576999978326], [-122.55206000029906, 37.8705099999672], [-122.5519659996894, 37.87045800013884], [-122.5516779998093, 37.870470000047966], [-122.55161199968708, 37.87047199979624], [-122.55141800041662, 37.8705009996859], [-122.55135399994423, 37.870510999840825], [-122.5511499997297, 37.8705420001706], [-122.55101800038354, 37.87053299989321], [-122.55075499971952, 37.87051699979126], [-122.55065299961225, 37.8704450003533], [-122.55062500002316, 37.87034599994751], [-122.55074100037412, 37.8700619999148], [-122.55089299981177, 37.86991100019826], [-122.55113300001128, 37.86967400018817], [-122.55125799968474, 37.86954900027975], [-122.55133800005069, 37.86947199974838], [-122.55132899982985, 37.86937900020577], [-122.55122000004992, 37.86925999984968], [-122.55116300014849, 37.8691229998215], [-122.551147000255, 37.869119000251686], [-122.5510490003457, 37.869094000098606], [-122.5509799998504, 37.86912399971394], [-122.55073700017614, 37.86923200007169], [-122.55042300035682, 37.869303000095854], [-122.55009600011863, 37.8694170002313], [-122.55006599998141, 37.869423000270885], [-122.54990799979767, 37.869457999900966], [-122.54969400043574, 37.869450000088285], [-122.54935999962657, 37.86954099976779], [-122.5492480003719, 37.869541999654565], [-122.54916200015819, 37.86951599975795], [-122.5490800001424, 37.869450000088285], [-122.54902999991369, 37.869354000140966], [-122.54904800035537, 37.86923200007169], [-122.54916100033327, 37.86912100003661], [-122.54926500009036, 37.86908700013935], [-122.54962999996333, 37.869056999799845], [-122.54983199962969, 37.86895699976177], [-122.55016600043885, 37.868663000353074], [-122.55034200016594, 37.8683850003397], [-122.55035700023457, 37.86836299964594], [-122.55046199981655, 37.868269000217865], [-122.55105600001838, 37.868129000047645], [-122.55121599985195, 37.86803199989023], [-122.55121400020214, 37.86789199997893], [-122.55120800035436, 37.86747200006721], [-122.55120699963113, 37.86733199980104], [-122.55068600012251, 37.867332999717796], [-122.55050199999953, 37.86733400034365], [-122.55021900014229, 37.86723799976689], [-122.55008699989781, 37.86720900001129], [-122.55000800025512, 37.86721099984806], [-122.54993200008711, 37.867238999684915], [-122.54968799968965, 37.86737599967025], [-122.54951899963524, 37.867409999647855], [-122.54938399991602, 37.867406999900744], [-122.54926599991525, 37.86736800034068], [-122.54920200034114, 37.867332999717796], [-122.54888000012588, 37.86715699998078], [-122.54873199998787, 37.86711499982018], [-122.54867500008648, 37.86713800009684], [-122.54857200015431, 37.86725299995389], [-122.54851199987984, 37.8676309998291], [-122.54847400024501, 37.867678999877135], [-122.54846300037435, 37.86769399997436], [-122.54840399992482, 37.86772099971621], [-122.54822599964957, 37.86771099989179], [-122.54785900012678, 37.86754099983207], [-122.54774899962361, 37.86752100013302], [-122.54759999966068, 37.86752399987548], [-122.5470160004029, 37.8676660003104], [-122.54688599980824, 37.86771099989179], [-122.54665800020261, 37.86784900032758], [-122.54661200017188, 37.867868000028196], [-122.54653199980592, 37.86790299968774], [-122.54628999995658, 37.867900999869754], [-122.54613099994792, 37.86796399978416], [-122.54600399972632, 37.86806000012423], [-122.54577100009782, 37.86823499992746], [-122.54571900021925, 37.868322000076084], [-122.54571099982336, 37.86833700004246], [-122.54568999990697, 37.86844899974189], [-122.54568700043222, 37.868525999924024], [-122.54565800011991, 37.86862200024103], [-122.54560100021851, 37.86873699990951], [-122.54551900020275, 37.868839999935], [-122.54529300024691, 37.869041999980034], [-122.54520399966015, 37.86922799979864], [-122.54516000017753, 37.869318999752274], [-122.54505399987231, 37.8694139998568], [-122.54481600022095, 37.86948999985217], [-122.54473300038026, 37.86947500012057], [-122.54458600006717, 37.869408999705065], [-122.54440299976908, 37.86944099967751], [-122.54415800044501, 37.869575000164716], [-122.54406499966026, 37.8696719997091], [-122.54389200030623, 37.87005900027566], [-122.54376599990954, 37.870137000072276], [-122.54362399961931, 37.87014900003364], [-122.54354699962641, 37.870155999892056], [-122.54310999978341, 37.870293000126885], [-122.54300500020143, 37.870209999688946], [-122.54271800014625, 37.87013100009084], [-122.54261000019122, 37.870160999993104], [-122.54241699984736, 37.870278999726374], [-122.54224799979298, 37.87035000015992], [-122.54201699981428, 37.87035699999919], [-122.54165899961401, 37.87027600009607], [-122.54147200001626, 37.870305000062835], [-122.54118300031124, 37.8704209998159], [-122.54094899995951, 37.8704450003533], [-122.54075200031602, 37.87049899993837], [-122.54024799962754, 37.870447000102295], [-122.54004199976323, 37.87044299989515], [-122.53993100033347, 37.87040499968963], [-122.5398779997317, 37.87033400001823], [-122.53983599989891, 37.870278999726374], [-122.53952600027752, 37.869692000242615], [-122.53924699971994, 37.869165000255805], [-122.53876300002128, 37.868805000011356], [-122.538660999914, 37.86872299992245], [-122.53857800007334, 37.86862300014028], [-122.53853899971529, 37.868532999936576], [-122.53847699979099, 37.86838999985176], [-122.53834000042195, 37.867878999740654], [-122.53814399970507, 37.867690000326924], [-122.53801700038177, 37.867506999914916], [-122.53796499960492, 37.8674550000947], [-122.53793299981787, 37.867355000009965], [-122.53798200022169, 37.867285000153544], [-122.53814000040543, 37.86716599996138], [-122.53817800004026, 37.86711399990053], [-122.53818899991091, 37.86703499981966], [-122.53807699975793, 37.866865000327884], [-122.53760999977769, 37.866587999840256], [-122.53752799976192, 37.86649500020345], [-122.53749900034792, 37.86641199974214], [-122.53721300011766, 37.865997000288424], [-122.53719100037637, 37.865886000344226], [-122.53727400021701, 37.865772999647916], [-122.53739999971539, 37.86566599983303], [-122.53758100036369, 37.86552800027314], [-122.53763800026509, 37.865400999828], [-122.53766000000641, 37.86512700005985], [-122.53759399988417, 37.86477800011963], [-122.53765300033372, 37.864386999647984], [-122.53767699972485, 37.86437700008028], [-122.53789099998508, 37.86468700023139], [-122.53800700033607, 37.86476000028315], [-122.53822499989595, 37.86485299998207], [-122.53839499977525, 37.864892000164], [-122.538516999974, 37.864982999799146], [-122.5386659999369, 37.86518399983413], [-122.53868799967822, 37.865063999847436], [-122.53863999999763, 37.86480800007376], [-122.53843199958517, 37.86451800024207], [-122.5382850001704, 37.86386899968996], [-122.53826300042908, 37.86386000001583], [-122.53826300042908, 37.86377600016762], [-122.53819700030684, 37.86366800032343], [-122.53820700035257, 37.863627000268906], [-122.53811699994088, 37.863534999700306], [-122.53804400014596, 37.86339900034527], [-122.53790299968065, 37.86324799974006], [-122.53774500039523, 37.86312300027779], [-122.53747500005846, 37.862707000052495], [-122.53716399971384, 37.86245199987537], [-122.53705699958373, 37.86231899989452], [-122.53678899979514, 37.862090000191685], [-122.53673600009168, 37.862024000253605], [-122.53663200033462, 37.86195000033873], [-122.53646599975495, 37.86191799995003], [-122.5363159999671, 37.861904000085886], [-122.53607499994268, 37.861910000028], [-122.53594900044433, 37.86193799975136], [-122.53585599965959, 37.861923999891005], [-122.53572400031342, 37.86195100032851], [-122.53555699990883, 37.8619590002461], [-122.53542899986232, 37.86199999981018], [-122.5353579997172, 37.8619959998537], [-122.53528400009736, 37.86180200028612], [-122.53529099977006, 37.86172600016277], [-122.53529900016596, 37.86162800009333], [-122.53549599980946, 37.861359999758996], [-122.53560999961228, 37.86123199993292], [-122.53570000002398, 37.86109799987687], [-122.53567099971163, 37.86101999973201], [-122.53592299960673, 37.860779000181395], [-122.53560799996247, 37.860580000205694], [-122.53543100041045, 37.86057400015532], [-122.53499200001932, 37.86056000003587], [-122.53455900037426, 37.86003700005129], [-122.5340970004169, 37.85977599974085], [-122.5339070004461, 37.85966899972959], [-122.53404499964003, 37.85936899999658], [-122.53424399983169, 37.858940000171835], [-122.53304799993039, 37.858836999784316], [-122.53342100019931, 37.858257000217286], [-122.53355099989564, 37.85747500035078], [-122.53384200014878, 37.85738099980098], [-122.53511500004295, 37.85697100013622], [-122.53374099986644, 37.85614000030437], [-122.53264299987444, 37.85552099992965], [-122.53314599983968, 37.85383900018876], [-122.5303459996081, 37.85253900012306], [-122.52917200034645, 37.85189400028218], [-122.52833899976999, 37.851435999935134], [-122.52754600027485, 37.850436999917456], [-122.52637399976469, 37.850047000126494], [-122.52634000032782, 37.85003599988062], [-122.52628199970319, 37.850026999936105], [-122.52600200021901, 37.84998499994423], [-122.5259090003326, 37.84997200009391], [-122.52585300025612, 37.85008600034028], [-122.52537600023011, 37.85052200021647], [-122.52497899967177, 37.85086100029242], [-122.52476899960949, 37.85104599975388], [-122.52462899986743, 37.851274999721085], [-122.52456399957008, 37.8514370000675], [-122.52448800030042, 37.85171000023994], [-122.5244230000031, 37.85188700010778], [-122.52433799961427, 37.85199400006628], [-122.52421899978859, 37.85206699992231], [-122.52400600025156, 37.852180999766716], [-122.52396400041877, 37.85227200020037], [-122.5239660000686, 37.85233799964963], [-122.52407099965058, 37.85254400000083], [-122.52443600042189, 37.85328899998496], [-122.52472400030196, 37.85398900011254], [-122.52473400034772, 37.854015999910345], [-122.52490199967889, 37.854466999904815], [-122.5249250001434, 37.85458399985367], [-122.52491000007481, 37.854666000070935], [-122.52477299980747, 37.85476600035077], [-122.52445599961504, 37.854888000253204], [-122.524099000138, 37.855115000179595], [-122.52320799983522, 37.85536399973241], [-122.52251400007425, 37.8556859996817], [-122.5223960000735, 37.855779000191625], [-122.52235099986765, 37.85586800029521], [-122.52236799958608, 37.85593400007151], [-122.52248999978482, 37.856077000211634], [-122.5224730000664, 37.85615000028037], [-122.52215599987399, 37.856404000208784], [-122.52181699994027, 37.85654800020947], [-122.52170099958931, 37.856562999735296], [-122.52157000006805, 37.85651799973012], [-122.5214729999837, 37.85628799966868], [-122.52141699990717, 37.85624300020491], [-122.5210799996233, 37.856270999953324], [-122.5205869997038, 37.85614900021189], [-122.52011200022596, 37.85611800021053], [-122.51980300042948, 37.85617599992788], [-122.51904799967082, 37.856448000219125], [-122.51883000011092, 37.85650699974045], [-122.51854399988066, 37.85653500009781], [-122.51790199999826, 37.856520999920455], [-122.51762599981376, 37.85653800028745], [-122.51736700024598, 37.85659699973676], [-122.51669299967818, 37.856828000311864], [-122.51649000018692, 37.85685499977915], [-122.51629799966798, 37.85684199972168], [-122.51590400038097, 37.85671900015524], [-122.51519100035345, 37.85635199964683], [-122.51490299957506, 37.85622899997211], [-122.51429099982985, 37.85604400004024], [-122.51358399965012, 37.85588600017558], [-122.51311800039312, 37.85574299966495], [-122.51285399990415, 37.855604999965614], [-122.51215799959508, 37.855134999699054], [-122.51209900004383, 37.85510800031103], [-122.51182799988219, 37.85498299981062], [-122.51143399969689, 37.8548849999964], [-122.51128100043432, 37.854898999775166], [-122.51111499985466, 37.85497200030121], [-122.51106100032628, 37.85504000033745], [-122.51096099986889, 37.855286999983306], [-122.51070300012601, 37.85543400027276], [-122.51033099968201, 37.855553000258595], [-122.50941099996527, 37.85574800003466], [-122.50886699999212, 37.85581900028335], [-122.50834200028558, 37.8558299996664], [-122.50779599976431, 37.855784999923046], [-122.50742400021865, 37.85571599979036], [-122.50918599983436, 37.85644700015473], [-122.51017099984843, 37.85685499977915], [-122.50976099976964, 37.85767600029413], [-122.50841799955525, 37.858939000141206], [-122.5084569999133, 37.85909199970264], [-122.50855999984547, 37.85923700015276], [-122.50871600037938, 37.859327999678165], [-122.50876300023506, 37.85934700015721], [-122.50899099984068, 37.85943900027992], [-122.50915900007017, 37.85953699971379], [-122.50925199995658, 37.85967199979164], [-122.50956099975306, 37.86040099991111], [-122.50956400012612, 37.86043300024923], [-122.5095699999739, 37.860514000333886], [-122.50960099993607, 37.860656000092305], [-122.50963899957088, 37.86075800005967], [-122.50965000033986, 37.86077800017576], [-122.509709999716, 37.86088499999547], [-122.5097719996403, 37.860958000267246], [-122.50986500042501, 37.861037999772776], [-122.51015499995492, 37.86124399992607], [-122.51026399973487, 37.861336999806625], [-122.51043299978926, 37.86150500000265], [-122.51057500007948, 37.86164599998556], [-122.51069200025536, 37.861754999948474], [-122.5107380002861, 37.861798000318885], [-122.51087700020327, 37.86189700015278], [-122.5109009995944, 37.861992999886205], [-122.51085100026403, 37.86207700034823], [-122.510779000294, 37.862143000238845], [-122.51077099989807, 37.86227499984271], [-122.51086600033261, 37.86262900019209], [-122.51099100000609, 37.862757999698374], [-122.51136900029788, 37.863041000248685], [-122.51172199957696, 37.86321599991491], [-122.51205700021104, 37.8632649999739], [-122.51211800031041, 37.86327099980522], [-122.51226499972519, 37.863286000090575], [-122.51251599979535, 37.86333300016107], [-122.5128000003758, 37.86349900012491], [-122.51462700028885, 37.86224500027584], [-122.51503499981952, 37.86213900029012], [-122.51526900017127, 37.86212099980907], [-122.51569699979343, 37.86216299997912], [-122.51587400024377, 37.86223499970832], [-122.51599499971927, 37.8623689998248], [-122.5162929996451, 37.86267400001253], [-122.51681999989978, 37.863145999672746], [-122.51684699966397, 37.863200000351746], [-122.51701999991631, 37.863540000250644], [-122.51830700005421, 37.86461999982875], [-122.51937499990899, 37.86527599976251], [-122.51974999982771, 37.86563500028846], [-122.51982400034586, 37.86567699987419], [-122.52025500034108, 37.8658870002806], [-122.52095699959966, 37.86627899981627], [-122.52113999989776, 37.86648899992544], [-122.52138900031808, 37.86660699986601], [-122.52173900012245, 37.86673500028504], [-122.52188999973521, 37.866745000241906], [-122.52203299985034, 37.866716000292286], [-122.52341899972242, 37.867363999966386], [-122.52514699990128, 37.868172000244755], [-122.52575299979867, 37.86860700033273], [-122.52610500015116, 37.86885999998526], [-122.52660899994133, 37.86922199974317], [-122.52671000022369, 37.86935599991952], [-122.52677299997288, 37.86960899983679], [-122.52671699989637, 37.86975400016012], [-122.52673699998785, 37.86982499968133], [-122.5267529998814, 37.869841999816195], [-122.52679800008721, 37.869889999842144], [-122.52692399958559, 37.869936999955485], [-122.5270859999673, 37.8701060002812], [-122.52697399981432, 37.8701869996621], [-122.52679700026232, 37.87063499966354], [-122.52674600020866, 37.87074700012468], [-122.52596600023399, 37.87249899971231], [-122.52586199957862, 37.87279099972945], [-122.52579999965432, 37.87296800003131], [-122.52591199980733, 37.87351199975923], [-122.52576399966932, 37.87352200021457], [-122.52532199980345, 37.87355399981885], [-122.52517500038869, 37.873565000100676], [-122.52504599961894, 37.87354800011568], [-122.52480999961739, 37.873507999718555], [-122.52434299963714, 37.87343499982409], [-122.5240370002137, 37.873412000094966], [-122.52374599996057, 37.87351700034163], [-122.52350199956311, 37.87360700013002], [-122.52315500013177, 37.87411000020864], [-122.52361500043932, 37.87447499986765], [-122.52439000039112, 37.87470400008261], [-122.52437600014741, 37.87491999988067], [-122.52413599994792, 37.87511900013207], [-122.52410599981069, 37.87580000020654], [-122.52402799999288, 37.87626999986905], [-122.52377299972474, 37.876602999777724], [-122.52329999989672, 37.87722600019116], [-122.52311900014676, 37.877740999809795], [-122.52315400030685, 37.877866000000296], [-122.5230990000553, 37.8780199997448], [-122.5230930002075, 37.87803799988728], [-122.52330599974452, 37.87845799983633], [-122.52332099981312, 37.878487999892975], [-122.52334799957731, 37.87861600023378], [-122.52333099985889, 37.878786000265016], [-122.5232990000718, 37.87885599983014], [-122.52319000029188, 37.87909900004274], [-122.5228050003274, 37.87938599994995], [-122.52260600013578, 37.8795360003483], [-122.522740999855, 37.87955600033106], [-122.52293500002375, 37.87958500019008], [-122.52310999992592, 37.879634999749], [-122.52314099988808, 37.87964400033251], [-122.52317799969798, 37.87965499970492], [-122.52326399991172, 37.879704000176524], [-122.52291900013023, 37.87993199998894], [-122.52257400034873, 37.88015900006189], [-122.52239900044653, 37.88027400015671], [-122.52118900030158, 37.88107000034782], [-122.51980400025437, 37.8819830001455], [-122.5189399997158, 37.88255300021342], [-122.51889299986014, 37.882588999696424], [-122.51875499976786, 37.88270099970861], [-122.5187089997371, 37.882738000244935], [-122.51828399958967, 37.88302099991907], [-122.51776100043126, 37.88336999994378], [-122.51700900004566, 37.883870000215445], [-122.5168120004022, 37.88400199989094], [-122.51669799970104, 37.884077999725626], [-122.51658399989823, 37.884154000190954], [-122.51669799970104, 37.884207999652965], [-122.51681300022709, 37.884263000180304], [-122.51682599974757, 37.88426800003281], [-122.51691199996128, 37.884308999945254], [-122.51729899957557, 37.88449399981957], [-122.51754399979797, 37.88461100030882], [-122.5177849998224, 37.884725999832916], [-122.517988000212, 37.884740000323724], [-122.51859999995717, 37.884785000110895], [-122.51880400017168, 37.884800000270154], [-122.51921599990033, 37.88560300027165], [-122.52042299967225, 37.887950000052925], [-122.52093900005632, 37.889359000289936], [-122.52262000037946, 37.88828500029935], [-122.52416699991005, 37.887295999956244], [-122.5243970000638, 37.88714999977462], [-122.52411000000863, 37.88669000014536], [-122.52396400041877, 37.88654400018008], [-122.52408200041954, 37.886379999699095], [-122.52444599956931, 37.88667199999044], [-122.52483700027989, 37.88698599993433], [-122.52559799998798, 37.88746300016354], [-122.5259939998231, 37.887712000304155], [-122.52615899967954, 37.887899999758474], [-122.52622499980178, 37.8880410002749], [-122.52623599967244, 37.88806300005455], [-122.52628000005336, 37.888314999897865], [-122.52630099996973, 37.88872000001665], [-122.52636000041932, 37.88911999980288], [-122.5264039999019, 37.88924099992692], [-122.52641800014564, 37.88927900034085], [-122.52662200036012, 37.88958399972502], [-122.52669299960692, 37.88964299965531], [-122.52690600004225, 37.88982300012376], [-122.52697800001228, 37.88988300018216], [-122.52729799967942, 37.89008899979775], [-122.52740099961157, 37.89013399986074], [-122.52771000030637, 37.890270000199095], [-122.52840999991513, 37.89044900024065], [-122.52882500001681, 37.8905089997889], [-122.52886299965164, 37.89051500023729], [-122.5292610000349, 37.89054500034506], [-122.5293170001114, 37.890547999858924], [-122.52991999963577, 37.890567999686844], [-122.53006000027617, 37.890572999820236], [-122.53048899972322, 37.89059500026124], [-122.53084799974843, 37.890728999840825], [-122.53102199982571, 37.890786999964135], [-122.5312820001167, 37.890788999869784], [-122.53163000027125, 37.89101399989742], [-122.5318300002878, 37.89114300003794], [-122.5315270003391, 37.89158900030985], [-122.53163500029413, 37.89160899985498], [-122.53155199955515, 37.89171399968199], [-122.53156300032411, 37.89177300003216], [-122.53157500001967, 37.891829999748786], [-122.5316260000733, 37.89194000001004], [-122.53183100011272, 37.892117999955666], [-122.53196599983194, 37.89223499967363], [-122.53257099990441, 37.89244099979752], [-122.53265600029323, 37.89247000025394], [-122.53283799986811, 37.892453999954654], [-122.53273599976086, 37.892538999998266], [-122.53293300030266, 37.892552000138096], [-122.53275599985234, 37.89270500008408], [-122.53273300028613, 37.89272600031598], [-122.53313300031921, 37.89319000019755], [-122.53320600011413, 37.893154000225834], [-122.53329399997769, 37.893301000117724], [-122.53318400037284, 37.89335399968845], [-122.53340299975764, 37.89352199989467], [-122.53309200031133, 37.893676999778684], [-122.53386100041537, 37.89423499977802], [-122.53415299959507, 37.894026999894145], [-122.5344000003656, 37.89439500016125], [-122.53427200031908, 37.8946180000001], [-122.53437500025125, 37.89470500018003], [-122.53460799987977, 37.89479299980111], [-122.53459399963604, 37.89515700020967], [-122.53454699978039, 37.89525200030833], [-122.53463499964393, 37.89520800007639], [-122.5347030003143, 37.89516200003135], [-122.53475500019285, 37.89512900035122], [-122.53518600018806, 37.89502600022321], [-122.53534199982366, 37.89502699976404], [-122.53564700032052, 37.8951450000691], [-122.53573500018408, 37.895178999989724], [-122.53595000026922, 37.895178999989724], [-122.5359700003607, 37.895174999707976], [-122.5361030004301, 37.8952699997834], [-122.5361870000957, 37.89532999965595], [-122.53683800019896, 37.89579700014688], [-122.53705599975883, 37.895952999731186], [-122.53721700031561, 37.8961410001178], [-122.5377019998392, 37.896704999814496], [-122.53786400022089, 37.89689299969825], [-122.53796499960492, 37.89682099981457], [-122.538264000254, 37.89659100008854], [-122.53836399981309, 37.89651499970052], [-122.53840099962304, 37.8964879998796], [-122.53842699956228, 37.89647100022353], [-122.53850100008044, 37.896425999780675], [-122.53851799979888, 37.896416999830606], [-122.53855899980677, 37.89639599994274], [-122.5386090000355, 37.89638400000414], [-122.53868900040143, 37.896386999989], [-122.53875299997554, 37.89640000015813], [-122.53880499985407, 37.896412000094124], [-122.5389699997105, 37.896465000260584], [-122.53930799981931, 37.89660799971684], [-122.53949100011741, 37.8966859997543], [-122.53963500005744, 37.89674700011677], [-122.54006699987758, 37.896930000191965], [-122.54021099981765, 37.89699100035222], [-122.54057499986573, 37.89693099970688], [-122.54120000002969, 37.8968299997153], [-122.54154999983406, 37.89679599984836], [-122.54166899965975, 37.896763999709044], [-122.54169499959902, 37.89675799976999], [-122.54188899976776, 37.896748999860506], [-122.54203799973067, 37.89675300005672], [-122.54207100024097, 37.896778000037536], [-122.54216999997516, 37.89685400015396], [-122.54220299958713, 37.896880000325034], [-122.54236199959577, 37.89701099984758], [-122.54242500024328, 37.89708799994516], [-122.5424749995737, 37.89714899997448], [-122.5426500003742, 37.89745400007163], [-122.54264600017625, 37.89763099993898], [-122.54261900041206, 37.897912000079614], [-122.54260299962021, 37.897939000087135], [-122.54245399965731, 37.898206999913064], [-122.54243600011394, 37.89829500030965], [-122.54247000044913, 37.8983320000986], [-122.54248799999249, 37.89833699970467], [-122.54253700039628, 37.89835199993847], [-122.54265399967382, 37.89836599996492], [-122.54296099982051, 37.89841200013429], [-122.54311999982917, 37.898436000057174], [-122.54318299957833, 37.89842700035281], [-122.54346899980862, 37.89825499988468], [-122.54348600042536, 37.89824200004311], [-122.54387200021475, 37.897956000113], [-122.54400199991107, 37.89790300031124], [-122.54410400001832, 37.89789999967934], [-122.54416299956956, 37.89791900013505], [-122.54419299970681, 37.89796900000503], [-122.54417400033854, 37.89801000008575], [-122.5439619997281, 37.89812900006967], [-122.54385499959798, 37.89819599976749], [-122.54376599990954, 37.89825399967881], [-122.54358500015957, 37.89837000007326], [-122.54352099968715, 37.898444000266025], [-122.54335900020376, 37.89879099980391], [-122.54334400013514, 37.89882399996895], [-122.54331499982284, 37.89885000015296], [-122.54327800001289, 37.898847999757486], [-122.54302799976765, 37.89877100008333], [-122.54292999985837, 37.89876100022099], [-122.54278300044356, 37.89882699985431], [-122.54271300012338, 37.8988940003345], [-122.54268299998617, 37.89893899997737], [-122.54263199993252, 37.89906300014262], [-122.54257800040416, 37.89927799989968], [-122.54257400020622, 37.89928700020885], [-122.54247700012183, 37.89955900013225], [-122.54243500028905, 37.89964399976926], [-122.54266000041993, 37.899697999921315], [-122.54333699956413, 37.89986000013972], [-122.54356300041826, 37.89991400013329], [-122.54361399957358, 37.89992200018149], [-122.5437929996737, 37.899952], [-122.54412699958456, 37.900008999763315], [-122.54448200031011, 37.90007700005738], [-122.54471199956555, 37.900121000214185], [-122.5447769998629, 37.900132000072105], [-122.54497299968146, 37.90016699999558], [-122.54503899980371, 37.90017900002629], [-122.54513900026113, 37.900164000164835], [-122.54554199976896, 37.9000639998288], [-122.54570199960254, 37.900020999819795], [-122.54571699967113, 37.90001799998304], [-122.54578500034152, 37.900008999763315], [-122.54585899996137, 37.900008000290136], [-122.5459810001601, 37.90001399996427], [-122.5460799998943, 37.900026000019935], [-122.54637299979726, 37.90009400029829], [-122.54647599972941, 37.90012500022714], [-122.54661499964661, 37.900145999759935], [-122.5467419998682, 37.90015799979407], [-122.54692900036426, 37.90013300025241], [-122.54710199971834, 37.900098999784674], [-122.5473050001079, 37.900066000191295], [-122.54747099978925, 37.900059999812534], [-122.54756899969856, 37.900083999906904], [-122.54777399973796, 37.90014299992833], [-122.54844400010779, 37.90033800007118], [-122.5485579999106, 37.900363000252064], [-122.54857899982699, 37.90036799972017], [-122.54865900019294, 37.90039100024607], [-122.54897300001231, 37.90050099976508], [-122.54910500025676, 37.900547000017816], [-122.54914100024178, 37.90056000016107], [-122.54925199967157, 37.90060000004221], [-122.54928900037977, 37.90061400034991], [-122.54953299987895, 37.90069599966825], [-122.54967599999407, 37.900732999667916], [-122.54973799991836, 37.90074000016386], [-122.54981499991123, 37.90074999975731], [-122.54996399987417, 37.90075399973608], [-122.55009000027087, 37.900745999778316], [-122.5502969999601, 37.90074999975731], [-122.55039200039468, 37.90078299975279], [-122.5505990000839, 37.900890999763625], [-122.55075700026765, 37.90100300029], [-122.55091700010121, 37.901133000104984], [-122.55095700028419, 37.90116000034851], [-122.55101099981256, 37.90118699987335], [-122.55108699998051, 37.90122499979164], [-122.55116999982121, 37.90125599995296], [-122.551283999624, 37.901284000316075], [-122.55145799970128, 37.90131800023637], [-122.55165100004514, 37.901309000175615], [-122.55197800028327, 37.90130800001125], [-122.55244699991336, 37.90130800001125], [-122.55267299986913, 37.90129600016466], [-122.55282900040307, 37.90128199998669], [-122.55296199957415, 37.901258000283036], [-122.55308399977287, 37.90122999991003], [-122.55338099987381, 37.9010950001392], [-122.5534579998667, 37.90109299980469], [-122.55350100042271, 37.90110700001855], [-122.55399500016712, 37.9012710003007], [-122.55404799987058, 37.90128899972161], [-122.5542100002523, 37.90134300008436], [-122.55426499960554, 37.90136199965126], [-122.5543180002073, 37.90137999975876], [-122.55447999969071, 37.90143699983378], [-122.55453400011737, 37.90145600008525], [-122.55459400039184, 37.90148099988631], [-122.55466999966151, 37.9015119999398], [-122.55476199972303, 37.901581999875305], [-122.5548150003248, 37.90162199990983], [-122.55517599999979, 37.901943000267856], [-122.55521500035788, 37.9019769998837], [-122.55539500028291, 37.90214800000683], [-122.55558799972844, 37.90226799983108], [-122.5559159997915, 37.90228500027473], [-122.55617000023473, 37.902570000247735], [-122.55627099961876, 37.90264200017822], [-122.5563579996574, 37.902662999701654], [-122.55654000013057, 37.902678999908375], [-122.55671099983482, 37.90267100015987], [-122.55684100042946, 37.90266899986819], [-122.55685499977486, 37.90266200026457], [-122.55687300021648, 37.90264100003201], [-122.55688200043733, 37.902634999863196], [-122.5568999999807, 37.902623999670595], [-122.558428000143, 37.902103000199446], [-122.558456999557, 37.902240999993985], [-122.55960200030296, 37.90154299998023], [-122.56011299976583, 37.90123299969732], [-122.56030699993458, 37.901469000067934], [-122.5603989999961, 37.90139600024437], [-122.5606030002106, 37.90123600019334], [-122.56075600037148, 37.90138499986658], [-122.5607789999377, 37.901387000193154], [-122.56084800043297, 37.901392999754876], [-122.5608719998241, 37.90139500008124], [-122.56092200005281, 37.9015320003332], [-122.56096700025866, 37.901655000223165], [-122.56096300006071, 37.90178299998839], [-122.56097700030439, 37.90190500001146], [-122.56101400011431, 37.901946000026136], [-122.5611389997878, 37.90202199976813], [-122.56128600010089, 37.90201600025768], [-122.56138800020815, 37.90167899979741], [-122.56147900044475, 37.90166999978081], [-122.56162599985952, 37.90165599967398], [-122.56175300008114, 37.901642999724324], [-122.56198900008268, 37.901620000298486], [-122.56213700022069, 37.90160299970122], [-122.5622650002672, 37.90158999974219], [-122.56235899997853, 37.901732999874], [-122.56241199968197, 37.90183900030297], [-122.56248500037525, 37.901831999911565], [-122.56250000044382, 37.90183099975435], [-122.56257599971352, 37.902021000322286], [-122.5626040002009, 37.90209000032875], [-122.5625749998886, 37.902197999839224], [-122.56266399957704, 37.902210999690844], [-122.5627239998515, 37.90225399983807], [-122.56275999983653, 37.90231999988316], [-122.56276300020957, 37.90233399986367], [-122.56279900019457, 37.90249700009864], [-122.56284799970008, 37.90258800005977], [-122.562892000081, 37.90266700028529], [-122.56291999967009, 37.90271900005544], [-122.56298300031759, 37.902761999905785], [-122.56300800043196, 37.902774000222216], [-122.56305500028762, 37.90279800014033], [-122.563144999801, 37.902799000284446], [-122.56342500018347, 37.90263999988574], [-122.56344799974968, 37.9026289996939], [-122.56359900026074, 37.90256500022043], [-122.56364500029149, 37.90254399996019], [-122.5637859998585, 37.902483000149196], [-122.56379799955407, 37.9024790002644], [-122.56382500021655, 37.9024509996471], [-122.56385899965345, 37.902413999802356], [-122.56396400013374, 37.90230700005079], [-122.56399900029382, 37.9022710002849], [-122.56407999958635, 37.902219000198194], [-122.56432499980875, 37.90206500002573], [-122.56440699982451, 37.9020139999482], [-122.56445500040338, 37.90201900001294], [-122.56459900034345, 37.90203400020517], [-122.56464799984893, 37.90203900026856], [-122.56465399969672, 37.90203000029597], [-122.56467499961312, 37.90200399981765], [-122.56468300000904, 37.90199599999576], [-122.56467700016127, 37.9018489997471], [-122.56466399974245, 37.90147599978502], [-122.56471899999406, 37.90143699983378], [-122.56484100019279, 37.90135499992334], [-122.56522299978421, 37.90136699976035], [-122.56521799976133, 37.901070000206964], [-122.56525799994431, 37.90106600024537], [-122.565933000337, 37.9010150001844], [-122.56609800019342, 37.90114499997814], [-122.56573800034332, 37.901370999705534], [-122.56590300019975, 37.901501000288185], [-122.5659769998196, 37.90163700018298], [-122.5660889999726, 37.90180099999287], [-122.56580600011537, 37.901822999913676], [-122.56578199982596, 37.90182500022835], [-122.56583799990246, 37.90193800019795], [-122.56559100003022, 37.90196900005888], [-122.56549999979362, 37.90187000020566], [-122.56531499984571, 37.90187199981022], [-122.56526100031736, 37.90188400027172], [-122.56510200030873, 37.90192099967413], [-122.56504899970693, 37.901934000283525], [-122.56508499969193, 37.90193999980065], [-122.56518099995141, 37.902020000167596], [-122.56526999963987, 37.9020940002347], [-122.56532499989144, 37.90215499965934], [-122.56537500012017, 37.90221000024763], [-122.56538299961777, 37.90225499998952], [-122.56525799994431, 37.9023669998578], [-122.56521100008865, 37.902411000063154], [-122.56518099995141, 37.90250399971801], [-122.56515699966197, 37.90257599971301], [-122.56512900007289, 37.90266399984761], [-122.56506399977556, 37.90278499968357], [-122.56502799979053, 37.902853000248065], [-122.56500199985126, 37.9028989997395], [-122.5649549999956, 37.90298899977084], [-122.56491399998774, 37.90302999989039], [-122.56487700017782, 37.90306899970634], [-122.56460099999326, 37.9033220000639], [-122.56443600013684, 37.90347500030636], [-122.56479900035998, 37.903543999658396], [-122.56527899986071, 37.9033230002009], [-122.56562000034258, 37.90316800007312], [-122.56571599970371, 37.90337900005245], [-122.56581699998604, 37.903597999784175], [-122.56627399992051, 37.90361700018656], [-122.56650700044734, 37.90362800023072], [-122.56649300020364, 37.90370399965335], [-122.56648499980774, 37.90375600010835], [-122.56651900014293, 37.90380699968749], [-122.56663299994572, 37.90383700004884], [-122.56670800028881, 37.90385699981038], [-122.5667300000301, 37.90386199974995], [-122.56675400031955, 37.90386899994825], [-122.56679799980219, 37.90387999995475], [-122.56682100026671, 37.90388800028061], [-122.56690999995517, 37.903933999833974], [-122.56692500002377, 37.90396000033925], [-122.567067000314, 37.904190999844886], [-122.56709800027616, 37.90427599980273], [-122.5670809996594, 37.90430200018716], [-122.56705899991807, 37.90433999991461], [-122.56697799972723, 37.904371000181364], [-122.56679600015235, 37.904440000110924], [-122.5666799998014, 37.90448499990687], [-122.56650499989922, 37.904552000197796], [-122.56641899968548, 37.90460000028411], [-122.56638600007352, 37.90469400012623], [-122.56640600016503, 37.90476000010947], [-122.56648900000569, 37.90481000029364], [-122.56658600009007, 37.90482899967427], [-122.56662700009794, 37.90483699989696], [-122.5667500001216, 37.90486099985108], [-122.56676299964208, 37.90486400019922], [-122.56678699993152, 37.904879999927346], [-122.5669200000009, 37.904973000006045], [-122.56692300037399, 37.90505199979763], [-122.56692900022175, 37.90515999992275], [-122.56687599961998, 37.905302000095496], [-122.56688599966571, 37.90543300022145], [-122.56689800025958, 37.90549399971358], [-122.56690900013025, 37.90574299982337], [-122.56692400019888, 37.905760000173], [-122.56698399957502, 37.90582900021774], [-122.56712599986524, 37.905775999706364], [-122.56721600027693, 37.90574299982337], [-122.56744200023273, 37.905666999671375], [-122.56770499999847, 37.905579000292704], [-122.56793799962698, 37.90577300010419], [-122.56780999958045, 37.90597099980824], [-122.56783399986989, 37.90609600027418], [-122.56788699957335, 37.906120999916645], [-122.56804499975706, 37.90619799969759], [-122.56819799991794, 37.90615499972858], [-122.56824599959853, 37.90614099976624], [-122.56850199969158, 37.906110000245135], [-122.56851900030834, 37.906108000046935], [-122.56872900037062, 37.9061670002005], [-122.56941100043598, 37.90606500002537], [-122.56960700025458, 37.906037000063726], [-122.56971699985945, 37.90604500015507], [-122.56987000002033, 37.90605599983636], [-122.56999899989174, 37.90623200018274], [-122.57017299996903, 37.90646900020963], [-122.57013199996113, 37.906700000344614], [-122.57020599958096, 37.906828999929516], [-122.57044999997845, 37.90684499993918], [-122.57051899957543, 37.90702700033595], [-122.57065199964481, 37.90737499988799], [-122.57071399956911, 37.90739899972312], [-122.57090299971499, 37.907471999970824], [-122.57096600036249, 37.90749699985454], [-122.57113100021893, 37.90745500001673], [-122.57122999995312, 37.90722899983642], [-122.57152799987895, 37.9071709999103], [-122.57156200021417, 37.90693999983638], [-122.57194999965338, 37.90693600019384], [-122.57217300013443, 37.90717799979381], [-122.57224599992935, 37.907186999845585], [-122.5724879997787, 37.90721700024648], [-122.57273899984885, 37.90732500002919], [-122.57294800008621, 37.90723699979817], [-122.57327899962402, 37.907161999856555], [-122.57349000040955, 37.907160999771726], [-122.57360300038745, 37.90740799974787], [-122.5737339999087, 37.907485999679984], [-122.5738539995593, 37.90751599995896], [-122.57416400007901, 37.90739500010553], [-122.57441900034713, 37.907635000165506], [-122.57422500017839, 37.90795200022321], [-122.57455800026433, 37.90802000026561], [-122.57487399973348, 37.90803700008922], [-122.57513999987226, 37.90830399993017], [-122.57522699991091, 37.90877100031703], [-122.57545600023977, 37.908814000174786], [-122.57552900003469, 37.90882700027514], [-122.57577900027995, 37.90879499969676], [-122.57599199981696, 37.90896099997666], [-122.57602199995421, 37.908985000003234], [-122.57597900029648, 37.90922499983825], [-122.57605499956615, 37.90928400032746], [-122.57618000013795, 37.90931299981782], [-122.5763109996592, 37.90938100001992], [-122.57636099988791, 37.90945299966512], [-122.5763590002381, 37.909685999746756], [-122.5764499995764, 37.909825000253164], [-122.5770220000369, 37.91002100030178]]]}}, {"type": "Feature", "properties": {"name": "Tiburon", "region": "southern_marin", "geoid": "0678666", "source": "US Census TIGERweb ACS2025 Places (layers 4,5)", "role": "place"}, "geometry": {"type": "Polygon", "coordinates": [[[-122.50694100034488, 37.904601999814545], [-122.50715100040715, 37.90432899997687], [-122.5057389996975, 37.90341499998511], [-122.50551899958946, 37.90322299990429], [-122.50524900015104, 37.90253100016739], [-122.50520999979298, 37.90243100021224], [-122.50518800005167, 37.902305999900044], [-122.50512500030248, 37.90193099981597], [-122.50510400038608, 37.90180600007214], [-122.50488500010296, 37.90159499983574], [-122.50422800015194, 37.90096500025709], [-122.50400899986882, 37.900754999907925], [-122.50402700031047, 37.90073699964761], [-122.50408099983885, 37.90070300016771], [-122.50414500031128, 37.90066399980683], [-122.50431299964242, 37.90060199968127], [-122.50432500023632, 37.90059799969424], [-122.5044099997268, 37.90057099995333], [-122.50440200022922, 37.90050599993261], [-122.50439600038143, 37.900447999669396], [-122.50442099959746, 37.9003129998818], [-122.50443300019136, 37.900248999812], [-122.50446199960535, 37.90012999971142], [-122.50455100019212, 37.89977299967296], [-122.50458100032937, 37.89965499969842], [-122.50462399998705, 37.8995579999441], [-122.50466099979697, 37.89937399983241], [-122.50470000015505, 37.89918300003504], [-122.50409400025764, 37.899035000352214], [-122.50327599974982, 37.89890999994289], [-122.50299600026564, 37.8988769998164], [-122.50245499976724, 37.89881500031203], [-122.50168700038647, 37.89872699982832], [-122.50167300014276, 37.89872500013831], [-122.50132599981312, 37.898669999781035], [-122.50062600020436, 37.898562000055456], [-122.5000000002155, 37.89841900014213], [-122.49996599988029, 37.89840399992197], [-122.49972999987874, 37.89829800021663], [-122.49961199987797, 37.89824499995224], [-122.4995299998622, 37.89820800011957], [-122.49913599967691, 37.897974000344625], [-122.498918000117, 37.89778100003401], [-122.49870399985677, 37.897539000013005], [-122.49867399971954, 37.89750499976467], [-122.49847000040334, 37.897231999828556], [-122.49809999960918, 37.896751999830435], [-122.49804699990572, 37.89668299978162], [-122.49741099987111, 37.89587299985842], [-122.49698599972368, 37.89550199987023], [-122.4968750002939, 37.89542500024029], [-122.49671700011015, 37.895315000224095], [-122.49656300012435, 37.89523100008816], [-122.49634700021431, 37.89513499971415], [-122.49638800022218, 37.895094000158686], [-122.49651399972056, 37.8949750002304], [-122.49655700027657, 37.89493599966991], [-122.4968739995707, 37.8947589997022], [-122.49707299976228, 37.894708000233315], [-122.4971070000975, 37.894700000327326], [-122.49721099985456, 37.894728999893786], [-122.49838500001454, 37.89445000016839], [-122.49867999956733, 37.894245999806614], [-122.4991490000957, 37.893924000350964], [-122.49927299994427, 37.893803999682774], [-122.49952400001445, 37.89356399988631], [-122.499691000419, 37.89360500029392], [-122.4998599995751, 37.8936470002382], [-122.49942299973206, 37.892405999744845], [-122.49856099974166, 37.88995699969055], [-122.49668399959987, 37.88462599979453], [-122.49431000023895, 37.87902699977445], [-122.49278399972647, 37.87542600034208], [-122.49226099966975, 37.87559999986302], [-122.4918840001012, 37.87572599994419], [-122.49070200044362, 37.87530900015191], [-122.49018400040976, 37.875126000227326], [-122.4897440001937, 37.874965999808374], [-122.48842400044387, 37.8744860000119], [-122.48798400022781, 37.87432600033016], [-122.4868639995962, 37.876286000139686], [-122.48350400039627, 37.88216600005105], [-122.48238399976466, 37.88412599969282], [-122.48207900016614, 37.884629000258535], [-122.48126499985626, 37.88583800004179], [-122.48066800017969, 37.88572199975118], [-122.4797529995875, 37.88554500031862], [-122.47843100018783, 37.8876590002166], [-122.47474600039958, 37.88501400017728], [-122.47428799974186, 37.884685999833856], [-122.47256999960877, 37.88349699990192], [-122.4725300003241, 37.88345699994431], [-122.47251600008039, 37.88344700012875], [-122.47233699998027, 37.88332400030126], [-122.47231500023895, 37.88330899984134], [-122.47228699975153, 37.883273999701665], [-122.47223200039826, 37.883249999798856], [-122.47206900019165, 37.883178000043436], [-122.47201499976498, 37.88315499981129], [-122.47204699955202, 37.883201999969714], [-122.47213100011594, 37.8833159998673], [-122.47231100004099, 37.88355900025412], [-122.47238700020898, 37.88369599966938], [-122.47239899990454, 37.88373200001169], [-122.47239899990454, 37.883840000223955], [-122.4723810003612, 37.88399400023959], [-122.47237299996527, 37.88402800034698], [-122.47126199955446, 37.88341400016062], [-122.47077899968072, 37.883147000067986], [-122.46775199966844, 37.88195699967643], [-122.4668699995865, 37.88161099992377], [-122.46655499994222, 37.88155299966272], [-122.46592599958028, 37.881029999781], [-122.4655039998059, 37.880678999831645], [-122.4641740000103, 37.879314999716335], [-122.46360300027301, 37.87873000013958], [-122.46347900042444, 37.87852600018357], [-122.46318300014842, 37.87805699979658], [-122.46304800042923, 37.87786999980433], [-122.46291500035983, 37.8777010002713], [-122.46271899964292, 37.877500000347], [-122.4625110001288, 37.87731599970262], [-122.46242599973998, 37.87725500025848], [-122.46212100014145, 37.87705900016814], [-122.46197200017852, 37.87697000012863], [-122.46194600023928, 37.876897999906404], [-122.46178300003264, 37.87679600029841], [-122.4617160000855, 37.87676099989981], [-122.46162800022196, 37.87676499976389], [-122.46121200029536, 37.87656499991322], [-122.46087199963841, 37.8763909998354], [-122.46048300037428, 37.87616299969809], [-122.46022399990818, 37.87602100003967], [-122.46006700044767, 37.87592500014548], [-122.46003399993741, 37.87584300018109], [-122.45996799981516, 37.875675999858956], [-122.45992400033255, 37.8755629999952], [-122.45986800025605, 37.875269999810854], [-122.45985900003521, 37.87525000008254], [-122.45971500009517, 37.874919000066875], [-122.45964800014801, 37.87476299988017], [-122.45961399981282, 37.874672000268745], [-122.4596199996606, 37.87453899965256], [-122.45962499968348, 37.87443999978445], [-122.4598859997994, 37.87429299982077], [-122.46000299997527, 37.874227999998986], [-122.45990599989086, 37.87413900008448], [-122.45961700018587, 37.87387400006091], [-122.45954900041382, 37.87381100023619], [-122.45951599990354, 37.87379400030796], [-122.4594780002687, 37.87378200023117], [-122.45939999955259, 37.87378200023117], [-122.45937699998636, 37.873783000060385], [-122.45925899998561, 37.87378899974441], [-122.45908099971037, 37.8735149999669], [-122.45905399994618, 37.8734869996786], [-122.45886700034842, 37.873408999883104], [-122.45877100008897, 37.87342500006606], [-122.45871900021044, 37.87344200007937], [-122.45825399988003, 37.873205000081995], [-122.45825100040527, 37.873151000352955], [-122.45802200007641, 37.8730259999616], [-122.45805499968839, 37.87324300026158], [-122.45800199998494, 37.87320900013918], [-122.45781500038719, 37.8730499996504], [-122.45777900040218, 37.872990999899095], [-122.45773300037142, 37.87288800000363], [-122.45700600010021, 37.872775000117926], [-122.45709200031392, 37.872634000155486], [-122.45719900044404, 37.87246099985809], [-122.45718400037543, 37.872380000140744], [-122.45717199978154, 37.87231500004929], [-122.45717099995665, 37.87222099999017], [-122.45716599993378, 37.87216300013524], [-122.45715800043617, 37.872083999794825], [-122.45714400019246, 37.872018000298176], [-122.4571259997508, 37.87198699988027], [-122.45710900003237, 37.871957999866424], [-122.45707399987226, 37.87190800006026], [-122.45705200013094, 37.87188099972534], [-122.45699500022955, 37.87181300033503], [-122.45695000002371, 37.87176000015143], [-122.4569149998636, 37.871705000214966], [-122.45686600035812, 37.87160600008398], [-122.45686200016014, 37.871587999788005], [-122.45685299993933, 37.87154500016625], [-122.45689099957414, 37.87152400027593], [-122.45579500013031, 37.87085000017686], [-122.45250899965191, 37.86883100015886], [-122.45155399977504, 37.86824499968077], [-122.4516130002246, 37.86809100006701], [-122.45274700020158, 37.8663179999527], [-122.45614800030772, 37.86099899967889], [-122.45728300010963, 37.85922699988633], [-122.45687100038099, 37.858641000343354], [-122.45563799977145, 37.856884000062834], [-122.45522699986773, 37.85629899969108], [-122.45327799975594, 37.85352399999379], [-122.4474310003189, 37.84520100026912], [-122.445483000032, 37.84242700023839], [-122.4336250002281, 37.84691199982289], [-122.4242269999988, 37.85044999968579], [-122.42247500042882, 37.85111000002694], [-122.41871000027463, 37.85249100014448], [-122.41867299956641, 37.8525049996686], [-122.41878200024466, 37.853425000262476], [-122.41879399994023, 37.85349599991133], [-122.41925800044572, 37.856453999896104], [-122.41988100006158, 37.860425000166], [-122.41990700000085, 37.86057900019731], [-122.42034200019401, 37.86320300027011], [-122.42037999982885, 37.86342600024239], [-122.42083599993843, 37.86624699988893], [-122.42216200043438, 37.874435999794166], [-122.42248299992643, 37.87642599970068], [-122.42268299994296, 37.87812600028425], [-122.42408300005876, 37.88462599979453], [-122.42758299989906, 37.904025000144586], [-122.4301830001141, 37.91842499976442], [-122.44042300024235, 37.91890400020535], [-122.4711429997288, 37.920344000244086], [-122.47731099955621, 37.920633000030016], [-122.48138399968195, 37.920825000032345], [-122.48222700030415, 37.92086600013393], [-122.48459399999237, 37.92098400010877], [-122.48475300000102, 37.92093699997935], [-122.48556499976274, 37.92070300019963], [-122.48588199995513, 37.92012300022516], [-122.48598800026035, 37.91991499980908], [-122.48626899956945, 37.91996399970458], [-122.48677999993062, 37.92005099968436], [-122.48777800036348, 37.919870000237935], [-122.48791599955743, 37.91984500030678], [-122.48718599981146, 37.918749000302], [-122.48758400019473, 37.91862500000235], [-122.48908399986962, 37.917925000333575], [-122.48912499987752, 37.91685600021894], [-122.48912800025055, 37.91678899979309], [-122.48918400032706, 37.91532500023717], [-122.48852200035314, 37.91530200012691], [-122.48836699964416, 37.915297000256054], [-122.48653800008128, 37.91523499970299], [-122.48637300022484, 37.915229999827574], [-122.48597300019175, 37.91493600017724], [-122.48608399962151, 37.914930000302334], [-122.4862100000182, 37.914912999945344], [-122.48648500037783, 37.91487799994841], [-122.48657700043931, 37.9148590003278], [-122.48667100015066, 37.91482600026639], [-122.48672899987696, 37.91479500015224], [-122.48678300030365, 37.91475500019141], [-122.48683600000709, 37.914702999713775], [-122.48685899957333, 37.91467100027383], [-122.48688200003787, 37.91464100007749], [-122.48691200017507, 37.914582000340815], [-122.48693499974128, 37.91451599995463], [-122.48693899993926, 37.9144510002037], [-122.4876510001419, 37.91449200031496], [-122.48794499986975, 37.914510000045475], [-122.48829499967412, 37.91404599991648], [-122.48800000012133, 37.91386299987957], [-122.48806000039582, 37.91376999969794], [-122.48829899987207, 37.91342699991678], [-122.48839000010868, 37.913107000048846], [-122.48833099965913, 37.91309900001656], [-122.48780400030277, 37.91303099970733], [-122.48766899968523, 37.91290899970363], [-122.48738900020105, 37.912816999741324], [-122.4873719995843, 37.912817999749265], [-122.48707600020661, 37.91285100000275], [-122.48667899964826, 37.91300300027044], [-122.4865189998147, 37.91314000017269], [-122.48628299981313, 37.91334299990012], [-122.48584699979504, 37.91313000013674], [-122.48495100036772, 37.91399299965442], [-122.48426500010439, 37.91355099976603], [-122.48419499978417, 37.91232999994261], [-122.48226800031202, 37.91110000012641], [-122.48225700044136, 37.910041999845745], [-122.48315500041683, 37.91000799970362], [-122.48363900011549, 37.90961000012362], [-122.48363099971957, 37.908800000009585], [-122.48222499975601, 37.9081660001652], [-122.48221499971025, 37.90669900025356], [-122.4814299997127, 37.90643399973929], [-122.480212999895, 37.90619299991674], [-122.48022799996363, 37.90616199970881], [-122.48023299998651, 37.90611500003157], [-122.480212999895, 37.906052000145756], [-122.48016000019156, 37.9060020000967], [-122.48009499989426, 37.905969000315054], [-122.48002499957404, 37.90595300011491], [-122.47967899996765, 37.90587700017983], [-122.47950999991325, 37.905824999806015], [-122.47924299994953, 37.905723999969915], [-122.47898699985652, 37.90561499985792], [-122.47894099982575, 37.90559599997147], [-122.4788169999772, 37.90552500020299], [-122.47870800019726, 37.90543599983747], [-122.47868800010579, 37.90541200007089], [-122.47900799977289, 37.90525999971356], [-122.47921199998741, 37.905164999773746], [-122.47986999976335, 37.90468999965279], [-122.47989099967974, 37.90467399988336], [-122.48017500026019, 37.90446199995158], [-122.48016500021446, 37.90442900018813], [-122.48014199974992, 37.90437499996333], [-122.48010900013794, 37.90431400025241], [-122.48009200041952, 37.90429100024369], [-122.48001999955117, 37.904194000220365], [-122.47989999990058, 37.90399800024329], [-122.47993699971052, 37.903890999959614], [-122.47997000022077, 37.90373500018804], [-122.48015799964342, 37.903510000057715], [-122.48207999999106, 37.903501000264974], [-122.48227499998471, 37.90350199969072], [-122.482260999741, 37.90504499971186], [-122.48676700041011, 37.90790699971239], [-122.4871180000394, 37.90784199979223], [-122.4875890002176, 37.90775600033305], [-122.48799599992338, 37.90796000010641], [-122.48820599998567, 37.90807800023129], [-122.48859299959993, 37.90738999969727], [-122.48945899978837, 37.906551000092044], [-122.48975400023944, 37.906476000159934], [-122.48979799972207, 37.90644000030716], [-122.49029200036479, 37.906334000126385], [-122.49074599992622, 37.906200999991185], [-122.49107800018724, 37.906034999863536], [-122.49142999964145, 37.90585999985722], [-122.49165099957439, 37.905651000114375], [-122.49185399996398, 37.905650000009025], [-122.49220399976832, 37.90564699969297], [-122.49194900039855, 37.90633600031844], [-122.49191500006333, 37.90642899997453], [-122.4919550002463, 37.906491000152485], [-122.4921450002171, 37.906789999979985], [-122.49267900014449, 37.90686599968083], [-122.49374699999926, 37.9071170002801], [-122.49375299984705, 37.90776599968191], [-122.49434700004888, 37.908072999869454], [-122.49522199955979, 37.90770499994694], [-122.4952349999786, 37.906539999776], [-122.49630200000844, 37.90603999965508], [-122.49690299988299, 37.90560099979284], [-122.49657700036806, 37.906442999882074], [-122.4962969999856, 37.90689799968058], [-122.49685100000445, 37.90707699968852], [-122.49671700011015, 37.90733700031025], [-122.4967270001559, 37.90741500031763], [-122.49675499974498, 37.90762199985449], [-122.49682500006516, 37.90772500007477], [-122.49721400022761, 37.90829399994565], [-122.4973129999618, 37.90860200012162], [-122.49705799969368, 37.908812000050084], [-122.49724699983959, 37.9091739997616], [-122.49787700002642, 37.90916900018302], [-122.49842600002242, 37.909166000010444], [-122.49929999970843, 37.908464000206806], [-122.49939000012012, 37.90836000024377], [-122.49962000027386, 37.9079959999243], [-122.49970899996235, 37.90768499981367], [-122.49967800000022, 37.90755600031194], [-122.5007769998171, 37.907403000049236], [-122.50165300005125, 37.907009000192154], [-122.50175699980834, 37.90698999995686], [-122.50180600021213, 37.90695599982191], [-122.50188499985485, 37.90690300012228], [-122.5019440003044, 37.90696299972588], [-122.5019860001372, 37.90700599993151], [-122.50245999979013, 37.90693099975439], [-122.50290800040209, 37.90686200003426], [-122.50341300001715, 37.906405999918114], [-122.50388300037042, 37.906135999981565], [-122.50407699964087, 37.90610599984868], [-122.50430799961956, 37.90587399987303], [-122.5043389995817, 37.905821000102854], [-122.50432900043427, 37.905587999831255], [-122.50429799957381, 37.90530300020553], [-122.50406499994533, 37.90504599982539], [-122.5046530002994, 37.90449699994228], [-122.50481499978277, 37.90454799971669], [-122.50513899964787, 37.90475199987836], [-122.50515000041685, 37.90498600007622], [-122.50517999965577, 37.90514099991877], [-122.5051189995564, 37.90537500029726], [-122.50501800017237, 37.90555700007718], [-122.50652799989301, 37.90513100021319], [-122.50660700043403, 37.90503000013335], [-122.50694100034488, 37.904601999814545]], [[-122.48523300040003, 37.9194499998416], [-122.48516700027778, 37.91955500034274], [-122.48453999956568, 37.92003600033054], [-122.48384599980471, 37.92056700011275], [-122.48346599986314, 37.920917999797894], [-122.48344499994674, 37.92022099970623], [-122.48339800009106, 37.91991599972053], [-122.48251400035933, 37.91991100016331], [-122.48271400037588, 37.919742000047265], [-122.48327000004454, 37.91927599977459], [-122.48339899991598, 37.91916099965908], [-122.48378600042858, 37.9188159996511], [-122.4839160001249, 37.91870200016159], [-122.48392399962253, 37.91868000032679], [-122.48395100028505, 37.91861699986155], [-122.48396100033078, 37.918595999930716], [-122.48406799956257, 37.91869899966912], [-122.48413799988279, 37.918772999970045], [-122.48420800020298, 37.918847000196585], [-122.48429100004364, 37.91894400003594], [-122.48441200041746, 37.91904199967071], [-122.48457100042614, 37.91913800003961], [-122.48473700010749, 37.919217000212264], [-122.48493399975098, 37.919310999804864], [-122.48496499971311, 37.919324000176324], [-122.48508000023915, 37.919371999838056], [-122.48523300040003, 37.9194499998416]], [[-122.48376999963673, 37.918276999805144], [-122.48382099969038, 37.91848000023842], [-122.48374500042071, 37.91843699965231], [-122.48351600009185, 37.918307999869135], [-122.48344099974877, 37.918265999824975], [-122.48342900005319, 37.918276999805144], [-122.48339700026615, 37.91830999973566], [-122.48338700022039, 37.91832200035099], [-122.48325400015102, 37.91843199999455], [-122.48285800031591, 37.918763999918305], [-122.48272699989631, 37.91887500024372], [-122.4817329996614, 37.91970299985633], [-122.48149599983495, 37.91990200025076], [-122.47937600001895, 37.91985600005074], [-122.48053199973727, 37.918980000148345], [-122.4815629997821, 37.91819899997492], [-122.48172599998873, 37.918088000046616], [-122.48221800008331, 37.91775499996541], [-122.48238299993974, 37.91764500001801], [-122.48238999961245, 37.91763499988578], [-122.48241100042716, 37.917606000132494], [-122.48241899992477, 37.9175969999379], [-122.48247400017635, 37.917643000133396], [-122.4826409996826, 37.917781999779116], [-122.48268400023863, 37.91781799975163], [-122.48269900030724, 37.917826999919185], [-122.48283599967627, 37.917710999722715], [-122.4830640001802, 37.91752199992717], [-122.48329799963365, 37.917582000083605], [-122.48331299970226, 37.91758599985609], [-122.48343499990098, 37.917474999711374], [-122.4834430002969, 37.91745799994256], [-122.48346800041126, 37.91740699990393], [-122.48347699973377, 37.91739100006512], [-122.48349099997748, 37.91740799984942], [-122.48353299981028, 37.91745899988736], [-122.48354700005399, 37.91747700030925], [-122.4835899997117, 37.917547999882835], [-122.48363599974243, 37.91766400033637], [-122.48365099981108, 37.917699999657955], [-122.483759999591, 37.918233999809026], [-122.48376999963673, 37.918276999805144]], [[-122.48003999964267, 37.91587899995059], [-122.48013699972705, 37.916026999774175], [-122.47940100013331, 37.91645099970793], [-122.47903999955997, 37.91665800004297], [-122.47482699969214, 37.919091000147766], [-122.47243900008749, 37.911217000146905], [-122.47071000008376, 37.90754799967604], [-122.47648899974874, 37.9077409998896], [-122.47761400040321, 37.90784199979223], [-122.47762699992369, 37.907876000226516], [-122.47766600028177, 37.90791799982405], [-122.47768899984798, 37.907943000265], [-122.47777300041189, 37.907980000164926], [-122.47787200014608, 37.9079959999243], [-122.4779309996973, 37.90800000021796], [-122.47800199984242, 37.90800499987603], [-122.47802600013188, 37.908007000022664], [-122.47808399985819, 37.90801299975342], [-122.47817199972172, 37.90802199970305], [-122.47825700011055, 37.90805000032692], [-122.47831300018706, 37.9080699996522], [-122.4784930001121, 37.908195000096214], [-122.47861899961048, 37.90825800027355], [-122.47887899990147, 37.908351000335465], [-122.47892099973429, 37.90837000021937], [-122.47894199965067, 37.90838000019357], [-122.4789860000316, 37.908413000311484], [-122.47903999955997, 37.908484000128325], [-122.47906899987227, 37.908543999860285], [-122.47908800013884, 37.90862700033016], [-122.47908700031392, 37.908713000188854], [-122.47907999974292, 37.908729999852355], [-122.4790220000166, 37.90886399973053], [-122.47893499997797, 37.908994999893835], [-122.4786489997477, 37.90942300017586], [-122.47858199980054, 37.90951400007715], [-122.47851400002848, 37.909578999937764], [-122.47843799986053, 37.90962400013469], [-122.47828999972249, 37.90966500010118], [-122.47814099975959, 37.90969899969304], [-122.47793700044339, 37.90973400002777], [-122.47777699971151, 37.9097620000001], [-122.47757500004515, 37.90982600030173], [-122.47747299993792, 37.90987299973478], [-122.47735499993713, 37.909975000301095], [-122.47733900004361, 37.91001099984186], [-122.47729100036302, 37.910115000306185], [-122.47727399974626, 37.91023299980998], [-122.47727600029442, 37.91025800017308], [-122.47728700016505, 37.91036000020565], [-122.47735099973916, 37.9104399999238], [-122.47756199962636, 37.91062700012166], [-122.47779199978014, 37.910802000130175], [-122.47799900036766, 37.91095999986946], [-122.47802799978169, 37.910987000051094], [-122.47808100038345, 37.91103600022423], [-122.47811300017048, 37.911071999954586], [-122.4781399999347, 37.911102000188905], [-122.4782689998061, 37.91129000015028], [-122.4783740002864, 37.911393000196824], [-122.47846200014996, 37.911459999867596], [-122.47850999983054, 37.91149700012507], [-122.47866700018936, 37.91158300017269], [-122.479006999948, 37.91171999988443], [-122.47910999988017, 37.9117779997683], [-122.47916199975869, 37.91183700033641], [-122.4791890004212, 37.91189700016892], [-122.47919699991877, 37.91195599993286], [-122.47912900014674, 37.91214799990626], [-122.47911400007811, 37.912231999869945], [-122.47912099975082, 37.91233400000063], [-122.47916299958361, 37.91241399969843], [-122.4791890004212, 37.91245400022345], [-122.47945499966166, 37.91286100007663], [-122.4795430004235, 37.91304699978577], [-122.4796549996782, 37.91332599988509], [-122.47973500004413, 37.9134739998842], [-122.479776000052, 37.91359599965963], [-122.47977699987692, 37.91362700027905], [-122.4797810000749, 37.9137049999965], [-122.47976500018137, 37.91383500005062], [-122.47972900019636, 37.914042999942794], [-122.47963399976177, 37.914344000237826], [-122.47961700004336, 37.91440900008332], [-122.47961299984541, 37.91442999979212], [-122.4796200004164, 37.91450100018077], [-122.47964999965534, 37.91457799969627], [-122.47973000002126, 37.91466499966855], [-122.47986599956538, 37.914772999857576], [-122.47992199964187, 37.9148230003245], [-122.47995699980198, 37.91487899992828], [-122.47997100004567, 37.914941000072695], [-122.47996299964976, 37.91498899975994], [-122.47993599988558, 37.91503500016901], [-122.47978799974759, 37.915205999712136], [-122.47975000011276, 37.91527700006045], [-122.47973400021921, 37.91533300002738], [-122.47972599982329, 37.91539799970762], [-122.47973500004413, 37.915443999860976], [-122.47975000011276, 37.91548800004238], [-122.48003999964267, 37.91587899995059]], [[-122.47881299977922, 37.9028159998966], [-122.4786470000979, 37.902891000014954], [-122.47871999989282, 37.90294700019524], [-122.47861699996065, 37.90296200019833], [-122.47848899991415, 37.902993000336764], [-122.47804600022334, 37.903119999761536], [-122.47720799962404, 37.903350000349796], [-122.47707200007991, 37.90337199980754], [-122.47675099968957, 37.9033709996712], [-122.47659500005395, 37.90337900005245], [-122.47657499996245, 37.90337900005245], [-122.47636999992304, 37.90338299988833], [-122.4762209999601, 37.90342399978837], [-122.47617099973142, 37.90343899969423], [-122.47576599967545, 37.90349699972674], [-122.4756130004129, 37.90351399988643], [-122.47550499955953, 37.90352499994605], [-122.47539999997757, 37.90354200009927], [-122.47527000028123, 37.90356400020845], [-122.47506100004384, 37.90359899991742], [-122.47499599974653, 37.9036210000095], [-122.47498400005094, 37.90365199987033], [-122.4750150000131, 37.903697000148135], [-122.47507500028755, 37.90374000013585], [-122.47513800003674, 37.90376899968482], [-122.47523900031909, 37.90381500002133], [-122.47532800000755, 37.90387000007777], [-122.47505600002097, 37.90392600022189], [-122.47423900023638, 37.9040959999427], [-122.47396800007473, 37.90415300004051], [-122.47310500025938, 37.90427900017468], [-122.4705179995648, 37.90465800011039], [-122.46965599957437, 37.90478500020577], [-122.46962100031257, 37.904713000245565], [-122.4695180003804, 37.90449699994228], [-122.46948400004523, 37.90442499970029], [-122.46897600005711, 37.90385699981038], [-122.46888200034579, 37.90375299971508], [-122.46981799995606, 37.90310200007966], [-122.4705450002273, 37.90259499967043], [-122.4706439999615, 37.90253399990171], [-122.47129699971457, 37.90214199979782], [-122.47168300040228, 37.90208099965356], [-122.47273299981538, 37.902044999777125], [-122.47340300018519, 37.901947000181785], [-122.4733970003374, 37.90192800005706], [-122.47338300009369, 37.901795999913325], [-122.4734230002767, 37.901663000082124], [-122.4734679995842, 37.901580999714696], [-122.47356700021673, 37.90145099998221], [-122.47376800005817, 37.90115400005901], [-122.47389100008184, 37.90099499965046], [-122.47424500008415, 37.90060000004221], [-122.47431600022927, 37.90047799998236], [-122.47431700005419, 37.90038399971694], [-122.47426500017562, 37.90022899977873], [-122.47423099984046, 37.90014800012018], [-122.47406099996114, 37.8998549999283], [-122.47400999990752, 37.89979400001504], [-122.473917999846, 37.89971800009882], [-122.47375800001242, 37.89962199990597], [-122.47362499994306, 37.89955699975599], [-122.4735150003382, 37.899511999782085], [-122.47339999981214, 37.899481999784236], [-122.47325099984923, 37.89945299996369], [-122.4731370000464, 37.89944799972457], [-122.47306500007637, 37.89944499986452], [-122.47289500019707, 37.899463999921394], [-122.47264199957877, 37.899517000016864], [-122.4736900002404, 37.898883999780004], [-122.4776839998251, 37.90208099965356], [-122.47881299977922, 37.9028159998966]], [[-122.47063899993864, 37.90018199985648], [-122.4707569999394, 37.900241999978164], [-122.47040899978487, 37.90050400029094], [-122.46991500004046, 37.900877000217456], [-122.46926800013516, 37.90110700001855], [-122.46885899988126, 37.90125400033166], [-122.46803299987583, 37.9019390003537], [-122.46705000040986, 37.90101400001604], [-122.4655249997223, 37.89958100001432], [-122.46342199962473, 37.89815799970306], [-122.46102300014945, 37.897070999718764], [-122.46024800019762, 37.896719999672], [-122.45997899968582, 37.89656199983778], [-122.46090299960055, 37.89577400031196], [-122.46127699969433, 37.89554599992644], [-122.46145599979451, 37.89543799987042], [-122.4614690002133, 37.8953129997325], [-122.46143200040338, 37.89519100012477], [-122.46138399982448, 37.8951299998906], [-122.46135899971013, 37.89488500032362], [-122.46131600005242, 37.89483600002884], [-122.46129199976296, 37.89501100002051], [-122.46114500034817, 37.89495099988795], [-122.46069599991132, 37.895060999739165], [-122.46048699967393, 37.89541000011884], [-122.46038399974177, 37.89535699990167], [-122.46012500017399, 37.895223000239], [-122.46007999996817, 37.8951919996633], [-122.45998600025682, 37.89512600031509], [-122.45955699991144, 37.894826999884316], [-122.45937000031367, 37.89473900030389], [-122.45910599982473, 37.894689999911925], [-122.45878000030979, 37.89455299968452], [-122.45829499988791, 37.894201000130245], [-122.45810800029015, 37.894130000002114], [-122.45704100026029, 37.89399999986951], [-122.45611099959949, 37.893888000029214], [-122.45579900032826, 37.893894000202216], [-122.45539699974704, 37.89398699998538], [-122.45509899982123, 37.8940200001775], [-122.45480699974316, 37.89397599991809], [-122.45459900022901, 37.893998000051084], [-122.45455099965014, 37.89403699969069], [-122.45455800022111, 37.89411400006363], [-122.45448799990092, 37.89418000031917], [-122.45436400005238, 37.89422399974773], [-122.4537330000406, 37.89430099992508], [-122.45333100035771, 37.894415999911054], [-122.45324099994602, 37.89440000003473], [-122.45294899986797, 37.89415800024056], [-122.4527480000265, 37.893838999779724], [-122.45152799983578, 37.89372400031015], [-122.45102900006849, 37.89394399997069], [-122.45018299997157, 37.89425699983362], [-122.44976000037228, 37.894274000000934], [-122.44952400037074, 37.894415999911054], [-122.44904599962152, 37.89396600011325], [-122.44883800010737, 37.89407600001851], [-122.448340000165, 37.89361300031891], [-122.44777000025262, 37.89308200022956], [-122.44770099975732, 37.89304300008402], [-122.44767999984093, 37.89292199982824], [-122.44745100041038, 37.89277900030067], [-122.4473269996635, 37.89265899989283], [-122.44720899966273, 37.89247700011789], [-122.44718799974633, 37.89234000002559], [-122.44728499983071, 37.89225700032692], [-122.44728499983071, 37.89217500011418], [-122.44722200008152, 37.8920319998445], [-122.44723600032523, 37.89178500001347], [-122.44716699982993, 37.891630999986454], [-122.4467989995839, 37.89115300022623], [-122.44676599997193, 37.89110199967706], [-122.44600199989077, 37.8899279996621], [-122.44597400030172, 37.889823999735235], [-122.4460160001345, 37.88976899981676], [-122.44598099997438, 37.88970299986039], [-122.44579400037662, 37.889653000047346], [-122.44564100021577, 37.889279999959705], [-122.44551700036722, 37.88882900033688], [-122.44536400020634, 37.888685999948784], [-122.44508700019689, 37.88848900016408], [-122.44505600023476, 37.88848599985741], [-122.44474700043826, 37.88845600032856], [-122.44462900043752, 37.88835100010891], [-122.44446299985785, 37.887730000204776], [-122.44446299985785, 37.88758200018201], [-122.44451800010943, 37.8873950002692], [-122.44455999994221, 37.886967000201594], [-122.4444689997056, 37.88665900023034], [-122.44439300043595, 37.886538000117056], [-122.44430300002425, 37.8864339996557], [-122.44417099977977, 37.88637900004092], [-122.44373499976169, 37.88635699975808], [-122.44346399960004, 37.886323999676], [-122.44338800033037, 37.88627999977989], [-122.44335999984297, 37.88621400024097], [-122.44343699983585, 37.88592299992479], [-122.44340199967577, 37.88585099994684], [-122.44304100000072, 37.885676000159876], [-122.44271600031074, 37.88541200019267], [-122.44267399957961, 37.88525299981217], [-122.44244500014906, 37.885060000182115], [-122.44233399982097, 37.88491700027325], [-122.44182099980999, 37.88467600018517], [-122.44171000038023, 37.884665000144686], [-122.44162699964124, 37.884763999741], [-122.44163400021225, 37.88490099975051], [-122.44152999955685, 37.8849669997573], [-122.4414190001271, 37.884944999761615], [-122.44114899979034, 37.884571000247306], [-122.44088500019971, 37.88451100011428], [-122.44076700019895, 37.884417999705185], [-122.44071199994737, 37.884165000307775], [-122.44060099961928, 37.88407700003621], [-122.44031699993715, 37.88396200020758], [-122.440109000423, 37.88355500005001], [-122.4400120003386, 37.88346199985158], [-122.43970000016908, 37.883280000030645], [-122.43936000041045, 37.88298900017329], [-122.43913199990651, 37.88305499976666], [-122.4390480002409, 37.883121000009865], [-122.43901800010369, 37.883125999939956], [-122.43895799982923, 37.883137000210326], [-122.43889599990497, 37.88309900017171], [-122.438638999987, 37.88280800030817], [-122.43836199997759, 37.88234599965402], [-122.4382370003041, 37.88228000013427], [-122.43822899990818, 37.882260999896296], [-122.43821600038771, 37.88223099995842], [-122.4382790001369, 37.88205499965116], [-122.43827199956587, 37.881741999672975], [-122.43846599973465, 37.881356999664966], [-122.43857700006274, 37.88064300012401], [-122.43865999990342, 37.88048400008235], [-122.43878499957688, 37.88034099979624], [-122.43879899982059, 37.88033100026662], [-122.43964599974241, 37.87940300000569], [-122.44081099968156, 37.87813000007422], [-122.44252899981466, 37.87702699995919], [-122.44281199967189, 37.876846000332456], [-122.44360500006536, 37.87637900018159], [-122.44368299988315, 37.876437000262676], [-122.44391800005978, 37.87661200002265], [-122.44399699970252, 37.876670999710235], [-122.4442579998184, 37.87676900033679], [-122.44447899975135, 37.87685300026361], [-122.44454900007156, 37.87686700012391], [-122.44462699988935, 37.8768770001238], [-122.44469899985938, 37.87687099998219], [-122.44475999995873, 37.87685199976697], [-122.44515300031914, 37.87705099976269], [-122.44522500028917, 37.877126999679746], [-122.44526799994685, 37.8771729996474], [-122.44575400019367, 37.877513000305804], [-122.44596500008088, 37.87765199988525], [-122.4461569997015, 37.87794199978553], [-122.44602100015736, 37.87803799988728], [-122.44576900026229, 37.87820600029608], [-122.44611999989158, 37.878718999919975], [-122.44674699970535, 37.87941900030484], [-122.44681399965252, 37.8794940001541], [-122.4475090001367, 37.8798459998254], [-122.45313200016608, 37.881423000011864], [-122.45318200039478, 37.88158299987678], [-122.4533320001826, 37.88206499965569], [-122.45338300023623, 37.88222599996758], [-122.4512829996134, 37.88462599979453], [-122.45064800030198, 37.88530899994074], [-122.44998299995501, 37.886026000026845], [-122.45988199960142, 37.89165100022912], [-122.46346600000565, 37.89368799989065], [-122.46268600003097, 37.894289000353865], [-122.46265000004597, 37.89436299968708], [-122.46262099973364, 37.89447500022251], [-122.46262499993162, 37.89457599990089], [-122.4626600000917, 37.89483299998077], [-122.46266400028968, 37.894947999844575], [-122.46265699971865, 37.89503299984419], [-122.46258300009883, 37.89532499984569], [-122.46272299984092, 37.8952699997834], [-122.46295600036773, 37.895445000161125], [-122.46308600006405, 37.89554400015001], [-122.46313200009482, 37.89557799988635], [-122.46314499961528, 37.895632999718465], [-122.4631389997675, 37.89568899975021], [-122.46311600020128, 37.89576299980279], [-122.46301300026911, 37.895913000160114], [-122.46287299962871, 37.89609099971492], [-122.46284199966658, 37.896172000293795], [-122.46284400021472, 37.89624299987025], [-122.46286199975808, 37.89630699987901], [-122.46290299976593, 37.89639100020488], [-122.46296899988819, 37.89645500008496], [-122.4630409998582, 37.89649699982098], [-122.46311500037636, 37.89651899990945], [-122.46315100036139, 37.89653000030563], [-122.46335300002775, 37.896576000204696], [-122.46354499964836, 37.89663500020264], [-122.46364099990782, 37.896673999862976], [-122.46373399979426, 37.89670400029645], [-122.46383500007657, 37.896704999814496], [-122.46392499958995, 37.89666900014395], [-122.46400900015388, 37.89661199992072], [-122.46411100026113, 37.8965200001389], [-122.46419599975162, 37.89645699983664], [-122.46430399970666, 37.89640799987938], [-122.46441500003472, 37.89638299977289], [-122.46449799987539, 37.896379999787875], [-122.46484500020505, 37.896422000275585], [-122.46493499971842, 37.896427000011386], [-122.4650309999779, 37.8964190002922], [-122.46515099962849, 37.896386999989], [-122.4652710001774, 37.896339000217], [-122.46556499990525, 37.896180000039806], [-122.46568100025621, 37.896105000171424], [-122.46581799962524, 37.89597300021741], [-122.46586600020414, 37.89590299990951], [-122.46592800012841, 37.895791999659444], [-122.46598300038002, 37.89571700010457], [-122.46603000023568, 37.89566500034945], [-122.46615900010711, 37.89557100031719], [-122.46631899994065, 37.89551699997293], [-122.46634499987994, 37.895512000175316], [-122.46664600017883, 37.895456000008906], [-122.46691200031762, 37.89545400023004], [-122.46706299993033, 37.895477000164945], [-122.46732099967319, 37.8955820001462], [-122.4675240000628, 37.89568200019167], [-122.4676720002008, 37.89575399977166], [-122.4677209997063, 37.89577799985231], [-122.46779900042239, 37.89580900018117], [-122.46787700024021, 37.89583999978807], [-122.46796199973069, 37.89584899980875], [-122.46804999959426, 37.89585000004725], [-122.46814900022679, 37.89582700022894], [-122.46831099971017, 37.895791999659444], [-122.46849200035844, 37.89575200000088], [-122.4686370001234, 37.89573399993478], [-122.46874199970539, 37.895742999968355], [-122.46883299994197, 37.89576200027201], [-122.46890900010997, 37.89578699988051], [-122.46899399960047, 37.89583000023645], [-122.46903700015648, 37.895863999840685], [-122.46906100044593, 37.89588300011311], [-122.46911300032446, 37.89594999972864], [-122.46914799958626, 37.896016999992085], [-122.46916699985283, 37.89611599992064], [-122.46914599993643, 37.89657499997606], [-122.46918199992143, 37.896738000205886], [-122.46925100041673, 37.89685499966996], [-122.46933900028027, 37.89692700022923], [-122.46943100034177, 37.89695999981226], [-122.46944899988515, 37.896966999958174], [-122.46977600012328, 37.89700900011095], [-122.46985899996396, 37.89704299987951], [-122.46990900019267, 37.897070999718764], [-122.46998100016268, 37.897151999928106], [-122.47013599997338, 37.897360999706464], [-122.47021799998917, 37.897461000170615], [-122.4703629997541, 37.89756699966363], [-122.47043399989921, 37.89763099993898], [-122.47047699955692, 37.897691000013666], [-122.47050800041738, 37.897769000321205], [-122.47050900024227, 37.897886000273125], [-122.47047499990711, 37.898021999759266], [-122.47040700013503, 37.89823099990277], [-122.47028099973834, 37.89850199998192], [-122.470115000057, 37.89872800002771], [-122.47000700010197, 37.898901000296476], [-122.46998299981252, 37.89898799966743], [-122.46998500036065, 37.899053999806064], [-122.47001100029992, 37.89917499990652], [-122.47016000026282, 37.899387000182855], [-122.4702070001185, 37.89945400015322], [-122.47028800030937, 37.899590000286445], [-122.47033199979197, 37.899700999771056], [-122.47040499958689, 37.899915999791], [-122.47046300021155, 37.900008000290136], [-122.4705179995648, 37.90007999989172], [-122.47063899993864, 37.90018199985648]]]}}, {"type": "Feature", "properties": {"name": "Marin", "region": "southern_marin", "role": "fill", "bounds": [-122.65, 37.83, -122.44, 38.03], "source": "US Census TIGERweb State_County layer 1 (Marin County, 06041)"}, "geometry": {"type": "Polygon", "coordinates": [[[-122.47282999989976, 37.83189199991058], [-122.4722480002918, 37.832106999912085], [-122.47003700023919, 37.8329450001255], [-122.46807899990657, 37.83368699976042], [-122.45398300028586, 37.83902699972501], [-122.445483000032, 37.84242700023839], [-122.4336250002281, 37.84691199982289], [-122.4242269999988, 37.85044999968579], [-122.42247500042882, 37.85111000002694], [-122.41871000027463, 37.85249100014448], [-122.41867299956641, 37.8525049996686], [-122.41878200024466, 37.853425000262476], [-122.41879399994023, 37.85349599991133], [-122.41925800044572, 37.856453999896104], [-122.41988100006158, 37.860425000166], [-122.41990700000085, 37.86057900019731], [-122.42034200019401, 37.86320300027011], [-122.42037999982885, 37.86342600024239], [-122.42083599993843, 37.86624699988893], [-122.42216200043438, 37.874435999794166], [-122.42248299992643, 37.87642599970068], [-122.42268299994296, 37.87812600028425], [-122.42408300005876, 37.88462599979453], [-122.42758299989906, 37.904025000144586], [-122.4301830001141, 37.91842499976442], [-122.43228299983862, 37.929824000068926], [-122.43261000007678, 37.9307400002546], [-122.43359199971782, 37.933489000079824], [-122.43378300041184, 37.9340240000799], [-122.43388299997095, 37.93422399969587], [-122.43396499998674, 37.9343870001247], [-122.4339830004284, 37.934424999898845], [-122.43399799959866, 37.93445999980401], [-122.43416900020122, 37.934873000118436], [-122.43477900029659, 37.936335999807625], [-122.43498299961276, 37.93682399973963], [-122.436182999712, 37.94094300000596], [-122.43978300000974, 37.953303000270665], [-122.4409839999339, 37.95742299986972], [-122.44108299966813, 37.958061999812315], [-122.4413830001421, 37.95998299987086], [-122.44148400042442, 37.960623000270814], [-122.44148400042442, 37.961797999704366], [-122.44148400042442, 37.96532499993916], [-122.44148400042442, 37.966500999901555], [-122.44148400042442, 37.966804999954704], [-122.44148400042442, 37.967718000321625], [-122.44148400042442, 37.968023000258384], [-122.44150399961761, 37.96858299988527], [-122.44156399989205, 37.970263000047886], [-122.44158399998354, 37.97082300029299], [-122.44158399998354, 37.97239000030041], [-122.44158399998354, 37.97392299981534], [-122.43944999992382, 37.97626799965102], [-122.43839600031275, 37.9774279997116], [-122.4349270004346, 37.98124099966066], [-122.42452099972668, 37.99268099981496], [-122.42248399975132, 37.994921999911696], [-122.42108299981064, 37.99652200023294], [-122.41793799979757, 37.99992200005692], [-122.4171229996628, 38.000802000058464], [-122.41368300009692, 38.004521999960495], [-122.40522600039911, 38.01362499965184], [-122.40125799985533, 38.01789799982211], [-122.39956200036187, 38.01972200019513], [-122.39447699955952, 38.02519599973774], [-122.39278299971585, 38.0270210001863], [-122.39137599992738, 38.028816000187184], [-122.39077599987775, 38.02958100017335], [-122.38475700001325, 38.037262999852416], [-122.38275100000008, 38.03982400030646], [-122.38139600009012, 38.04155200017202], [-122.37733399983503, 38.046737000183455], [-122.37665799961742, 38.04759999974982], [-122.37597999975002, 38.048465999897395], [-122.37447500005221, 38.04977400027915], [-122.36995900023568, 38.053697999842065], [-122.36845500036283, 38.05500600010706], [-122.36425400019056, 38.058655999900516], [-122.35165400004676, 38.06960800035154], [-122.3474539996994, 38.073260000074065], [-122.36835999992827, 38.07831100033604], [-122.39532299965644, 38.084826999771586], [-122.43108000026466, 38.09346700034844], [-122.4431930003367, 38.09639400004369], [-122.4454179997347, 38.096932000226865], [-122.4476439998559, 38.097469999984085], [-122.44981600044879, 38.09799399987963], [-122.4519870003184, 38.09851899985856], [-122.4534660000769, 38.09893899995378], [-122.4579070004487, 38.10019899989393], [-122.45938700003212, 38.10061900022995], [-122.4651249996892, 38.102289999884654], [-122.46968700043482, 38.10361900008205], [-122.48233899955882, 38.10730100032671], [-122.48399700031578, 38.10778400013775], [-122.48807799993914, 38.108971999835966], [-122.48915900021268, 38.10928600014788], [-122.4899190000959, 38.109507999693484], [-122.49121700010441, 38.10990500031899], [-122.49140100022746, 38.10995799977813], [-122.49223599955538, 38.110201000353406], [-122.49239700011218, 38.11025099986828], [-122.49335199998904, 38.11055300005554], [-122.49347500001268, 38.11057500033405], [-122.49391000020587, 38.1106479999897], [-122.4944819997681, 38.110745000077706], [-122.49502200044158, 38.11082200011416], [-122.49553499955425, 38.11089699979625], [-122.49674100039961, 38.11101199986603], [-122.49788500042234, 38.11112500019462], [-122.49906000040723, 38.11134599967514], [-122.49967100032752, 38.11148100019941], [-122.4999600000325, 38.111544999920945], [-122.50055500005928, 38.111780999999894], [-122.50108899998666, 38.112119000306215], [-122.50158899957886, 38.112318999976736], [-122.50162600028709, 38.112330999967845], [-122.50190300029651, 38.11242400018532], [-122.50281999964024, 38.11300199974839], [-122.50401700026474, 38.11395400003343], [-122.5049029996463, 38.11473399980261], [-122.50562300024485, 38.115448999870765], [-122.50566599990258, 38.115487999930174], [-122.50570699991044, 38.11552599989551], [-122.5060340001486, 38.11582499997463], [-122.50685799960587, 38.11665599968662], [-122.50698700037562, 38.116830000340094], [-122.50792600035895, 38.11809800017046], [-122.50884100005285, 38.11979199966747], [-122.50971100043924, 38.12147800021522], [-122.51045899972856, 38.1230269999238], [-122.5109009995944, 38.12441500019813], [-122.51129099958175, 38.124919000155835], [-122.51131200039646, 38.125145999943975], [-122.51137400032076, 38.12582700002021], [-122.51151200041299, 38.12714700028278], [-122.51161399962196, 38.12756100027923], [-122.51183200008015, 38.12844400026541], [-122.51247300013765, 38.13030499979435], [-122.5131040001494, 38.13211999996085], [-122.51314400033237, 38.13223499981941], [-122.51401399982045, 38.13378299969605], [-122.51422999973049, 38.13409300003986], [-122.51500600040552, 38.135201999945295], [-122.51521100044495, 38.13550199979912], [-122.5152499999047, 38.13556000016553], [-122.51529000008767, 38.135617999779384], [-122.51595200006159, 38.1364539999587], [-122.51651399957802, 38.13709699979284], [-122.5168979997176, 38.13753700030759], [-122.51792000043994, 38.13864300018529], [-122.51838800024508, 38.13911099993222], [-122.5190190002568, 38.1397419999466], [-122.5201020001802, 38.14069600006487], [-122.52062500023695, 38.141126000022986], [-122.52109399986699, 38.14151200000895], [-122.52212499991185, 38.14232700030567], [-122.52222299982115, 38.14240499994865], [-122.52396400041877, 38.14351100022308], [-122.52603900002893, 38.1445560000149], [-122.5270580003782, 38.145024999655014], [-122.52757999971172, 38.1452660000583], [-122.52795700017856, 38.14542699977271], [-122.529548999915, 38.146105000288024], [-122.53156300032411, 38.14714999965954], [-122.53325700016777, 38.14811899975253], [-122.53482799998778, 38.14920200004101], [-122.5363849995641, 38.150431000156075], [-122.53769699981633, 38.151514000025806], [-122.53876499967109, 38.15252899991605], [-122.53954800001883, 38.15330700025327], [-122.54010799988548, 38.15386399997845], [-122.54083599998161, 38.15455599967588], [-122.5414970001306, 38.155184000316325], [-122.5418700003995, 38.15562800004342], [-122.54276400017702, 38.15669400031252], [-122.54370999983303, 38.15806800033304], [-122.5444730000893, 38.158715999918144], [-122.54455400028014, 38.158732000096634], [-122.54464999964128, 38.1587510001275], [-122.54471800031166, 38.15876399973678], [-122.54474599990077, 38.15877000015336], [-122.54499199994804, 38.15881799993651], [-122.54521200005607, 38.158768999966256], [-122.5453760000876, 38.15873300028425], [-122.54540000037704, 38.158726999864676], [-122.54547599964674, 38.15871000020347], [-122.54550099976109, 38.158704999969956], [-122.54569300028001, 38.15866299983145], [-122.54627300023814, 38.15836500023962], [-122.54656600014111, 38.15815899981462], [-122.54683800012765, 38.157968999859925], [-122.54760100038389, 38.15747300021773], [-122.54834100017563, 38.15727299993163], [-122.54853199997133, 38.157220999710894], [-122.5496149998947, 38.15728999992783], [-122.549860999942, 38.157370999730645], [-122.54992799988916, 38.15739199982185], [-122.55068299974948, 38.1576330003342], [-122.5510850003307, 38.15773400025345], [-122.5512409999663, 38.15778700030901], [-122.55171100031959, 38.15794699973652], [-122.55175099960425, 38.157960999687376], [-122.55187100015318, 38.157989000287365], [-122.55297199961988, 38.15825100008321], [-122.55299799955915, 38.15825699983564], [-122.5537959999755, 38.15845700024831], [-122.5548029997309, 38.158654999735106], [-122.55591699961641, 38.15899100020234], [-122.55688200043733, 38.15945500008501], [-122.55713799963206, 38.15957799994394], [-122.5579159999569, 38.16015800014076], [-122.55818999959332, 38.16059299990944], [-122.55837299989142, 38.161187999993764], [-122.55843499981569, 38.16197400021486], [-122.5582669995862, 38.162821000012364], [-122.5580830003615, 38.16329500008119], [-122.55799200012491, 38.16353000012895], [-122.55790799956098, 38.16364299968088], [-122.55736000028824, 38.16437199966215], [-122.55683200020862, 38.164858000073025], [-122.55618600012825, 38.16532799992901], [-122.5559929997844, 38.165467999976606], [-122.55507800009052, 38.16591799977167], [-122.55349200020187, 38.16661800013104], [-122.55332300014747, 38.16672700023498], [-122.55295699955128, 38.1670320000679], [-122.55195999984163, 38.16814999981798], [-122.55196999988738, 38.16878200011058], [-122.55197999993311, 38.16900100008684], [-122.55209200008609, 38.16911799981415], [-122.55214800016259, 38.16921399984856], [-122.55265100012784, 38.16966399982514], [-122.55317300035966, 38.169918999802796], [-122.55329200018534, 38.16997700034896], [-122.55396000000704, 38.170063999669196], [-122.55432099968205, 38.17011199978546], [-122.55558100005577, 38.16995400028406], [-122.55628300021263, 38.169710000130756], [-122.55681700014001, 38.169408999661584], [-122.55758000039626, 38.16897799971391], [-122.55892500026046, 38.16868800031564], [-122.55924300027777, 38.16861900029131], [-122.56013399968222, 38.16868700026459], [-122.56093799994633, 38.16874899987329], [-122.5619909997325, 38.168955000039986], [-122.56319300037987, 38.16931800009627], [-122.56400500014162, 38.170237000087056], [-122.5641220003175, 38.170444000312784], [-122.56426399970937, 38.17069400026906], [-122.5641580003025, 38.17167899984513], [-122.56409700020312, 38.17282300021082], [-122.56399300044603, 38.17351800001378], [-122.56435900014395, 38.17473600026083], [-122.56446299990101, 38.17508099972906], [-122.56459299959737, 38.17511799977565], [-122.56495099979763, 38.17541700005452], [-122.5657290001225, 38.175722000246495], [-122.56672099980929, 38.175936000091504], [-122.56762100033285, 38.1763320003318], [-122.56837299982014, 38.17682800019358], [-122.56838399969081, 38.176835999708075], [-122.56849300036907, 38.17701799972465], [-122.56846099968371, 38.17727899970006], [-122.56817100015378, 38.17775899994156], [-122.56743800003478, 38.178361999788976], [-122.56654400025728, 38.1790670002287], [-122.5664620002415, 38.17913100000299], [-122.5662930001871, 38.17941699989641], [-122.56617099998836, 38.179796999790874], [-122.5660949998204, 38.180032000304095], [-122.5659759999947, 38.18020899993479], [-122.56593400016189, 38.180269999735856], [-122.56589300015402, 38.180332000083226], [-122.56560699992376, 38.180756999950844], [-122.5654699996564, 38.18111000032218], [-122.56519500019512, 38.181817000041704], [-122.5651309997227, 38.1820690002618], [-122.56509300008786, 38.182217000265], [-122.56528200023374, 38.18271400017503], [-122.56551400003735, 38.18294000034823], [-122.56584299992531, 38.18314199982845], [-122.56681899971858, 38.18342000001504], [-122.56788099972556, 38.1838010000588], [-122.56792500010648, 38.1838339998354], [-122.5680039997492, 38.18389500013197], [-122.5682919996293, 38.18411600026943], [-122.56850500006463, 38.184174000108136], [-122.5689329996868, 38.18452399995675], [-122.5691159999849, 38.184752999655785], [-122.56957299991939, 38.18528699974344], [-122.56975600021751, 38.185981999999385], [-122.57019800008338, 38.186737000210265], [-122.57059100044376, 38.187117000053995], [-122.57073200001076, 38.18714199994638], [-122.5719379999578, 38.18714999974067], [-122.57237999982365, 38.1870820000491], [-122.5725020000224, 38.18706700024355], [-122.57277700038202, 38.18689899995123], [-122.5730359999498, 38.18666299989484], [-122.57315800014852, 38.18640300015624], [-122.5731909997605, 38.18631800018978], [-122.57317400004204, 38.1861440000073], [-122.57317400004204, 38.18587699971034], [-122.57241199961071, 38.185258999743496], [-122.5716490002528, 38.18491500027848], [-122.57119200031829, 38.18471700009609], [-122.57093100020238, 38.184594000289565], [-122.57064199959908, 38.18440300020125], [-122.57053500036727, 38.18415899970385], [-122.57056499960618, 38.1837699999555], [-122.57069299965268, 38.18351799997015], [-122.57090199989007, 38.18352700000985], [-122.57169299973542, 38.18351799997015], [-122.57323699979123, 38.18329899983813], [-122.57361799955774, 38.18334500001076], [-122.57434800020202, 38.18352799985727], [-122.57820100021975, 38.18358299991809], [-122.57844100041925, 38.183714000191], [-122.57905200033956, 38.184573000267385], [-122.57967800032844, 38.18537899966739], [-122.57979899980396, 38.185535999798816], [-122.57992699985049, 38.18549199994452], [-122.58005499989697, 38.18544700024257], [-122.58025800028659, 38.18541699995508], [-122.5803450003252, 38.185412999962885], [-122.58047599984647, 38.18542499993882], [-122.58060600044112, 38.185468000012804], [-122.58080800010747, 38.185605999865295], [-122.58095299987244, 38.18571700015559], [-122.58110199983534, 38.18577900010418], [-122.58130500022496, 38.18584400015308], [-122.58162800026514, 38.186005999761804], [-122.58186400026668, 38.18611300019489], [-122.58195700015311, 38.18617199966704], [-122.58203999999377, 38.18629600014907], [-122.58206099991017, 38.186406000286176], [-122.58207500015388, 38.18671399978633], [-122.58206799958288, 38.1869340000441], [-122.58210199991807, 38.18705499983207], [-122.58199399996303, 38.18731699965871], [-122.58196200017598, 38.18746900017719], [-122.58193500041179, 38.187599999816754], [-122.58187400031242, 38.18771499975893], [-122.58193500041179, 38.18783700015611], [-122.5820419996436, 38.187936000310806], [-122.5821179998116, 38.18802000001562], [-122.58219800017753, 38.18801699995221], [-122.58233600026979, 38.187973000184314], [-122.58234700014046, 38.187963999987815], [-122.5824579995702, 38.18787400007991], [-122.58264099986829, 38.187690999853544], [-122.58264900026424, 38.18767699996392], [-122.58276300006703, 38.18748499969302], [-122.58289799978625, 38.18731699965871], [-122.58293600031942, 38.187264999687194], [-122.58300999993926, 38.187162000136496], [-122.58302800038092, 38.18714199994638], [-122.58312600029022, 38.18704099982022], [-122.58330000036747, 38.18697500033321], [-122.58349000033827, 38.18699300026342], [-122.58362400023258, 38.187022000102424], [-122.58370899972307, 38.18704099982022], [-122.58380400015764, 38.18713199984926], [-122.58386799973175, 38.18719300020853], [-122.58391100028777, 38.18731699965871], [-122.58392499963314, 38.18740499996037], [-122.5839639999912, 38.18764600009785], [-122.58407100012131, 38.18777600033608], [-122.58420900021359, 38.187907999916966], [-122.58425400041943, 38.187950999937364], [-122.58437599971984, 38.18800799976115], [-122.58451399981212, 38.18807299993927], [-122.58471200017884, 38.188049999937185], [-122.58495599967802, 38.18796600026691], [-122.58520000007547, 38.18792799989676], [-122.58559400026077, 38.18781700015127], [-122.5858570000265, 38.187911999772155], [-122.58593300019447, 38.187884000075165], [-122.58625700005958, 38.18776499983067], [-122.58650099955872, 38.1878570001554], [-122.58662299975748, 38.1878419998034], [-122.58669100042785, 38.18779700014099], [-122.58677799956817, 38.1877379998668], [-122.58680600005557, 38.1877209999106], [-122.58686100030715, 38.187544999964416], [-122.58687899985053, 38.18746500029767], [-122.58691200036078, 38.18729300032822], [-122.58701600011787, 38.18714999974067], [-122.58713199957049, 38.187057999935156], [-122.58722100015729, 38.186987999851766], [-122.58751099968717, 38.186944000168396], [-122.58770999987881, 38.186869000261765], [-122.58778900041985, 38.18679800019423], [-122.58786600041273, 38.18672399994084], [-122.58790700042063, 38.186691000061174], [-122.58810300023919, 38.18654200016181], [-122.58829800023287, 38.18647700002969], [-122.58855500015083, 38.18647099977561], [-122.58906399996384, 38.186625000257116], [-122.5894260003621, 38.186691000061174], [-122.58978799986203, 38.186625000257116], [-122.58996199993932, 38.186536999719195], [-122.59001100034311, 38.18640099983422], [-122.59003800010727, 38.18632799969261], [-122.59009400018378, 38.18607500027026], [-122.59032299961433, 38.185959999857204], [-122.59050000006465, 38.18593699989403], [-122.59057399968448, 38.185927000337585], [-122.59067699961663, 38.185932000115976], [-122.59089400024995, 38.185943000192104], [-122.59114500032013, 38.185992000254366], [-122.59119399982559, 38.18603000022235], [-122.59133600011582, 38.186139000243415], [-122.59143700039817, 38.18621700033331], [-122.59174199999669, 38.1864510001018], [-122.59184400010393, 38.18652899985763], [-122.59180800011893, 38.18664599968777], [-122.59171600005743, 38.186944000168396], [-122.59161099957713, 38.18716399973158], [-122.59159399985867, 38.18731699965871], [-122.59147599985788, 38.187585999909636], [-122.59145699959133, 38.1876309997024], [-122.59188400028691, 38.188049999937185], [-122.5924180002143, 38.188606999695736], [-122.59260099961406, 38.18877500028518], [-122.59281499987432, 38.18878299990014], [-122.59322699960298, 38.18866800023196], [-122.59401499997357, 38.18850699996788], [-122.59427600008948, 38.188465000055345], [-122.59434999970932, 38.18845399965399], [-122.59454899990095, 38.1884230001186], [-122.59492999966747, 38.18838499998686], [-122.59505199986621, 38.1882250002923], [-122.59522000009568, 38.18816400009117], [-122.59529399971552, 38.18811700035278], [-122.59528700004284, 38.188003999911224], [-122.59562099995368, 38.18779899971866], [-122.59568899972574, 38.18775899968267], [-122.59571399984011, 38.187744999806114], [-122.59598800037479, 38.187608000266835], [-122.5961909998661, 38.18753599971504], [-122.59657800037867, 38.18740000028303], [-122.59691399993936, 38.1874380002226], [-122.59735699963012, 38.18753800000594], [-122.59738699976737, 38.187544999964416], [-122.59755499999687, 38.18749900032563], [-122.59790499980122, 38.18735099975575], [-122.59816900029016, 38.18719400000564], [-122.59845200014739, 38.18698300014585], [-122.59862799987448, 38.18685299990449], [-122.59933800042727, 38.18629200020519], [-122.6000229999674, 38.18577900010418], [-122.60024899992321, 38.185610999665776], [-122.6005069996661, 38.185452000053914], [-122.60057600016138, 38.18542199976853], [-122.60064499975834, 38.185392000176854], [-122.60072299957613, 38.18535899969379], [-122.60085399999572, 38.185301999915474], [-122.60090199967628, 38.18528199992078], [-122.60091699974491, 38.18526299974415], [-122.60108400014948, 38.18499000007863], [-122.60139200012105, 38.184418999684425], [-122.60141100038763, 38.18438600017287], [-122.60145300022043, 38.18407800000915], [-122.60151500014469, 38.18374299992313], [-122.60163999981818, 38.18334199975477], [-122.60172400038208, 38.18323199993384], [-122.60191900037574, 38.18302300031077], [-122.6022320003702, 38.182765000006654], [-122.60269099995449, 38.18224199972057], [-122.60283999991742, 38.18201500033845], [-122.60288599994816, 38.18194600022127], [-122.60298300003257, 38.181763999803216], [-122.603183999874, 38.18123099989785], [-122.60324199960031, 38.18113799979833], [-122.60333700003488, 38.18098399972178], [-122.60350500026439, 38.180852000304974], [-122.60378300009873, 38.18074200025524], [-122.60411000033686, 38.18063200003944], [-122.60509799982569, 38.180461999957025], [-122.60541099982014, 38.180450999759394], [-122.60563400030121, 38.18042800017537], [-122.60603099996126, 38.18054400002966], [-122.60613800009138, 38.18064099972951], [-122.60616999987843, 38.18066999997868], [-122.60634399995568, 38.18071900005693], [-122.60686600018752, 38.18081799999922], [-122.60768799999498, 38.18102599971078], [-122.60788999966134, 38.1810319997072], [-122.6081330002339, 38.18094900030092], [-122.60829300006748, 38.18084000028194], [-122.60847399981743, 38.180762999969424], [-122.60870399997121, 38.18077300023473], [-122.60897500013287, 38.18088300023766], [-122.60933699963282, 38.18119099978607], [-122.60976199978025, 38.181266999767836], [-122.6099989996067, 38.18129999998608], [-122.61026300009567, 38.1812230001597], [-122.61059700000649, 38.18108599965297], [-122.61104300007034, 38.180877000228975], [-122.61130699966098, 38.180772000349506], [-122.61160600031003, 38.180733999757265], [-122.61193299964987, 38.18067899966411], [-122.61224700036756, 38.18058499967832], [-122.6125040002855, 38.1805909997111], [-122.6130540001064, 38.18081000021573], [-122.61335399968206, 38.18095299983207], [-122.6135899996836, 38.18115599975855], [-122.61377800000459, 38.181369999886], [-122.61392500031768, 38.18160100006723], [-122.61410600006766, 38.181837000281575], [-122.6143699996583, 38.18200699998025], [-122.61459399996428, 38.18212599974518], [-122.61467000013226, 38.18216699991586], [-122.61488600004233, 38.18226500014424], [-122.61510899962508, 38.18235300019371], [-122.61547000019841, 38.18240799972933], [-122.6167509995902, 38.18244600015455], [-122.61767700005305, 38.182396999825556], [-122.61790700020684, 38.18238500005699], [-122.61883199994648, 38.182312999991794], [-122.61906899977292, 38.182416999906145], [-122.61934800033052, 38.182482999992075], [-122.61936000002608, 38.182487000145144], [-122.61957699976107, 38.18256499990856], [-122.61996699974839, 38.182653000301805], [-122.62018299965845, 38.182653000301805], [-122.62030099965922, 38.18256499990856], [-122.6205590003004, 38.182301000209385], [-122.62073199965444, 38.18209200003394], [-122.62094799956454, 38.18195999980003], [-122.62126099955896, 38.18192199982746], [-122.62145599955262, 38.18192199982746], [-122.62158899962202, 38.18195999980003], [-122.6216859997064, 38.18204200030515], [-122.62188099970007, 38.182376999739425], [-122.62197199993669, 38.182487000145144], [-122.62234799968031, 38.182601999685645], [-122.62264700032937, 38.1826240001358], [-122.62301600040031, 38.18249800003538], [-122.62336399965655, 38.18230000034514], [-122.6236699999783, 38.18210200011679], [-122.6237760002835, 38.18207299973147], [-122.62396200005632, 38.18202499972579], [-122.62414299980631, 38.182051999688724], [-122.62433799979999, 38.1821509999381], [-122.62463700044904, 38.18233200023168], [-122.62538499973836, 38.182397999688476], [-122.62540800020288, 38.18239400023665], [-122.62569500025806, 38.18233700025681], [-122.62576499967996, 38.18226400027943], [-122.62588299968071, 38.182145000033834], [-122.62597999976508, 38.18190800024134], [-122.62600800025251, 38.18168300027026], [-122.62592399968861, 38.18133200031185], [-122.62595700019887, 38.18116500009004], [-122.6260140001003, 38.18088099976407], [-122.6260939995679, 38.180815000345305], [-122.6261839999796, 38.1807600003133], [-122.62657399996694, 38.18073199998574], [-122.6267620002879, 38.18070999967035], [-122.6268729997177, 38.18067799977754], [-122.62704699979496, 38.18060099999996], [-122.62712399978786, 38.18055099995411], [-122.62716599962064, 38.180501999762875], [-122.62718700043536, 38.18044100015604], [-122.62717999986432, 38.18031499981101], [-122.62714499970424, 38.18024899987954], [-122.62704799961988, 38.18016700018104], [-122.62697099962698, 38.1800790003158], [-122.62697099962698, 38.179980000075545], [-122.62698499987069, 38.179925000119326], [-122.62700599978707, 38.17989199998445], [-122.62720099978075, 38.17974400020137], [-122.6275289998438, 38.179601000330614], [-122.62766100008828, 38.179496999927366], [-122.62770299992107, 38.179480000166485], [-122.62772999968526, 38.179480000166485], [-122.62777900008905, 38.17945299995652], [-122.62796700041002, 38.179415000088675], [-122.62804400040294, 38.1793710000683], [-122.62809299990842, 38.17931599965238], [-122.62813399991629, 38.17922200002664], [-122.62810700015211, 38.179040999774685], [-122.62809299990842, 38.17901400010821], [-122.62812800006853, 38.178914999833246], [-122.6281830003201, 38.17888700020894], [-122.62825299974199, 38.17887100021706], [-122.62842699981925, 38.17885400031012], [-122.6284850004439, 38.1788410000463], [-122.62855200039104, 38.178826999868186], [-122.6286779998894, 38.17878899967393], [-122.62903299971667, 38.17864600004737], [-122.62918599987752, 38.178596999987306], [-122.62932800016777, 38.17856599978818], [-122.62938800044222, 38.178553000179136], [-122.62965899970555, 38.17864600004737], [-122.62978400027734, 38.178712000018514], [-122.63001400043109, 38.17889899984752], [-122.63011099961717, 38.17891599974396], [-122.63020900042476, 38.17892100000351], [-122.63055000000831, 38.17888800012008], [-122.63080000025357, 38.17887800030223], [-122.63092599975194, 38.17888900003116], [-122.63100899959264, 38.17890500001909], [-122.6310649996691, 38.178927000173324], [-122.6311900002409, 38.17893300034259], [-122.63151699958075, 38.17898200017671], [-122.63166999974163, 38.178988000341455], [-122.63171900014542, 38.178999000053786], [-122.63203899981255, 38.178971999665585], [-122.63221999956254, 38.17890599992994], [-122.63244300004361, 38.17887800030223], [-122.63253299955699, 38.17888900003116], [-122.63274900036537, 38.178983000086504], [-122.63283300003096, 38.178999000053786], [-122.63284700027467, 38.179015999926946], [-122.63292300044262, 38.17902700034117], [-122.63304200026833, 38.17902700034117], [-122.63311800043628, 38.179015999926946], [-122.63319500042921, 38.17899399979959], [-122.63326400002616, 38.17895599969238], [-122.63333400034635, 38.17886799977687], [-122.63339700009554, 38.17870300009013], [-122.63346599969252, 38.17858800004476], [-122.63354299968542, 38.178515999758126], [-122.6336260004244, 38.178471999901056], [-122.6337030004173, 38.17845599981805], [-122.63386999992358, 38.178451000232705], [-122.63398100025167, 38.17846700031681], [-122.6342740001546, 38.17854400023111], [-122.63437100023899, 38.17856100021043], [-122.63451000015618, 38.17856100021043], [-122.63466999998974, 38.17860500001376], [-122.63474000030993, 38.17860500001376], [-122.63513000029728, 38.178664999831206], [-122.63526900021445, 38.17867100002205], [-122.63552000028461, 38.17863800002541], [-122.63564499995807, 38.17863800002541], [-122.63578399987524, 38.178648999790575], [-122.63594399970883, 38.17867700021245], [-122.6361880001063, 38.17874300015553], [-122.63632000035078, 38.178802999859286], [-122.63637600042726, 38.178841999958024], [-122.63643099978056, 38.178897000025565], [-122.63647299961335, 38.17896800002569], [-122.63651500034446, 38.1791929999073], [-122.63655600035233, 38.179269999760514], [-122.63675800001869, 38.179489999901676], [-122.6368340001867, 38.1796170001622], [-122.63701499993662, 38.17977100030351], [-122.63750899968106, 38.18005699980324], [-122.63752299992477, 38.1800779997149], [-122.63754399984114, 38.18008899996879], [-122.63794800007219, 38.18024899987954], [-122.63793100035377, 38.180216999784264], [-122.63793399982848, 38.18019900029827], [-122.63800300032378, 38.18023300018673], [-122.63827500031034, 38.18024399971112], [-122.63844900038762, 38.18027699968657], [-122.63890100029923, 38.18028400034281], [-122.6391170002093, 38.180287999910455], [-122.63947899970923, 38.18030999964713], [-122.63961099995373, 38.18028299974472], [-122.6397430001982, 38.18028299974472], [-122.64010499969814, 38.18033800013686], [-122.64048100034009, 38.18040900014509], [-122.6408639997564, 38.18049700031792], [-122.641503999989, 38.18066300006573], [-122.64215799956698, 38.18089899978773], [-122.64259699995813, 38.18099800019153], [-122.64269700041554, 38.181011000070555], [-122.64290300027987, 38.181036999821536], [-122.64316400039579, 38.181036999821536], [-122.64318100011423, 38.181036999821536], [-122.6433069996126, 38.18102599971078], [-122.6433409999478, 38.1810139997164], [-122.64378000033894, 38.1809810000747], [-122.64407200041698, 38.1809810000747], [-122.64437899966535, 38.18099800019153], [-122.64450400023712, 38.18100900030658], [-122.6445660001614, 38.18102200018358], [-122.6445800004051, 38.18102499982898], [-122.64503499979145, 38.181048999812134], [-122.64512699985298, 38.18105499980671], [-122.64521399989161, 38.181059999919476], [-122.64629299961702, 38.18119699976896], [-122.64660599961148, 38.18120600009538], [-122.64688400034413, 38.181213999835386], [-122.64695399976603, 38.18120299975129], [-122.64698800010119, 38.181200999992626], [-122.64710699992689, 38.18119799964835], [-122.64727400033148, 38.18120299975129], [-122.64732299983696, 38.181208999733194], [-122.64735799999706, 38.18122499991777], [-122.64739900000495, 38.18121999981632], [-122.64748299967054, 38.18122499991777], [-122.647803000236, 38.18128600028045], [-122.64785199974146, 38.18128600028045], [-122.64797700031326, 38.18131899978401], [-122.64813700014683, 38.18134600000859], [-122.64822699966021, 38.181340999915456], [-122.64842199965388, 38.18129700035202], [-122.64849199997407, 38.1812640001324], [-122.64868000029506, 38.18112099971417], [-122.64876399996064, 38.18113199981064], [-122.64892399979418, 38.18108300001015], [-122.64898599971848, 38.181077000017865], [-122.64914599955206, 38.18109900022238], [-122.64923699978864, 38.18112699970276], [-122.64941099986589, 38.181208999733194], [-122.6494660001175, 38.1812640001324], [-122.64952899986669, 38.18136900000897], [-122.64957800027048, 38.18142899966875], [-122.64971499963953, 38.18154400017311], [-122.64989100026496, 38.18169299970311], [-122.6501270002665, 38.181802999729335], [-122.65026700000858, 38.18185199975174], [-122.65029399977276, 38.18187999964888], [-122.65060799959211, 38.18205599986547], [-122.65084399959369, 38.182209999794544], [-122.65107399974744, 38.18237500001293], [-122.65124799982472, 38.18252300010066], [-122.65151200031366, 38.182798000252525], [-122.65186700014091, 38.18302300031077], [-122.65209899994451, 38.18315599988352], [-122.6523259997252, 38.18328700021812], [-122.65252800028989, 38.18341900016609], [-122.65260500028279, 38.18348500005041], [-122.65287600044444, 38.183809000219995], [-122.6529800002015, 38.183980000101236], [-122.65313300036237, 38.18426500018816], [-122.65317500019518, 38.18431499980355], [-122.65318900043889, 38.18436999997633], [-122.65323799994438, 38.18446300018682], [-122.65329300019597, 38.18452899983144], [-122.6533319996557, 38.18456199998434], [-122.65336799964071, 38.184595000122336], [-122.65341299984655, 38.18462400020987], [-122.65372500001611, 38.18483700020669], [-122.65378000026769, 38.18485899998191], [-122.65403100033787, 38.18490300021854], [-122.65456000024237, 38.184887000135554], [-122.65462100034175, 38.184887000135554], [-122.65488699958219, 38.18489199998532], [-122.65506099965947, 38.18491399974399], [-122.65523499973673, 38.18497499984235], [-122.65534600006482, 38.18503500006287], [-122.65570699973983, 38.1853579998715], [-122.65571500013577, 38.18537600020126], [-122.65583300013655, 38.18549100012405], [-122.65588199964202, 38.185496999752814], [-122.6559379997185, 38.185546000115075], [-122.6561400002832, 38.18568399981981], [-122.65617399972007, 38.1856780002065], [-122.65644599970665, 38.185826999754816], [-122.6566199997839, 38.185898000062664], [-122.65693299977836, 38.1859970000283], [-122.65704400010645, 38.18601900015931], [-122.65757300001097, 38.18617300018425], [-122.65759399992733, 38.186188999984786], [-122.6576459998059, 38.1861950002621], [-122.65765699967652, 38.18621100005776], [-122.65775399976093, 38.1862220000918], [-122.65779599959372, 38.18626099974971], [-122.65811600015917, 38.18641999971398], [-122.65818599958106, 38.18646600003415], [-122.65819999982477, 38.18647499970971], [-122.6584430003973, 38.186684000020634], [-122.6585060001465, 38.18672799986104], [-122.65856899989569, 38.18674500004897], [-122.65860999990356, 38.18677799990417], [-122.65885400030106, 38.18681600016817], [-122.65891000037753, 38.186833000335625], [-122.6591320001354, 38.18693199973666], [-122.65931299988536, 38.18696999992032], [-122.65938400003047, 38.18697300002691], [-122.65943900028208, 38.186976000133306], [-122.65982099987347, 38.186942999661774], [-122.6604350001668, 38.18691299999044], [-122.6609769995918, 38.186888000019465], [-122.66106700000348, 38.18687199966642], [-122.66132499974634, 38.18674000032639], [-122.66150600039462, 38.18667399986064], [-122.66157599981649, 38.186658000166624], [-122.66177099981016, 38.18665199992744], [-122.66198599989534, 38.18658600008799], [-122.66209800004832, 38.18652000018875], [-122.6622019998054, 38.18640499977217], [-122.66234200044582, 38.18628400031668], [-122.66240400037007, 38.18625100023769], [-122.66249499970834, 38.1862239997127], [-122.66262000028014, 38.186202000349645], [-122.66307899986444, 38.18623499974473], [-122.66334400017831, 38.1862620002657], [-122.66340699992752, 38.18627199977615], [-122.66357400033209, 38.186300999902194], [-122.66381700000635, 38.18636099973666], [-122.66390099967192, 38.18640000002624], [-122.6639629995962, 38.18644400003819], [-122.6639979997563, 38.186503999754876], [-122.6639840004109, 38.1865979998707], [-122.66394900025082, 38.18668499982471], [-122.66392800033442, 38.18680100030789], [-122.66392199958833, 38.18689100012942], [-122.66391400009071, 38.186998999768484], [-122.66392800033442, 38.187064999939764], [-122.66393500000711, 38.187081000250465], [-122.66395599992352, 38.18712499985104], [-122.66401200000001, 38.18719700010299], [-122.6643350000402, 38.18749499974168], [-122.66447800015534, 38.18762699983178], [-122.66458299973732, 38.187723999986204], [-122.66481200006618, 38.18792700010974], [-122.66524399988631, 38.18828499995415], [-122.66533400029797, 38.18831199971527], [-122.66543200020728, 38.188355999984466], [-122.66557799979715, 38.18840000022703], [-122.66589800036262, 38.18842799972568], [-122.66602300003608, 38.188455000139854], [-122.66614199986178, 38.18850399992448], [-122.66624599961884, 38.18857600022552], [-122.66639200010702, 38.18872999978702], [-122.66643399993983, 38.18878999973897], [-122.66653799969689, 38.18900499980814], [-122.66678200009434, 38.18935600021897], [-122.66691400033883, 38.189510000249555], [-122.66697999956276, 38.18956800002995], [-122.6670320003396, 38.18961399977427], [-122.66715799983801, 38.1896969998994], [-122.66734500033405, 38.18974100003796], [-122.66793000031507, 38.18979600035032], [-122.66820899997433, 38.18980200033052], [-122.66845199964857, 38.18979600035032], [-122.66885599987963, 38.18976299974426], [-122.66892600019982, 38.18976899972718], [-122.6690230002842, 38.18979100013109], [-122.66921099970683, 38.18985699989073], [-122.66944800043164, 38.189982999971896], [-122.66953799994502, 38.18999400014239], [-122.66960800026521, 38.18999400014239], [-122.66964300042532, 38.189982999971896], [-122.66975399985506, 38.189982999971896], [-122.66993499960502, 38.189944999948], [-122.66999800025253, 38.189923000296666], [-122.67015800008612, 38.18982400001836], [-122.67029700000326, 38.18971900032504], [-122.67035999975248, 38.189685999684094], [-122.67045699983686, 38.189642999981864], [-122.67059599975401, 38.18962100023931], [-122.67076300015862, 38.18963199975842], [-122.67092399981709, 38.189654000203646], [-122.67100699965776, 38.189675999936235], [-122.67115300014595, 38.189735999814935], [-122.67126500029893, 38.18976400021215], [-122.67138300029971, 38.18977999992994], [-122.67167500037776, 38.18979100013109], [-122.6720579997941, 38.18976899972718], [-122.67240599994865, 38.18976400021215], [-122.67254499986582, 38.18976899972718], [-122.67287999960158, 38.189829999996306], [-122.67304700000615, 38.189797000111696], [-122.67312999984684, 38.18976400021215], [-122.67349899991775, 38.18957700002826], [-122.67369399991144, 38.18951100001485], [-122.67377799957701, 38.18948900023248], [-122.67402100014958, 38.18947299974465], [-122.67416799956436, 38.18944499994164], [-122.67431400005253, 38.18939000007034], [-122.67441100013693, 38.18933500015744], [-122.67471099971259, 38.1891270001628], [-122.67479399955324, 38.18910500026445], [-122.67502399970702, 38.18908299965333], [-122.67532300035607, 38.189010999853494], [-122.67544899985445, 38.18899499996679], [-122.67563700017541, 38.189001000012965], [-122.67569900009971, 38.189022999942786], [-122.6757619998489, 38.189060999741685], [-122.67581100025272, 38.18910999982471], [-122.67601200009415, 38.189374000266824], [-122.67626200033943, 38.18961300001038], [-122.67626999983702, 38.18962100023931], [-122.676458000158, 38.18973100029764], [-122.67659700007516, 38.18977000019498], [-122.677119000307, 38.18975300000697], [-122.67778700012867, 38.1897749997096], [-122.67841399994248, 38.18974199980008], [-122.67858800001976, 38.18972600007394], [-122.67864400009624, 38.1896990001309], [-122.67872699993693, 38.189594000257344], [-122.6789010000142, 38.18957199979398], [-122.67910299968057, 38.189561000265876], [-122.6794729995764, 38.189592000022955], [-122.67963199958507, 38.18960499978053], [-122.67995200015052, 38.189622000003084], [-122.68033499956687, 38.18962700023392], [-122.68037300009999, 38.1896229997669], [-122.68045400029085, 38.18961600000806], [-122.68056499972064, 38.18962700023392], [-122.68062099979711, 38.189648999974665], [-122.6807179998815, 38.1897430002683], [-122.68078800020169, 38.189945999707334], [-122.68085699979869, 38.189994999901046], [-122.68087100004237, 38.19001700023664], [-122.68090600020248, 38.190027999695936], [-122.68093399979156, 38.190061000181935], [-122.68105900036336, 38.19012699969692], [-122.68143500010699, 38.19047900010126], [-122.68147699993979, 38.19053399985631], [-122.68151200009987, 38.19060499981248], [-122.68153200019137, 38.19077000007966], [-122.68155999978045, 38.19081400027606], [-122.68162300042796, 38.190864000338614], [-122.68174100042876, 38.190934999973095], [-122.6819289998514, 38.19103900028725], [-122.68211700017238, 38.19112700032847], [-122.68232700023466, 38.19125999993217], [-122.68243000016683, 38.19132500003243], [-122.68249299991602, 38.19139699966293], [-122.68254899999249, 38.19150100002342], [-122.6826250001605, 38.191605000235405], [-122.68267399966598, 38.19162700008469], [-122.68284100007057, 38.19166599967285], [-122.68296599974403, 38.19168199967886], [-122.68305299978266, 38.19168600003285], [-122.68334200038598, 38.191699000122675], [-122.68365600020535, 38.191781000255816], [-122.6838710002905, 38.19186900010649], [-122.68391300012328, 38.19190699983267], [-122.68397599987247, 38.191940000173304], [-122.68403799979676, 38.192011999901915], [-122.68421199987404, 38.19227599970978], [-122.68441400043871, 38.19236899971099], [-122.68453300026438, 38.192445999758796], [-122.68467899985426, 38.192654999881626], [-122.68474800034956, 38.19272099987014], [-122.68484600025884, 38.19275899985781], [-122.6850200003361, 38.192776000050216], [-122.68510999984947, 38.19280300026461], [-122.68514800038264, 38.19282600017788], [-122.68517299959869, 38.192841999929065], [-122.68529800017046, 38.19301700006708], [-122.68531900008685, 38.19307200002357], [-122.68535400024696, 38.193089000142976], [-122.68543799991255, 38.19315499973817], [-122.68581399965618, 38.19324300004669], [-122.68593199965696, 38.19330900020835], [-122.68606399990144, 38.19340200030252], [-122.6862520002224, 38.19360000017573], [-122.6864050003833, 38.19367099996706], [-122.68644700021609, 38.193714999822866], [-122.68647499980517, 38.19378100026274], [-122.68647499980517, 38.193885000042954], [-122.68646099956146, 38.19393000018017], [-122.686412000056, 38.19400600028595], [-122.6863910001396, 38.19411600007568], [-122.686412000056, 38.19419299968845], [-122.68645399988878, 38.19424300025524], [-122.68650999996525, 38.194281000154724], [-122.68666999979885, 38.1943470000817], [-122.68693400028779, 38.19442900005735], [-122.68759600026168, 38.19459400013324], [-122.68767900010238, 38.194626999962345], [-122.68783999976088, 38.19471499990419], [-122.68791599992883, 38.194742999799246], [-122.68804099960232, 38.194732000346015], [-122.68810400024982, 38.19469899985854], [-122.6881939997632, 38.1946879996927], [-122.68829900024349, 38.1946879996927], [-122.68850099990985, 38.19472100018517], [-122.6888699999808, 38.19483100030693], [-122.68898100030889, 38.19484700032363], [-122.68916899973154, 38.19484700032363], [-122.68930799964872, 38.19483600018015], [-122.6894270003727, 38.19480900001347], [-122.68953100012978, 38.19475899983528], [-122.68986500004064, 38.19453899991416], [-122.68995600027722, 38.194501000149245], [-122.69006699970699, 38.19447300016119], [-122.69020599962415, 38.19446199996122], [-122.6906729996044, 38.19445099975959], [-122.6908049998489, 38.194457000062314], [-122.69103500000264, 38.19448399965349], [-122.69126500015642, 38.19461099989731], [-122.69145299957907, 38.1947699999904], [-122.6914950003102, 38.194790000203945], [-122.69154299999079, 38.19481399988821], [-122.69206500022256, 38.19502300027535], [-122.69212100029908, 38.19502800013533], [-122.69223199972883, 38.19498999991968], [-122.69233700020914, 38.194978999797804], [-122.6924479996389, 38.194978999797804], [-122.69288700003007, 38.195055999910046], [-122.69315099962068, 38.19506099976782], [-122.6932419998573, 38.195071999877314], [-122.69351999969165, 38.19515999998743], [-122.6937080000126, 38.1951440000395], [-122.69383299968608, 38.195148999891224], [-122.6939399998162, 38.195143000351514], [-122.69395599970973, 38.19514100026947], [-122.69400400028861, 38.19513900018742], [-122.69402100000707, 38.19513799979337], [-122.694065000388, 38.19513900018742], [-122.69443100008588, 38.1951440000395], [-122.69448700016237, 38.19515500013645], [-122.69451499975148, 38.1951440000395], [-122.69475099975304, 38.19510500019582], [-122.69486299990602, 38.195100000341064], [-122.69502299973956, 38.1951219998406], [-122.69519000014415, 38.195166000231744], [-122.69542000029793, 38.1952479999912], [-122.69574699963775, 38.19524199975364], [-122.69585100029315, 38.195263999916286], [-122.69592800028605, 38.19527000015203], [-122.6962479999532, 38.19522599982372], [-122.69633199961879, 38.195230999669825], [-122.69637000015193, 38.19524199975364], [-122.69640799978677, 38.195252999835795], [-122.69648499977964, 38.19529200030621], [-122.69661000035144, 38.195373999923795], [-122.69663799994052, 38.19541800016267], [-122.69672900017711, 38.19545699983872], [-122.69674900026861, 38.19550100002745], [-122.69677699985769, 38.195516999896945], [-122.69681899969048, 38.195516999896945], [-122.69684700017791, 38.19552799993755], [-122.69692300034589, 38.19557699990573], [-122.69713900025596, 38.19567100031429], [-122.69726499975434, 38.195747999694895], [-122.69764100039629, 38.19584100020428], [-122.69786999982682, 38.19594000006949], [-122.6980649998205, 38.196049999761875], [-122.69825300014146, 38.19612700015367], [-122.69840700012726, 38.19616499977605], [-122.69868499996161, 38.196209000243], [-122.69901899987244, 38.19630299983575], [-122.69940899985978, 38.19633499992474], [-122.69962499976985, 38.196341000072245], [-122.69979899984715, 38.1963360003024], [-122.69993799976429, 38.196313999757635], [-122.70001499975719, 38.19627000006013], [-122.70018200016179, 38.196071999680406], [-122.70025099975877, 38.19601099969741], [-122.70035600023905, 38.19595100004621], [-122.70045999999611, 38.19592299990967], [-122.70055799990539, 38.195911999928725], [-122.70066199966247, 38.19591800011108], [-122.70085699965615, 38.19594499986657], [-122.70103800030445, 38.19598399996638], [-122.70139300013166, 38.1960990000848], [-122.70152500037617, 38.1962359998906], [-122.7018810000283, 38.19676399969424], [-122.7019019999447, 38.196813000242656], [-122.70216600043366, 38.19715400030795], [-122.70224300042656, 38.197285999836154], [-122.70232600026723, 38.19737400009465], [-122.70235399985631, 38.19739000025861], [-122.70241400013079, 38.1974540001732], [-122.70259099968277, 38.19764299991261], [-122.70270200001086, 38.19773099973967], [-122.70279300024745, 38.19778000034341], [-122.70286900041545, 38.1977970000697], [-122.70322400024268, 38.197801999739276], [-122.70333600039567, 38.19781300014065], [-122.7034369997797, 38.19783399987552], [-122.70345400039646, 38.197845999923], [-122.70355200030573, 38.197868000004895], [-122.70357999989481, 38.19790099976232], [-122.7036839996519, 38.19790600013068], [-122.70390700013297, 38.19798899998355], [-122.70410899979933, 38.19809900011051], [-122.70416400005094, 38.19811500011515], [-122.70431800003672, 38.19828000031079], [-122.7044429997102, 38.19845500008833], [-122.7048310000477, 38.19859399968456], [-122.70517699965411, 38.19860600031275], [-122.70561400039544, 38.19845399973984], [-122.70600900040563, 38.19829299992955], [-122.70776400034867, 38.198909999800634], [-122.71433800005693, 38.20122199968352], [-122.71430299989686, 38.2012780001062], [-122.71423400029985, 38.2013600000423], [-122.71422699972887, 38.20146499989447], [-122.71424799964525, 38.20172300032015], [-122.71431299994258, 38.20184800004168], [-122.71433100038423, 38.20186000013355], [-122.71439400013345, 38.20194799980551], [-122.71446399955532, 38.20202500031368], [-122.71483299962627, 38.20234399983693], [-122.71492999971065, 38.20248599994748], [-122.71495099962705, 38.20254700015349], [-122.71495800019804, 38.20271700022652], [-122.71495099962705, 38.202866000213206], [-122.71489600027378, 38.2031950002977], [-122.71493100043388, 38.20328299976787], [-122.71500000003084, 38.2033709998376], [-122.71503500019094, 38.203397999653156], [-122.7152369998573, 38.20349699983248], [-122.7153210004212, 38.20352499988015], [-122.7153969996909, 38.20356900013505], [-122.7155160004149, 38.20367300005414], [-122.71565500033205, 38.20377199985944], [-122.71575900008912, 38.20383200012517], [-122.71578199965536, 38.20384500016446], [-122.7158350002571, 38.203861999886556], [-122.71587999956463, 38.20387900031054], [-122.7160519999921, 38.203948000122175], [-122.71616099977203, 38.20401500003017], [-122.7162500003588, 38.20407000015087], [-122.71652499982011, 38.204238999928016], [-122.71690899995966, 38.204541000073256], [-122.71758400035235, 38.20493500030536], [-122.71770900002582, 38.20500800015008], [-122.71946399996885, 38.20578699966819], [-122.71949900012895, 38.205815000246886], [-122.7199100000327, 38.20597999993399], [-122.71993799962178, 38.206001000136816], [-122.72002800003347, 38.2060289999273], [-122.72109400023841, 38.20649600034072], [-122.72125400007198, 38.20658899982804], [-122.72158799998282, 38.20671499990024], [-122.72195799987868, 38.20684399974819], [-122.72299499977129, 38.207131999995575], [-122.72318999976495, 38.20717600018795], [-122.72334999959855, 38.207192999838014], [-122.72340599967505, 38.2071820001479], [-122.72349899956146, 38.20714699990372], [-122.72509899969378, 38.20711800031383], [-122.72553999973474, 38.207114000101704], [-122.72601400028601, 38.20710999988942], [-122.72985999973271, 38.207075999840605], [-122.73166499990445, 38.20705999968759], [-122.73370699990265, 38.20704300000646], [-122.73430299975432, 38.20703700003499], [-122.73609100020764, 38.20702200010418], [-122.73668799988421, 38.20701799988685], [-122.73887299999755, 38.20701799988685], [-122.73989999984441, 38.20701799988685], [-122.74445500001902, 38.210149999725964], [-122.7462559999928, 38.21138800005636], [-122.74691799996671, 38.211835000206676], [-122.74724500020487, 38.21205600025997], [-122.7482350002418, 38.212722999826525], [-122.74890600043655, 38.21317599971313], [-122.7495700000603, 38.21362300017469], [-122.74981399955942, 38.2137879998076], [-122.75054900022658, 38.21428299999079], [-122.75060000028022, 38.2143180003326], [-122.75080100012168, 38.21443899979137], [-122.75087100044188, 38.21448100025062], [-122.75108200032908, 38.21460700007127], [-122.75109999987241, 38.214618000050855], [-122.75109999987241, 38.21455700007891], [-122.76721599975001, 38.22550099989113], [-122.77355799965471, 38.22980699981858], [-122.78329700036585, 38.23642200007353], [-122.78443899984045, 38.23719799972153], [-122.78497100011802, 38.23755800032494], [-122.7865670000524, 38.238641000001856], [-122.78709900032993, 38.23900300009892], [-122.78795299992447, 38.23958300014193], [-122.79051799997943, 38.241325000250654], [-122.79137300029714, 38.241905999865594], [-122.79145000029007, 38.241958000317595], [-122.79168200009364, 38.24211600024158], [-122.79175999991146, 38.24216900029102], [-122.79186200001871, 38.24223799977827], [-122.79209600037044, 38.24239700024933], [-122.79215400009673, 38.24243600015202], [-122.79216999999028, 38.242447000156986], [-122.79227299992245, 38.242516999828794], [-122.7925590001527, 38.242710999776506], [-122.793418999595, 38.24329500021096], [-122.79370599965019, 38.24348999992863], [-122.795149000322, 38.24446999983367], [-122.79948100001552, 38.24741200005659], [-122.80092499961391, 38.24839299966022], [-122.80100900017781, 38.24845699987254], [-122.80268899977779, 38.24972999971826], [-122.80293499982507, 38.24991699986013], [-122.80815399962339, 38.25350699973798], [-122.80997899988662, 38.254761999915345], [-122.8103770002699, 38.25503500032357], [-122.81157200034625, 38.255854999891675], [-122.81197099965611, 38.256128999981655], [-122.8120390003265, 38.25617399972258], [-122.81224400036592, 38.256311000000665], [-122.81231600033593, 38.25635899969717], [-122.81419400030259, 38.25763099985177], [-122.81905499990063, 38.260922999868384], [-122.81982999985246, 38.26144800020787], [-122.82170899964404, 38.262721000313554], [-122.82267299974174, 38.263367999691944], [-122.82556699968464, 38.26531200033293], [-122.82653199960725, 38.26596000003548], [-122.82855900043515, 38.26732199976566], [-122.82959299995471, 38.26801600013688], [-122.83291700006794, 38.270248999893546], [-122.83329799983446, 38.27050400021701], [-122.83878000029684, 38.27418500035254], [-122.84180399993608, 38.2762170000104], [-122.84184099974601, 38.27624400029076], [-122.84260499982715, 38.276784000263916], [-122.84270600010949, 38.27685000010279], [-122.85326400025505, 38.2838609999008], [-122.85360300018876, 38.2841159996674], [-122.85371299979361, 38.28418899972043], [-122.86021299988205, 38.288524000290806], [-122.86052699970142, 38.288830999939904], [-122.86057500028029, 38.2888630002213], [-122.86388599997471, 38.29110299966566], [-122.86833999986699, 38.293979999667464], [-122.86841199983702, 38.29402799985142], [-122.87429900035532, 38.29801200031274], [-122.87440599958714, 38.298088000243744], [-122.876105000352, 38.299296000145446], [-122.87899599992184, 38.30126899992139], [-122.88019400037125, 38.30208699990336], [-122.89246399990385, 38.31045999987676], [-122.89655499957297, 38.31325200023059], [-122.89721700044518, 38.313676000194974], [-122.89724300038444, 38.31369399978619], [-122.8984440003086, 38.314515999851814], [-122.89854700024075, 38.31460600024475], [-122.89910399973434, 38.31576899981679], [-122.89934800013184, 38.31608900018892], [-122.8995079999654, 38.31642300033967], [-122.8996200001184, 38.31655800015599], [-122.89973100044647, 38.316656999908545], [-122.89993300011282, 38.31679300012426], [-122.90076999998894, 38.316887999745255], [-122.90130700028936, 38.316898000328784], [-122.90172599969068, 38.316942999765736], [-122.90231099967171, 38.31683999988557], [-122.90245100031211, 38.316794999679864], [-122.90259699990199, 38.31671800018718], [-122.90301600020163, 38.316443999654126], [-122.9031900002789, 38.316345000315565], [-122.90335099993739, 38.316268000344984], [-122.90385999975042, 38.316065999786375], [-122.9039359999184, 38.31602099980512], [-122.90422999964626, 38.31593099975877], [-122.90502499968956, 38.315738000269576], [-122.90512199977394, 38.315701999983], [-122.90623099963659, 38.31508100015504], [-122.90639200019338, 38.31504500024711], [-122.90646199961527, 38.31501800030439], [-122.90662200034716, 38.31498199966033], [-122.90667400022568, 38.314963999684], [-122.9069910004181, 38.31486099981183], [-122.90812799986982, 38.3143029996514], [-122.90816300002994, 38.31429000033037], [-122.90831899966557, 38.314315999674974], [-122.90853999959847, 38.31435300010874], [-122.90874200016317, 38.314367000286985], [-122.90906299965522, 38.31437600034981], [-122.90911799990681, 38.314367000286985], [-122.9091670003106, 38.314354000272566], [-122.9092369997325, 38.31426800022708], [-122.90932799996907, 38.31430399981598], [-122.90949500037365, 38.31439399976726], [-122.90967600012364, 38.314542999981406], [-122.90974600044383, 38.314615000277925], [-122.91017099969297, 38.31522900021544], [-122.91022799959435, 38.31539399969797], [-122.91034499977023, 38.31573300025043], [-122.91043600000683, 38.315846000317286], [-122.91088200007064, 38.31686500030099], [-122.91088899974336, 38.31696400033919], [-122.91087500039797, 38.317086000328494], [-122.91084699991056, 38.31717099972596], [-122.91080500007777, 38.317251999938], [-122.91068600025208, 38.317400999917695], [-122.91048700006046, 38.31759399991395], [-122.91031700018115, 38.31776099988684], [-122.91016300019535, 38.31786499998366], [-122.91015599962434, 38.31789200027581], [-122.90916599958739, 38.318264999941746], [-122.90904699976167, 38.3182870002419], [-122.90888699992813, 38.31829599981817], [-122.9083079997949, 38.31826899967646], [-122.9081959996419, 38.31828199969373], [-122.90805000005204, 38.31828199969373], [-122.90794499957175, 38.31829599981817], [-122.90784099981467, 38.318332000226405], [-122.9075269999953, 38.31847999999403], [-122.90730400041254, 38.31864200022197], [-122.90722700041964, 38.31873199972236], [-122.90712199993935, 38.31893000020332], [-122.90706599986287, 38.31911899996576], [-122.90699600044097, 38.31929500010694], [-122.90689199978557, 38.31946600005921], [-122.90677999963259, 38.31960999996579], [-122.90675899971619, 38.31966899969317], [-122.90668199972329, 38.319759000033], [-122.90664699956318, 38.3198900003358], [-122.90666099980689, 38.319935000030085], [-122.9067729999599, 38.32008400013413], [-122.90689799963336, 38.32023199984923], [-122.90703099970274, 38.32028700015202], [-122.9073029996893, 38.320439999852375], [-122.90759599959227, 38.320589000328035], [-122.90772799983675, 38.32064300028294], [-122.9081050003036, 38.320752000147635], [-122.90876700027752, 38.32085099981166], [-122.90892700011108, 38.320896000318996], [-122.90940199958894, 38.320969000017634], [-122.9102379996401, 38.3211139998285], [-122.91094300017002, 38.321222000325506], [-122.9110750004145, 38.321226999966115], [-122.91131899991365, 38.321209000130644], [-122.91145899965574, 38.32117800009022], [-122.91163299973302, 38.321091999681464], [-122.91182799972668, 38.32095699985015], [-122.91235199960833, 38.32043899977244], [-122.91242899960123, 38.32039000006872], [-122.91250499976921, 38.320363000002075], [-122.91277000008307, 38.32032699989756], [-122.91290999982516, 38.320317999868664], [-122.91313999997894, 38.320332000304674], [-122.91433199968225, 38.32042299990161], [-122.91490400014278, 38.3204499999459], [-122.91527400003865, 38.320451000025635], [-122.91565800017821, 38.320392000229866], [-122.91583899992817, 38.320351999815415], [-122.91596399960164, 38.32031599970548], [-122.91607400010479, 38.320256999799795], [-122.91636199998489, 38.32002299986842], [-122.9164110003887, 38.32000100009506], [-122.9164180000614, 38.31997399988353], [-122.91647999998568, 38.319929000213406], [-122.91656399965127, 38.319770999694], [-122.91677399971353, 38.31950500016489], [-122.91696899970722, 38.31931200032222], [-122.9170249997837, 38.31927099992063], [-122.91747800041857, 38.3187760000326], [-122.91765999999343, 38.31853699972399], [-122.91780599958331, 38.31831200015843], [-122.91800099957698, 38.317952000105976], [-122.91816200013376, 38.31778999974584], [-122.91832899964002, 38.31769100013073], [-122.91901300025356, 38.317421000236926], [-122.91978499983232, 38.31722199973951], [-122.91987000022112, 38.31719999982094], [-122.92005199979603, 38.3171740001009], [-122.92018400004048, 38.317142000324154], [-122.92051200010353, 38.31703000028958], [-122.9207420002573, 38.3169709998242], [-122.9208469998393, 38.3169259996998], [-122.92095200031959, 38.316836000072016], [-122.92095899999231, 38.31680500027617], [-122.92095200031959, 38.31667799986007], [-122.9209239998322, 38.316395000069576], [-122.92088899967209, 38.31629999980264], [-122.92074899993, 38.31605599979297], [-122.92060300034015, 38.31581799982439], [-122.92045699985195, 38.31561499998014], [-122.91964099989225, 38.31465000023961], [-122.91938999982212, 38.314510000291534], [-122.91913200007924, 38.31437500018623], [-122.91880499984109, 38.31423499970715], [-122.918777000252, 38.314208000167675], [-122.91793299980492, 38.31375199992662], [-122.91779999973552, 38.31370699991893], [-122.9173400003263, 38.313588999875805], [-122.91688699969146, 38.313395000319424], [-122.91680300002587, 38.31333199970879], [-122.91675500034529, 38.31331400002772], [-122.91672000018518, 38.313281999957155], [-122.9166010003595, 38.31320999974671], [-122.91649699970411, 38.313030000317625], [-122.91648300035871, 38.31293499987099], [-122.91648300035871, 38.31280899991022], [-122.9165310000393, 38.31266899993193], [-122.9166010003595, 38.31252999987236], [-122.91672000018518, 38.312354000226065], [-122.91706199959364, 38.31208400019473], [-122.91720100040911, 38.31200699992842], [-122.91721700030266, 38.311992999999404], [-122.91745199958096, 38.31190800017081], [-122.91752199990115, 38.3118590003405], [-122.91768299955967, 38.311674000078305], [-122.91772500029074, 38.311562000056], [-122.91774500038225, 38.31144500025078], [-122.91776600029864, 38.31109300019852], [-122.91787799955334, 38.310479999995984], [-122.91789900036805, 38.31042600022538], [-122.91794100020084, 38.310368000244274], [-122.91802400004151, 38.31027299983471], [-122.91812899962349, 38.31019699998137], [-122.91824099977647, 38.31013400011673], [-122.91847799960294, 38.310043999812464], [-122.91876399983319, 38.309948999683364], [-122.91905699973617, 38.3098369998165], [-122.92004699977313, 38.309363999855705], [-122.92063299957904, 38.30905399966688], [-122.92071600031805, 38.30903099985244], [-122.92081400022734, 38.30895500010738], [-122.92151200018624, 38.30856799989177], [-122.92158800035425, 38.30855400000376], [-122.92170700017991, 38.308549999733145], [-122.92223699990934, 38.308564000326825], [-122.92230600040463, 38.30858199977713], [-122.92238300039752, 38.308613000268856], [-122.92251499974368, 38.30868999990939], [-122.92270399988956, 38.30884300011521], [-122.92287100029415, 38.30902799984547], [-122.92293400004334, 38.309194999810174], [-122.92299599996761, 38.30957399977646], [-122.92304500037143, 38.30979899967131], [-122.92327499962687, 38.310371000195815], [-122.92333099970337, 38.31056099992886], [-122.92355400018447, 38.31107000032589], [-122.92374199960712, 38.31143100021326], [-122.92380500025462, 38.31151599989607], [-122.9245860000542, 38.31222900015378], [-122.92480199996429, 38.31238199994206], [-122.92484600034521, 38.312392999928214], [-122.9248870003531, 38.31240900016144], [-122.9249879997371, 38.312480999757454], [-122.92510400008806, 38.31253600030132], [-122.9253889995951, 38.31264599985423], [-122.92546800013614, 38.31267999987454], [-122.92563600036564, 38.31273599974881], [-122.92590199960608, 38.31278199983977], [-122.92603700022362, 38.31278899972844], [-122.92621799997357, 38.31278199983977], [-122.9263040001873, 38.312758999797914], [-122.92652400029534, 38.3127200002926], [-122.92666099966438, 38.31270999983775], [-122.92675299972588, 38.312708000169486], [-122.9267970001068, 38.31271600025182], [-122.92688699962018, 38.31272300014685], [-122.92693900039703, 38.31273100022752], [-122.92719600031499, 38.312772000098285], [-122.92728500000345, 38.31278199983977], [-122.92746199955546, 38.31281000009533], [-122.927597000173, 38.312822000201564], [-122.92781999975576, 38.31283499978578], [-122.92809199974229, 38.31283499978578], [-122.92841099958453, 38.312803999689045], [-122.92867300042366, 38.312751999906354], [-122.92875700008923, 38.312730000041256], [-122.92880300012003, 38.31272499981469], [-122.92910000022093, 38.312641999809365], [-122.92918700025959, 38.312622999769296], [-122.92931100010813, 38.31258199981429], [-122.92934999956789, 38.312562999758484], [-122.9295560003305, 38.31249199972858], [-122.92982400011911, 38.31236200034745], [-122.92993500044719, 38.31229900024902], [-122.93001099971686, 38.3122609999842], [-122.93013000044087, 38.31221100019892], [-122.93021199955832, 38.31218299971208], [-122.93025000009148, 38.31216199986847], [-122.930450000108, 38.31208199980434], [-122.93079900008746, 38.31192300031365], [-122.93091899973805, 38.31187499998661], [-122.93104199976172, 38.311834000313574], [-122.93113200017339, 38.311820000351155], [-122.93145000019072, 38.31179400011162], [-122.93163099994067, 38.31179599980508], [-122.9316750003216, 38.311799999896614], [-122.9318100000408, 38.311802999788924], [-122.93222099994455, 38.31178499972833], [-122.93231200018116, 38.31177499984941], [-122.93244000022767, 38.311741000109656], [-122.93252100041852, 38.31170900004983], [-122.93259300038855, 38.31166599988107], [-122.9326600003357, 38.31161900029035], [-122.93290499965978, 38.31146200019201], [-122.93321400035457, 38.31125600022089], [-122.93362000023544, 38.31097500013104], [-122.93390100044283, 38.310746999719576], [-122.93396800038998, 38.31069900002391], [-122.9340620001013, 38.31062299991212], [-122.93429800010286, 38.310410000259516], [-122.93450200031737, 38.31017300030794], [-122.93479500022033, 38.309810000049254], [-122.93490400000027, 38.30969499998839], [-122.9350250003741, 38.30964499984373], [-122.93510900003967, 38.30961600025153], [-122.93519799972813, 38.309601999860924], [-122.93528999978963, 38.309600000106975], [-122.93538100002625, 38.309604999844154], [-122.9354260002321, 38.309613999793115], [-122.93555000008065, 38.30966099997836], [-122.93574300042448, 38.30975299980284], [-122.93586200025018, 38.30983800004261], [-122.93593800041816, 38.30989299977155], [-122.93597199985503, 38.309917000242535], [-122.93629800026827, 38.3101150001245], [-122.93640000037551, 38.31018599966213], [-122.93659100017123, 38.31033699979782], [-122.93664600042284, 38.31039300007168], [-122.93669599975321, 38.310452999763235], [-122.93672000004265, 38.31052000021777], [-122.93673699976111, 38.31055300031374], [-122.93676799972324, 38.31065499974628], [-122.93680799990622, 38.31082600033902], [-122.93681600030214, 38.31090200023807], [-122.93681999960178, 38.3110029996746], [-122.93681600030214, 38.31117899978029], [-122.93679899968538, 38.3112120002812], [-122.93678899963965, 38.31124600026897], [-122.93678699998982, 38.31128199994838], [-122.9367660000734, 38.311349000341906], [-122.93675400037785, 38.311417999672486], [-122.93672699971535, 38.31152100020601], [-122.93670400014913, 38.31158899987586], [-122.9366530000955, 38.311686999868314], [-122.93655400036131, 38.3118470000749], [-122.9364260003148, 38.311991999802956], [-122.93636600004035, 38.31204299993493], [-122.93634400029903, 38.31207399965213], [-122.93627700035186, 38.312123000042085], [-122.93624899986447, 38.31214999965302], [-122.9362160002525, 38.31217400008193], [-122.93614400028247, 38.31221699994941], [-122.93606399991654, 38.31225199965887], [-122.93593800041816, 38.31228899973606], [-122.93553699966186, 38.31236200034745], [-122.93531699955382, 38.31241000035213], [-122.93487200021322, 38.31249100024388], [-122.93473999996876, 38.31251899990699], [-122.93456800043961, 38.312566000324104], [-122.93448700024874, 38.31259800000581], [-122.93429800010286, 38.31269899989969], [-122.93410399993411, 38.312846999887874], [-122.93404500038287, 38.31290099997023], [-122.93399000013127, 38.31295900004009], [-122.93394400010054, 38.31301899972324], [-122.93384299981818, 38.31313699998905], [-122.93382699992466, 38.31317000030376], [-122.93379099993966, 38.313307999663124], [-122.9337859999168, 38.313378000126484], [-122.9337879995666, 38.313484999989264], [-122.93379500013761, 38.31354200012176], [-122.93380099998542, 38.31359000005023], [-122.93383199994756, 38.31365699972101], [-122.93387799997826, 38.31371799970408], [-122.93401299969749, 38.31386000011303], [-122.93410599958392, 38.31393799999098], [-122.93418099992701, 38.31397799971511], [-122.93426200011785, 38.31401199981573], [-122.9343929996391, 38.31404300010085], [-122.9345259997085, 38.31406699990324], [-122.93461799977001, 38.31406699990324], [-122.93470800018167, 38.31405799980206], [-122.93479600004524, 38.314037999964825], [-122.93496799957438, 38.31398799999514], [-122.93505999963588, 38.31395200024935], [-122.93509300014617, 38.3139279997041], [-122.93527399989611, 38.31382199996136], [-122.93535099988901, 38.31378399978978], [-122.93585499967918, 38.31361400000255], [-122.93607099958925, 38.31355800010146], [-122.93628999987234, 38.31350700033011], [-122.93650699960733, 38.3134479998174], [-122.93684899991409, 38.31334499990638], [-122.9369250000821, 38.31330700018968], [-122.93712599992354, 38.31322400014564], [-122.93732000009228, 38.313132999971224], [-122.93752799960643, 38.31299699993915], [-122.93759299990376, 38.31294599977324], [-122.9376370002847, 38.31288600002974], [-122.93766999989666, 38.31281999983158], [-122.9376869996151, 38.31275099972038], [-122.93768300031545, 38.31267999987454], [-122.93766499987379, 38.31264700004165], [-122.93762800006385, 38.31260399972428], [-122.93758899970581, 38.31255800022527], [-122.93753000015457, 38.31250399988743], [-122.93750599986511, 38.31247399983901], [-122.9374680002303, 38.31241000035213], [-122.9374480001388, 38.31233999965916], [-122.93743600044324, 38.31223499990278], [-122.93744300011595, 38.3121640002566], [-122.93745399998659, 38.31212999999436], [-122.93747599972788, 38.31209900030117], [-122.93750400021533, 38.312070999771024], [-122.9376099996222, 38.31200400004455], [-122.93793100001257, 38.31187099989922], [-122.93801399985325, 38.311842999985906], [-122.93813299967893, 38.311790000019755], [-122.93820399982404, 38.31174500020428], [-122.93832600002278, 38.3116400002912], [-122.93864700041311, 38.311386000175006], [-122.9387150001852, 38.3113380001974], [-122.93929099994537, 38.31099099997225], [-122.93944599975607, 38.31091500016647], [-122.93953199996982, 38.310889999814115], [-122.93970900042014, 38.31084800007686], [-122.9397980001086, 38.31083500013645], [-122.9400249998893, 38.310820999981175], [-122.94011399957778, 38.31083600034886], [-122.94024400017241, 38.31086999980802], [-122.94032799983803, 38.310899000308495], [-122.94044599983877, 38.31095200022099], [-122.94085400026778, 38.311174999654504], [-122.94099599965969, 38.31126200005039], [-122.9411429999728, 38.311345000225444], [-122.9413060001794, 38.311410999651486], [-122.94137899997432, 38.31145299976756], [-122.94156999977007, 38.31154800004107], [-122.94169000031894, 38.31160100018408], [-122.94197700037412, 38.31171600004207], [-122.94222699972106, 38.31180500018701], [-122.94242799956255, 38.31189100033413], [-122.94255300013432, 38.31193600005902], [-122.94275300015086, 38.31202499993392], [-122.94286299975572, 38.312087000075294], [-122.94300500004593, 38.31217699995878], [-122.94341900032273, 38.31245599994497], [-122.94360099989758, 38.312562999758484], [-122.94372399992123, 38.31261100033499], [-122.94380900031005, 38.312637000281555], [-122.9438970001736, 38.31265699980038], [-122.94398800041019, 38.31267100030608], [-122.94403400044096, 38.31267400016236], [-122.94417199963489, 38.312670000118985], [-122.9443459997122, 38.3126250001447], [-122.94442699990304, 38.312589999910465], [-122.94446200006313, 38.312567999996276], [-122.94452599963724, 38.31251700023352], [-122.94456199962224, 38.312495000297126], [-122.94466100025477, 38.31242100033402], [-122.94469100039198, 38.31239400011912], [-122.94476400018694, 38.31230399980009], [-122.9448260001112, 38.312208999812086], [-122.94506999961035, 38.31177300015537], [-122.94508300002914, 38.31175200019304], [-122.94518699978623, 38.311594000180754], [-122.94528499969552, 38.311473000317754], [-122.94531499983276, 38.311445999749886], [-122.94550999982641, 38.31135100004759], [-122.94575199967574, 38.31124699977082], [-122.94588300009534, 38.31121299978353], [-122.94597299960868, 38.31120100011592], [-122.9461569997317, 38.311189999948915], [-122.94657000018358, 38.31119999990855], [-122.9467540003066, 38.31120899965957], [-122.94693699970638, 38.31122599965617], [-122.94702799994296, 38.311238000024524], [-122.94743200017402, 38.31130799966661], [-122.9478749998648, 38.31140400033463], [-122.9479660001014, 38.31142499969286], [-122.94812400028515, 38.31146200019201], [-122.94834100002012, 38.31152000000306], [-122.94876699999249, 38.31165700018677], [-122.94934299975263, 38.31188000027184], [-122.94950400030946, 38.31194899980206], [-122.94961800011227, 38.312009999812176], [-122.94972199986934, 38.31208000011882], [-122.94991400038828, 38.31223399970973], [-122.95021599961375, 38.31250100002413], [-122.95028299956091, 38.312551999798124], [-122.95047799955458, 38.31270100027301], [-122.95054899969968, 38.31274699968126], [-122.95080700034087, 38.312895000276335], [-122.95145400024616, 38.31316699976318], [-122.95170899961596, 38.31324999987241], [-122.95188400041646, 38.31329399998522], [-122.95206500016641, 38.313319999686954], [-122.95233999962772, 38.31334099990007], [-122.95325799969466, 38.31338700031206], [-122.95357800026012, 38.31341800015951], [-122.95416900008891, 38.31349500033724], [-122.95430700018116, 38.31350399980344], [-122.95449299995401, 38.313507999800805], [-122.95527600030175, 38.31353400013061], [-122.95536699964002, 38.31354600011703], [-122.95545600022679, 38.3135639997405], [-122.95576099982532, 38.31364700010018], [-122.95601500026854, 38.31373200000493], [-122.95630300014862, 38.31384400019996], [-122.95658099998298, 38.313969999772056], [-122.95677599997666, 38.31406400010459], [-122.9570759995523, 38.314230000289214], [-122.95768999984561, 38.31454500030386], [-122.95772199963267, 38.31456200022326], [-122.9580680001374, 38.31474899977798], [-122.95852800044494, 38.31500400025183], [-122.95877699996696, 38.31516199988261], [-122.95898100018147, 38.315305999879705], [-122.95911300042593, 38.31540600008142], [-122.95923300007654, 38.31551399991881], [-122.95935199990224, 38.31565699977578], [-122.95950500006309, 38.315735999980035], [-122.95993100003545, 38.31592900017939], [-122.96002999976965, 38.315946999916164], [-122.96017500043293, 38.31598699994172], [-122.96036100020575, 38.31605300007656], [-122.96066099978141, 38.31620299983934], [-122.96088099988945, 38.3163240002676], [-122.96111699989099, 38.31645400029884], [-122.96129000014335, 38.31653999986612], [-122.9614270004107, 38.31659000019049], [-122.96161599965829, 38.31665099982065], [-122.96195299994216, 38.31674699975857], [-122.96245199970946, 38.316849000346224], [-122.96259200034986, 38.31686900011295], [-122.96289699994836, 38.31691200001564], [-122.9633070000272, 38.316958999699764], [-122.96382199968801, 38.31699999999923], [-122.96388699998535, 38.31700600005826], [-122.96443599998135, 38.31706499979038], [-122.96448899968479, 38.3170659999168], [-122.96485299973284, 38.317039000021865], [-122.96492100040325, 38.3170319998386], [-122.96516599972732, 38.31711800012996], [-122.96604899963414, 38.31698099969141], [-122.9661239999772, 38.31696999969642], [-122.96696300040145, 38.31642100006902], [-122.96731499985563, 38.31598800008301], [-122.96734599981777, 38.315220000258485], [-122.96734699964269, 38.31489199973402], [-122.96734900019082, 38.31436899990944], [-122.96749999980354, 38.31367500002179], [-122.96750599965132, 38.31364700010018], [-122.96835599994623, 38.3127200002926], [-122.96840500035003, 38.31249599978177], [-122.96854400026719, 38.31187099989922], [-122.9686160002372, 38.31171899993785], [-122.96883200014729, 38.31125799992913], [-122.96904899988226, 38.31079800002223], [-122.96939500038697, 38.31056399987243], [-122.96942499962589, 38.31054300026488], [-122.96974199981831, 38.310329999672476], [-122.97004200029228, 38.31012800019392], [-122.9706270002733, 38.30991799976271], [-122.97093400041994, 38.30993399983706], [-122.97100499966675, 38.30993800003134], [-122.97107699963678, 38.30994200022541], [-122.97159800004366, 38.310179000227045], [-122.97212000027551, 38.31041600015901], [-122.97226599986536, 38.310481999725624], [-122.97349500027693, 38.31121399999072], [-122.97432499958198, 38.311511999788834], [-122.97486799973021, 38.31147099991056], [-122.97604500026324, 38.31117999998794], [-122.97623799970876, 38.3111370002104], [-122.97645299979392, 38.311087999859076], [-122.97666899970399, 38.31103999968423], [-122.97716199962348, 38.3109290003036], [-122.9781140000256, 38.31090399995613], [-122.9788029997637, 38.3109620002134], [-122.98017299974225, 38.31108000030208], [-122.98160700019325, 38.311134999793936], [-122.9825899996592, 38.31095699986492], [-122.98316299994462, 38.310407999823], [-122.98354999955892, 38.309560000082584], [-122.98357800004634, 38.30949999965223], [-122.9836049998105, 38.30943999987707], [-122.98362300025218, 38.30940099999664], [-122.98367699978053, 38.3092069998097], [-122.98377600041304, 38.30885200015879], [-122.98413399971501, 38.30822300030279], [-122.9847379999626, 38.30794799984317], [-122.9853220001187, 38.30797200025288], [-122.98686799982434, 38.30809999995439], [-122.98770800007351, 38.30811500017997], [-122.98828100035895, 38.307760000118236], [-122.9889769997697, 38.307226999808655], [-122.98947899991006, 38.306919999743826], [-122.99006899991394, 38.30640799971156], [-122.99020500035638, 38.30629100005049], [-122.99049599971119, 38.305981000120404], [-122.99061399971195, 38.30585500006115], [-122.99111599985231, 38.30557999978712], [-122.9916289998633, 38.30553099991083], [-122.99193600000996, 38.30574099965112], [-122.99227499994366, 38.306014999740796], [-122.99312500023854, 38.3064410002687], [-122.9939959995515, 38.30643999999568], [-122.99475299995997, 38.30618999969126], [-122.99495799999939, 38.306012000314006], [-122.99512100020597, 38.30573199992649], [-122.99513200007664, 38.305713000190856], [-122.99510699996229, 38.3056299999145], [-122.99504000001512, 38.305406000062085], [-122.99499200033456, 38.305247000033475], [-122.9949720002431, 38.30518200022285], [-122.99490600012082, 38.304964000042396], [-122.99421599965954, 38.30408999991235], [-122.9941360001919, 38.30398900001299], [-122.99410900042771, 38.30345299995254], [-122.99410500022977, 38.30332000033955], [-122.99403200043484, 38.30255400024438], [-122.99358399982286, 38.30106099991329], [-122.99357999962488, 38.3010460003438], [-122.99357899979996, 38.30007899988764], [-122.99388599994667, 38.299678000061576], [-122.99411100007755, 38.29938500002145], [-122.99483800034879, 38.299045000224], [-122.99625099998502, 38.29885900003376], [-122.99721300043292, 38.29883300008289], [-122.99773499976642, 38.298720000296626], [-122.99870800008495, 38.29841300018214], [-123.00015800042945, 38.29783199982471], [-123.00034800040025, 38.297754000250045], [-123.00091999996248, 38.29752399978682], [-123.00111099975815, 38.29744700027808], [-123.00120199999476, 38.29739000018621], [-123.00139500033862, 38.29727199968061], [-123.00149200042299, 38.297211999660604], [-123.00158799978415, 38.29715500008914], [-123.00174299959482, 38.296774999686725], [-123.00176299968632, 38.296729000018736], [-123.00176900043243, 38.29645599981042], [-123.00177000025732, 38.29642899999741], [-123.00187300018949, 38.296287999714046], [-123.00205999978725, 38.296034999833616], [-123.00241100031485, 38.29586299990722], [-123.00272799960892, 38.2957099998186], [-123.00278700005848, 38.2957099998186], [-123.00323999979501, 38.2957040001127], [-123.0046049997507, 38.29568999985689], [-123.00506099986028, 38.295686000286906], [-123.00665500014485, 38.29566799975166], [-123.01143899974998, 38.29561799980814], [-123.01303399985943, 38.29560200010093], [-123.01878800030836, 38.29559900024358], [-123.03605099968345, 38.295592000105906], [-123.04180599995732, 38.295589999965756], [-123.04455400031034, 38.295589000248135], [-123.04730199976507, 38.295587999825486], [-123.04739399982657, 38.295587999825486], [-123.04748599988808, 38.295587999825486], [-123.05387899984639, 38.29558499996755], [-123.0586669996495, 38.295582999827154], [-123.06170200005769, 38.29558099968675], [-123.06532499992164, 38.29557900025127], [-123.08680100006292, 38.29557200011167], [-123.10925299999742, 38.29556200011251], [-123.12611500041284, 38.29555599968929], [-123.1277959998377, 38.29569699998516], [-123.13284099955875, 38.296121000348926], [-123.13452299970685, 38.29626299996018], [-123.12611600023773, 38.28728600026094], [-123.12611500041284, 38.28728399989185], [-123.12377399976559, 38.285786999711554], [-123.12346699961891, 38.284309000092485], [-123.11959100003497, 38.27710299986951], [-123.1109689995824, 38.26726299977991], [-123.10344099982215, 38.262321999690705], [-123.10096299980587, 38.26135800017729], [-123.0886299996258, 38.24991800020663], [-123.05196300024488, 38.215854999789094], [-123.04961699957477, 38.214285999677955], [-123.04892100016397, 38.211465999925046], [-123.04582499965638, 38.20492600008737], [-123.04039300032103, 38.19836200009352], [-123.03894299997654, 38.19752800011467], [-123.0378969998631, 38.192491000079144], [-123.03480299990366, 38.18601800034609], [-123.03291700043935, 38.182967999827184], [-123.03133599967528, 38.181461999813635], [-123.03153099966895, 38.17810000023994], [-123.03048299990566, 38.17245799995637], [-123.027210999671, 38.16416999970954], [-123.02305999972744, 38.158172000235794], [-123.01972700029171, 38.15418599995013], [-123.01481700028985, 38.14913200032965], [-123.02369900013511, 38.12492299993406], [-123.06379699975935, 38.036487000177566], [-123.06725399994197, 38.034018999973824], [-123.07470100040965, 38.027198999960056], [-123.08119999977485, 38.01897100029292], [-123.08294700022027, 38.015332999854984], [-123.08512999978548, 38.008432999682825], [-123.08566100023813, 37.99992800007175], [-123.08526500040301, 37.9967110000242], [-123.08510200019637, 37.99538500026786], [-123.08460699972873, 37.98808799984914], [-123.0844429996972, 37.98702699980199], [-123.08395099960264, 37.98382399969287], [-123.08388000035583, 37.98336600020226], [-123.08188100001533, 37.978706999729674], [-123.07938999958024, 37.971936999827236], [-123.07418800039869, 37.96488699990169], [-123.06796500031967, 37.95866899973872], [-123.05902800022282, 37.95284100019956], [-123.05220900029217, 37.94916200010405], [-123.05008399955499, 37.94801600022485], [-123.04112100041719, 37.945465000017194], [-123.0304200001565, 37.94330699970848], [-123.02250700043179, 37.942064999832425], [-123.01022600013023, 37.941337000160146], [-123.00110900010836, 37.941357999972396], [-122.99312699988836, 37.94109099968582], [-122.98473499958956, 37.94053599970368], [-122.97642799967956, 37.94014899979401], [-122.968073000089, 37.940266999995195], [-122.95958799990377, 37.94061900020242], [-122.95322400025779, 37.94109300034963], [-122.94591599970728, 37.942670000263185], [-122.93796899964738, 37.94444300003861], [-122.9319270002167, 37.94667200006786], [-122.92620700010295, 37.95062600031457], [-122.91916999971409, 37.95483500008625], [-122.91339699989688, 37.9597650002606], [-122.91252700040882, 37.96078400009431], [-122.90923599990758, 37.96464399969993], [-122.90548900019508, 37.970574000325755], [-122.90228399990752, 37.97738600016847], [-122.89742099976135, 37.97574700008803], [-122.89276400037782, 37.974686000044805], [-122.88929100030168, 37.974109000113216], [-122.88255500021168, 37.96887600032747], [-122.87905700002122, 37.966578000194765], [-122.87610399962877, 37.9663419998407], [-122.87518599956181, 37.9647879997592], [-122.87272199978923, 37.96248000017336], [-122.86866200008225, 37.95948800017973], [-122.86513299992963, 37.957880999748916], [-122.86395799994474, 37.95723400016814], [-122.86250299957736, 37.95526900002394], [-122.85958400041844, 37.95225000032524], [-122.85722199985479, 37.949913000090845], [-122.85708100028778, 37.94977400026855], [-122.85457399995917, 37.9476339998348], [-122.8504599998255, 37.94558500001652], [-122.84945300007011, 37.941803000183576], [-122.84786200015863, 37.93747799965805], [-122.84607999955311, 37.931600999824894], [-122.8442769999295, 37.927342000137386], [-122.84213399964895, 37.923317000339864], [-122.83889599974945, 37.91891400016504], [-122.83322599986442, 37.913414999920285], [-122.82980399984191, 37.910325000168726], [-122.82537099986607, 37.90709300035306], [-122.8187920001349, 37.903238999989256], [-122.81413400002815, 37.901083999716356], [-122.80748999999966, 37.89911700001209], [-122.80638899963463, 37.89880300005897], [-122.8003399996329, 37.897077999854176], [-122.79310499977566, 37.895004999938564], [-122.78902699962703, 37.893763000094914], [-122.78822099971308, 37.89102700030648], [-122.78703700040568, 37.88811999980766], [-122.78639100032531, 37.88694700010445], [-122.78547200043344, 37.8852769997712], [-122.78491400021659, 37.88441000009903], [-122.78228999971213, 37.88033499993685], [-122.77991399980307, 37.8771640001801], [-122.7791410003994, 37.8761320003153], [-122.77801900011798, 37.874927999808456], [-122.77370599979272, 37.87084699986065], [-122.7667710004094, 37.86580399984366], [-122.76019199977995, 37.861858999795295], [-122.75789500041193, 37.860482000030885], [-122.75246599965301, 37.85769899997039], [-122.75109800022257, 37.85734800021335], [-122.74143700022755, 37.85541400012518], [-122.7402580000447, 37.85517400005852], [-122.73066599964666, 37.850059999963605], [-122.72431100022149, 37.847679999932204], [-122.71584500030288, 37.84562500024986], [-122.70467899971175, 37.84429599981145], [-122.69700000033879, 37.84472499972843], [-122.6919870004048, 37.84500600026266], [-122.67801800010736, 37.84789100001351], [-122.67565399989387, 37.84851699968715], [-122.67530499991442, 37.84822899995118], [-122.66788000008634, 37.84210199977621], [-122.66742499980168, 37.84172600003686], [-122.65560999965545, 37.83582100032252], [-122.64316299967254, 37.830450999849525], [-122.64168499973897, 37.8300850002834], [-122.63247200035592, 37.82780700004626], [-122.6323860001422, 37.82770400016041], [-122.6295830004359, 37.82436699967914], [-122.62610500033688, 37.82159700029125], [-122.62609199991809, 37.82159300027179], [-122.62609100009317, 37.821638000300894], [-122.61228500000237, 37.815224000352075], [-122.58458800033027, 37.815228000007], [-122.55088600013907, 37.81532799982623], [-122.54638600021606, 37.815228000007], [-122.53623200030151, 37.81530299988413], [-122.53408800019606, 37.81534700028752], [-122.53009999956083, 37.815430000041594], [-122.5299089997651, 37.815399999867665], [-122.52970799992367, 37.81514699985541], [-122.52920800033145, 37.81527099983234], [-122.52893299997184, 37.81549300008334], [-122.52884099991034, 37.81547199983888], [-122.52855300003024, 37.81537400003821], [-122.52802499995065, 37.81510200012708], [-122.5277389997204, 37.81513999974177], [-122.52774799994121, 37.81548199965189], [-122.52782499993411, 37.8157039999781], [-122.52840599971715, 37.81612600008729], [-122.52849299975578, 37.81644200023423], [-122.52889199996397, 37.816923000347316], [-122.52857599959646, 37.81727500008322], [-122.52858599964222, 37.81764000014351], [-122.52894600039063, 37.81818300025711], [-122.5289720003299, 37.81845400030029], [-122.52931399973835, 37.81867700007141], [-122.5293589999442, 37.81900899987326], [-122.52930600024077, 37.81916100010497], [-122.52907100006409, 37.81965200019947], [-122.528851999781, 37.82010800024099], [-122.52830000031025, 37.8205380001644], [-122.52776499965965, 37.820782000185176], [-122.52715700011242, 37.82095899976818], [-122.52666199964479, 37.820882000286424], [-122.52624999991613, 37.820978000199354], [-122.526182999969, 37.82114399972457], [-122.52581399989805, 37.821052999911416], [-122.52553100004084, 37.82111900033295], [-122.52558799994223, 37.82188799988411], [-122.52532699982632, 37.822512999749755], [-122.52486800024202, 37.82241599988819], [-122.52439500041399, 37.82249200008312], [-122.52415699986429, 37.822645000051466], [-122.5241779997807, 37.82280099984565], [-122.52451400023968, 37.8229719999918], [-122.5246139997988, 37.82335600008362], [-122.52437399959928, 37.823653999853484], [-122.5238239997784, 37.82403599964637], [-122.52382700015143, 37.82455300010504], [-122.52356900040856, 37.82466099977098], [-122.52285999968069, 37.82492900009895], [-122.52069700020695, 37.825278999707834], [-122.519783000338, 37.82512199969529], [-122.51916700039484, 37.82504999991227], [-122.51848899962908, 37.82529000009845], [-122.51767799969227, 37.82519899972059], [-122.51720599968918, 37.8249810001134], [-122.51717599955194, 37.824820000331854], [-122.51687599997628, 37.8246720002537], [-122.51671100011983, 37.82477400032976], [-122.51592600012229, 37.82530000000056], [-122.51507199962944, 37.825243999679735], [-122.5129400001179, 37.82474999982368], [-122.51244200017551, 37.824520000017884], [-122.51218699990739, 37.82456699996552], [-122.5117790003767, 37.824702999992596], [-122.51128800010703, 37.824702999992596], [-122.50586000007132, 37.82306499989245], [-122.50556499962022, 37.8228360003228], [-122.5056330002906, 37.82227400028529], [-122.50488400027807, 37.821806999944386], [-122.5048240000036, 37.82131000029574], [-122.50447500002414, 37.82103299966447], [-122.50338299987993, 37.821128000256834], [-122.50312299958894, 37.82092200014705], [-122.5028670003942, 37.82090199986462], [-122.50193900028151, 37.82152400007925], [-122.50165300005125, 37.821494000253125], [-122.50167899999052, 37.821227999889246], [-122.50176699985408, 37.82115000014501], [-122.50176699985408, 37.82089799980749], [-122.50139199993534, 37.820623000149816], [-122.50135900032339, 37.8204350000677], [-122.50070800022013, 37.81985099992912], [-122.49909600039226, 37.81988300012439], [-122.49914300024791, 37.82025899978327], [-122.4996770001753, 37.820601999945445], [-122.49979400035117, 37.820861000155794], [-122.49987899984166, 37.82158600005979], [-122.49962000027386, 37.82188399988038], [-122.4988119998118, 37.8222270002966], [-122.4964180003594, 37.82231999971685], [-122.49618599965748, 37.82206799982604], [-122.49584000005109, 37.82213700021957], [-122.49533299988789, 37.822588000030784], [-122.49500599964975, 37.822793999748264], [-122.49477300002123, 37.82325899991086], [-122.4943689997902, 37.823603000123434], [-122.49356100022642, 37.82394700015179], [-122.49318600030769, 37.824656999917586], [-122.49242499970129, 37.82490000002041], [-122.4921159999048, 37.825078999931854], [-122.49208300029285, 37.825328000145014], [-122.49159899969584, 37.82571100026917], [-122.49122499960204, 37.82660299985186], [-122.4898980001795, 37.82690199974756], [-122.48854200044464, 37.826764999758254], [-122.48725399958354, 37.826460999790285], [-122.48620300034553, 37.82624199988926], [-122.48506400034564, 37.8264459998178], [-122.48483099981881, 37.826664000064184], [-122.48455899983225, 37.82688099991071], [-122.4841539997763, 37.82681199969518], [-122.48346099984026, 37.82649200019683], [-122.48322999986159, 37.82628600015806], [-122.48325900017389, 37.82564499969663], [-122.48251099998625, 37.82568600029577], [-122.48181600040039, 37.826057999706535], [-122.48099399969462, 37.82596899981217], [-122.48075799969307, 37.825876000023094], [-122.47967999979257, 37.82543999990712], [-122.47957000018769, 37.82543600009595], [-122.47943799994322, 37.82543200028456], [-122.47920799978944, 37.82542699998782], [-122.4790939999866, 37.825423999951504], [-122.47893199960491, 37.825418999654275], [-122.47881500032736, 37.8254179998786], [-122.47873800033447, 37.82538999976824], [-122.47843899968542, 37.825280000194965], [-122.47809200025411, 37.82534899971423], [-122.47809399990393, 37.825578999774635], [-122.47835300037, 37.825762999732596], [-122.47835300037, 37.82651900012824], [-122.47855500003638, 37.8273640003225], [-122.47858099997565, 37.82850299975055], [-122.47855199966334, 37.82854100027126], [-122.47844000040867, 37.82882799981887], [-122.47846999964756, 37.82921799971416], [-122.4785919998463, 37.82936399974507], [-122.47869999980134, 37.82949299998393], [-122.47861399958762, 37.82996299978804], [-122.47844200005845, 37.8309119997883], [-122.47832900008058, 37.83102599969833], [-122.47812499986607, 37.83123299968215], [-122.47786499957508, 37.83130100032476], [-122.4772889998149, 37.83105000029175], [-122.47703000024711, 37.83114900026256], [-122.47708600032362, 37.83132500011921], [-122.47740299961772, 37.83166900033608], [-122.47733700039377, 37.831943000297606], [-122.47728799998998, 37.83214799975876], [-122.47744100015086, 37.83221400019087], [-122.47760600000728, 37.832286000078945], [-122.47809599955377, 37.832744999842014], [-122.47801000023831, 37.83304099995545], [-122.47780799967364, 37.833224000083405], [-122.47711599956254, 37.83345300005394], [-122.47613399992147, 37.833637000243286], [-122.4744889995833, 37.833637000243286], [-122.47431600022927, 37.833523000110624], [-122.47417099956598, 37.83265299975667], [-122.47393999958732, 37.832194999814504], [-122.47361900009525, 37.831928999707934], [-122.47330500027593, 37.831852000319685], [-122.47289699984692, 37.83188599965403], [-122.47282999989976, 37.83189199991058]]]}}]}