{"type":"FeatureCollection","features":[{"type":"Feature","properties":{"name":"Alamo Square"},"geometry":{"type":"MultiPolygon","coordinates":[[[[-122.43176,37.77863],[-122.43101,37.7749],[-122.43761,37.77406],[-122.43837,37.77779],[-122.43176,37.77863]]]]}},{"type":"Feature","properties":{"name":"Anza Vista"},"geometry":{"type":"MultiPolygon","coordinates":[[[[-122.44583,37.78251],[-122.44571,37.78252],[-122.44279,37.78289],[-122.43948,37.78331],[-122.43874,37.77966],[-122.44096,37.77936],[-122.44112,37.77937],[-122.44205,37.77924],[-122.44704,37.77862],[-122.44735,37.78015],[-122.44752,37.78107],[-122.44747,37.78116],[-122.44754,37.78151],[-122.44731,37.78218],[-122.4473,37.78239],[-122.44728,37.78244],[-122.44583,37.78251]]]]}},{"type":"Feature","properties":{"name":"Apparel City"},"geometry":{"type":"MultiPolygon","coordinates":[[[[-122.40524,37.74305],[-122.39971,37.73992],[-122.39977,37.73984],[-122.39988,37.73973],[-122.39992,37.73968],[-122.40007,37.73951],[-122.40025,37.73932],[-122.40033,37.73923],[-122.40051,37.73903],[-122.40071,37.73881],[-122.40081,37.7387],[-122.40095,37.73854],[-122.40104,37.73846],[-122.40124,37.73829],[-122.40151,37.73805],[-122.40166,37.73793],[-122.40182,37.7378],[-122.4021,37.73757],[-122.40221,37.73749],[-122.4023,37.73741],[-122.40242,37.73732],[-122.40269,37.73714],[-122.40284,37.73705],[-122.40295,37.73698],[-122.40319,37.73683],[-122.40371,37.73651],[-122.40384,37.73645],[-122.40414,37.73629],[-122.40439,37.73616],[-122.40498,37.7359],[-122.4051,37.73585],[-122.40518,37.73582],[-122.4054,37.73574],[-122.40559,37.73567],[-122.40586,37.73557],[-122.40611,37.7355],[-122.40631,37.73544],[-122.40639,37.73542],[-122.40645,37.73551],[-122.40647,37.73555],[-122.40662,37.7359],[-122.40667,37.73615],[-122.4067,37.73631],[-122.40691,37.73797],[-122.4071,37.73797],[-122.40786,37.73775],[-122.40787,37.73784],[-122.4079,37.738],[-122.40793,37.73827],[-122.40797,37.73862],[-122.40799,37.73921],[-122.40795,37.73944],[-122.40789,37.73975],[-122.40787,37.73993],[-122.40784,37.74014],[-122.40775,37.74058],[-122.40758,37.74103],[-122.40746,37.74141],[-122.40727,37.74174],[-122.40701,37.74216],[-122.40675,37.74251],[-122.40626,37.74307],[-122.40596,37.74345],[-122.40538,37.7432],[-122.40524,37.74305]]]]}},{"type":"Feature","properties":{"name":"Aquatic Park / Ft. Mason"},"geometry":{"type":"MultiPolygon","coordinates":[[[[-122.42511,37.80415],[-122.43168,37.80327],[-122.43187,37.80424],[-122.43205,37.80512],[-122.43209,37.8052],[-122.43222,37.80537],[-122.43234,37.80598],[-122.43221,37.80603],[-122.43217,37.8061],[-122.43221,37.80615],[-122.43223,37.80621],[-122.4322,37.80626],[-122.43224,37.80645],[-122.43232,37.80686],[-122.43238,37.8071],[-122.43256,37.80848],[-122.43261,37.80848],[-122.4326,37.80851],[-122.43234,37.80852],[-122.43208,37.80722],[-122.432,37.80718],[-122.43144,37.80725],[-122.43139,37.80731],[-122.43173,37.80902],[-122.43134,37.80906],[-122.43099,37.80737],[-122.43092,37.80732],[-122.43036,37.80739],[-122.4303,37.80746],[-122.43062,37.80917],[-122.43011,37.80922],[-122.42983,37.80783],[-122.42926,37.8079],[-122.42927,37.80797],[-122.42822,37.8084],[-122.42699,37.80812],[-122.42699,37.80815],[-122.42753,37.80864],[-122.42801,37.80857],[-122.42803,37.80869],[-122.42753,37.80878],[-122.42752,37.80874],[-122.4273,37.80877],[-122.42729,37.80871],[-122.42749,37.80868],[-122.42693,37.80817],[-122.42691,37.80815],[-122.42684,37.80811],[-122.42672,37.80817],[-122.42682,37.80862],[-122.42681,37.8087],[-122.42683,37.80878],[-122.42683,37.80882],[-122.42683,37.80897],[-122.42685,37.80902],[-122.42682,37.80907],[-122.42682,37.80914],[-122.42679,37.80931],[-122.42669,37.80961],[-122.42656,37.80986],[-122.42637,37.81012],[-122.42612,37.81036],[-122.4259,37.81051],[-122.42568,37.81062],[-122.42536,37.81073],[-122.42498,37.8108],[-122.42467,37.81079],[-122.42444,37.81074],[-122.42431,37.81065],[-122.42429,37.81049],[-122.42437,37.81042],[-122.42456,37.81041],[-122.42463,37.81045],[-122.42467,37.81055],[-122.42469,37.81059],[-122.42475,37.81063],[-122.4249,37.81063],[-122.42509,37.81062],[-122.42528,37.81058],[-122.42546,37.81053],[-122.42563,37.81045],[-122.42581,37.81036],[-122.426,37.81022],[-122.42618,37.81005],[-122.42637,37.80981],[-122.4265,37.80955],[-122.42658,37.80933],[-122.42662,37.80912],[-122.42663,37.80889],[-122.42663,37.80883],[-122.42657,37.80846],[-122.42652,37.80815],[-122.42649,37.80816],[-122.42642,37.80783],[-122.42636,37.80765],[-122.42629,37.80755],[-122.42612,37.80764],[-122.42604,37.80769],[-122.42579,37.80741],[-122.42593,37.80746],[-122.42612,37.80735],[-122.42587,37.80715],[-122.42558,37.80697],[-122.42526,37.80683],[-122.42492,37.80671],[-122.4246,37.80664],[-122.42443,37.80661],[-122.42414,37.80661],[-122.42393,37.80663],[-122.42371,37.80667],[-122.4234,37.8068],[-122.42316,37.80692],[-122.42287,37.80709],[-122.42267,37.80721],[-122.42241,37.80738],[-122.42074,37.80759],[-122.42056,37.80666],[-122.42037,37.80572],[-122.42018,37.80479],[-122.42182,37.80456],[-122.42347,37.80435],[-122.42511,37.80415]]]]}},{"type":"Feature","properties":{"name":"Ashbury Heights"},"geometry":{"type":"MultiPolygon","coordinates":[[[[-122.45196,37.76148],[-122.4521,37.76217],[-122.45223,37.76284],[-122.4524,37.76367],[-122.45257,37.76451],[-122.45121,37.76468],[-122.44977,37.76487],[-122.44763,37.76514],[-122.44782,37.76607],[-122.44801,37.76701],[-122.44637,37.76722],[-122.44596,37.76522],[-122.44584,37.76458],[-122.44607,37.76419],[-122.4461,37.76414],[-122.44642,37.7638],[-122.4465,37.76371],[-122.44659,37.76361],[-122.44675,37.76334],[-122.44699,37.76272],[-122.44683,37.76185],[-122.44678,37.76178],[-122.44653,37.7614],[-122.44641,37.76109],[-122.44643,37.76101],[-122.44658,37.7609],[-122.44687,37.76042],[-122.44695,37.76017],[-122.44699,37.76007],[-122.44706,37.75991],[-122.44716,37.75966],[-122.44739,37.75937],[-122.44768,37.75919],[-122.44808,37.75909],[-122.44853,37.75905],[-122.44909,37.75897],[-122.44948,37.75892],[-122.44992,37.75886],[-122.45028,37.75881],[-122.45093,37.75873],[-122.45137,37.75858],[-122.45155,37.75947],[-122.45196,37.76148]]]]}},{"type":"Feature","properties":{"name":"Balboa Terrace"},"geometry":{"type":"MultiPolygon","coordinates":[[[[-122.47151,37.73323],[-122.47132,37.73324],[-122.47044,37.73321],[-122.46956,37.73318],[-122.46868,37.73315],[-122.46785,37.73312],[-122.467,37.73309],[-122.46566,37.73315],[-122.4655,37.73314],[-122.46467,37.73252],[-122.46446,37.73236],[-122.46442,37.73228],[-122.46411,37.73205],[-122.46407,37.73198],[-122.46398,37.73187],[-122.4638,37.73162],[-122.46376,37.73153],[-122.46386,37.73148],[-122.46441,37.73093],[-122.46449,37.7306],[-122.46463,37.72997],[-122.4647,37.7298],[-122.46485,37.72945],[-122.46487,37.72938],[-122.46508,37.72899],[-122.46535,37.72857],[-122.46541,37.72847],[-122.46578,37.72805],[-122.46608,37.72775],[-122.46624,37.7276],[-122.46668,37.72724],[-122.46733,37.72777],[-122.46774,37.72833],[-122.46808,37.72897],[-122.46821,37.72922],[-122.46861,37.7296],[-122.46934,37.72998],[-122.47011,37.73031],[-122.4718,37.73103],[-122.47164,37.73111],[-122.47151,37.73323]]]]}},{"type":"Feature","properties":{"name":"Bayview"},"geometry":{"type":"MultiPolygon","coordinates":[[[[-122.40196,37.72796],[-122.4017,37.72824],[-122.40139,37.72858],[-122.40083,37.72921],[-122.39987,37.73029],[-122.39897,37.73016],[-122.39807,37.73004],[-122.39739,37.72994],[-122.39718,37.72991],[-122.39641,37.7298],[-122.39538,37.72965],[-122.39489,37.72958],[-122.39358,37.7294],[-122.39262,37.72928],[-122.39215,37.73064],[-122.39207,37.73086],[-122.3918,37.73164],[-122.39152,37.73243],[-122.39124,37.73322],[-122.39069,37.7348],[-122.39221,37.73566],[-122.39409,37.73673],[-122.39512,37.73731],[-122.39594,37.73778],[-122.39781,37.73885],[-122.39725,37.73946],[-122.39735,37.73965],[-122.39695,37.74009],[-122.39671,37.74008],[-122.39557,37.74135],[-122.39505,37.74194],[-122.39483,37.74187],[-122.39479,37.74195],[-122.39481,37.74203],[-122.39383,37.74313],[-122.39378,37.74311],[-122.39372,37.74353],[-122.39346,37.74383],[-122.39331,37.74384],[-122.39218,37.7451],[-122.38793,37.7427],[-122.38655,37.74195],[-122.38471,37.7409],[-122.38094,37.73876],[-122.37911,37.73768],[-122.37934,37.7374],[-122.37941,37.73714],[-122.37941,37.73676],[-122.37941,37.73627],[-122.37941,37.73524],[-122.37942,37.73448],[-122.37943,37.73408],[-122.37955,37.73404],[-122.37983,37.73374],[-122.37992,37.73358],[-122.37993,37.73338],[-122.37992,37.73321],[-122.3796,37.73246],[-122.37935,37.73184],[-122.37935,37.73168],[-122.37935,37.73154],[-122.37948,37.73123],[-122.37955,37.73111],[-122.37965,37.73096],[-122.37978,37.7308],[-122.3799,37.73072],[-122.38,37.73066],[-122.38031,37.73053],[-122.38047,37.73052],[-122.38064,37.7305],[-122.38092,37.73053],[-122.38144,37.73058],[-122.38178,37.73062],[-122.38209,37.73064],[-122.38227,37.73062],[-122.38263,37.73051],[-122.38289,37.73034],[-122.38343,37.72974],[-122.38399,37.72911],[-122.38456,37.72849],[-122.38512,37.72786],[-122.38568,37.72723],[-122.38624,37.72661],[-122.3868,37.72599],[-122.38737,37.72535],[-122.38793,37.72473],[-122.3885,37.7241],[-122.38962,37.72285],[-122.39149,37.72391],[-122.39336,37.72497],[-122.39424,37.72548],[-122.39493,37.72397],[-122.39526,37.72322],[-122.39562,37.72243],[-122.39582,37.72243],[-122.39663,37.72263],[-122.39767,37.72287],[-122.39835,37.72304],[-122.39921,37.72324],[-122.40007,37.72345],[-122.40078,37.72362],[-122.40118,37.72459],[-122.4013,37.72497],[-122.40138,37.72523],[-122.40147,37.72552],[-122.40169,37.7263],[-122.40175,37.72651],[-122.40188,37.72696],[-122.40199,37.72738],[-122.40211,37.72779],[-122.40196,37.72796]]]]}},{"type":"Feature","properties":{"name":"Bernal Heights"},"geometry":{"type":"MultiPolygon","coordinates":[[[[-122.41778,37.73918],[-122.41846,37.73925],[-122.41957,37.7397],[-122.42284,37.74103],[-122.42358,37.73988],[-122.42415,37.73987],[-122.42329,37.74229],[-122.42267,37.74394],[-122.42244,37.74476],[-122.42222,37.74558],[-122.42192,37.74583],[-122.4217,37.74641],[-122.42231,37.74638],[-122.42249,37.74801],[-122.42028,37.74813],[-122.41586,37.74821],[-122.41492,37.74823],[-122.41148,37.7483],[-122.41055,37.74832],[-122.41046,37.74743],[-122.41059,37.74714],[-122.41062,37.74694],[-122.41053,37.74594],[-122.41047,37.7453],[-122.41039,37.74432],[-122.41034,37.74375],[-122.41022,37.74362],[-122.41009,37.74352],[-122.40986,37.74334],[-122.40974,37.74329],[-122.40947,37.74326],[-122.40936,37.74326],[-122.40921,37.74326],[-122.4091,37.74326],[-122.40881,37.74329],[-122.40859,37.74335],[-122.40816,37.74329],[-122.4081,37.7431],[-122.408,37.74328],[-122.40742,37.74331],[-122.40698,37.74334],[-122.40671,37.74335],[-122.40659,37.74339],[-122.40639,37.74364],[-122.40596,37.74345],[-122.40626,37.74307],[-122.40658,37.7427],[-122.40675,37.74251],[-122.40701,37.74216],[-122.40727,37.74174],[-122.40734,37.74163],[-122.40746,37.74141],[-122.40763,37.74091],[-122.40775,37.74058],[-122.40781,37.74031],[-122.40784,37.74014],[-122.40785,37.74005],[-122.40788,37.73984],[-122.4079,37.73967],[-122.40794,37.73946],[-122.40799,37.73921],[-122.40798,37.73887],[-122.40797,37.73862],[-122.40793,37.73826],[-122.4079,37.73805],[-122.40789,37.73794],[-122.40786,37.73775],[-122.40739,37.73789],[-122.40725,37.73792],[-122.4071,37.73797],[-122.40691,37.73797],[-122.4067,37.73631],[-122.40668,37.73618],[-122.40662,37.7359],[-122.40658,37.73581],[-122.40645,37.73551],[-122.40639,37.73542],[-122.40645,37.7354],[-122.40668,37.73535],[-122.40681,37.73531],[-122.40704,37.73526],[-122.40728,37.7352],[-122.4075,37.73516],[-122.40777,37.7351],[-122.40803,37.73504],[-122.40836,37.73498],[-122.40859,37.73493],[-122.40883,37.73488],[-122.40958,37.73464],[-122.40975,37.73459],[-122.41028,37.73438],[-122.41046,37.7343],[-122.41066,37.73423],[-122.41177,37.73363],[-122.41208,37.73346],[-122.41235,37.73333],[-122.41274,37.73316],[-122.41287,37.73309],[-122.41344,37.73284],[-122.41378,37.73267],[-122.41411,37.73254],[-122.41439,37.73242],[-122.41464,37.73235],[-122.41511,37.73223],[-122.41546,37.73216],[-122.41567,37.73221],[-122.41628,37.73217],[-122.41653,37.73216],[-122.41696,37.73217],[-122.41749,37.73217],[-122.41792,37.73218],[-122.4182,37.73219],[-122.41887,37.73221],[-122.41957,37.73222],[-122.41953,37.73262],[-122.41945,37.73272],[-122.41938,37.73283],[-122.41933,37.73292],[-122.41931,37.733],[-122.41925,37.73328],[-122.41858,37.73325],[-122.41858,37.73318],[-122.41796,37.73315],[-122.41797,37.73309],[-122.41698,37.73315],[-122.41691,37.73393],[-122.41684,37.73466],[-122.41682,37.73489],[-122.41672,37.73607],[-122.4167,37.73632],[-122.41661,37.73725],[-122.41657,37.73767],[-122.41646,37.73898],[-122.41652,37.73906],[-122.41778,37.73918]]]]}},{"type":"Feature","properties":{"name":"Bret Harte"},"geometry":{"type":"MultiPolygon","coordinates":[[[[-122.39562,37.72243],[-122.39424,37.72548],[-122.39336,37.72497],[-122.39149,37.72391],[-122.38962,37.72285],[-122.38775,37.72181],[-122.38587,37.72075],[-122.38422,37.71981],[-122.38409,37.71967],[-122.38416,37.71952],[-122.38516,37.71841],[-122.38627,37.71718],[-122.38685,37.71751],[-122.38791,37.71633],[-122.38813,37.7163],[-122.38852,37.71652],[-122.38857,37.71643],[-122.38849,37.71639],[-122.38832,37.71612],[-122.3884,37.71602],[-122.38843,37.71596],[-122.38853,37.71575],[-122.38854,37.71567],[-122.38852,37.71556],[-122.38859,37.71548],[-122.3884,37.71518],[-122.38827,37.7151],[-122.3886,37.71473],[-122.38876,37.71466],[-122.38944,37.71556],[-122.39,37.71616],[-122.39072,37.71692],[-122.39109,37.71726],[-122.3916,37.71753],[-122.39239,37.71789],[-122.39261,37.71796],[-122.39354,37.71849],[-122.39373,37.71843],[-122.39393,37.71821],[-122.39442,37.71849],[-122.39476,37.71811],[-122.39467,37.71806],[-122.3946,37.71803],[-122.39456,37.71797],[-122.39455,37.71792],[-122.39455,37.71786],[-122.39457,37.71781],[-122.3946,37.71777],[-122.39463,37.71774],[-122.39466,37.71773],[-122.39473,37.71771],[-122.39483,37.71768],[-122.39492,37.71765],[-122.39496,37.7176],[-122.39502,37.71757],[-122.39539,37.71776],[-122.39555,37.71758],[-122.39529,37.71744],[-122.39597,37.7167],[-122.39636,37.7168],[-122.39678,37.71671],[-122.39681,37.71663],[-122.39674,37.71649],[-122.39713,37.7164],[-122.39751,37.71646],[-122.39764,37.71668],[-122.39779,37.7166],[-122.39791,37.71636],[-122.39793,37.7163],[-122.39794,37.71624],[-122.39793,37.7162],[-122.39792,37.71615],[-122.39793,37.71611],[-122.39797,37.71608],[-122.39801,37.71606],[-122.39805,37.71606],[-122.39818,37.71608],[-122.39838,37.7161],[-122.3984,37.71606],[-122.39849,37.71606],[-122.3985,37.71603],[-122.39856,37.71615],[-122.39855,37.71618],[-122.39854,37.71628],[-122.39852,37.71642],[-122.3985,37.71654],[-122.39853,37.71671],[-122.39859,37.71708],[-122.39865,37.71741],[-122.3987,37.71767],[-122.39872,37.71777],[-122.39873,37.71785],[-122.39879,37.71822],[-122.39884,37.71844],[-122.399,37.71916],[-122.3991,37.71962],[-122.39915,37.71979],[-122.39921,37.71999],[-122.39924,37.72008],[-122.39931,37.72028],[-122.39944,37.72057],[-122.3996,37.72092],[-122.39983,37.72143],[-122.39993,37.72152],[-122.40038,37.72263],[-122.40078,37.72362],[-122.40007,37.72345],[-122.39921,37.72324],[-122.39835,37.72304],[-122.39767,37.72287],[-122.39663,37.72263],[-122.39582,37.72243],[-122.39562,37.72243]]]]}},{"type":"Feature","properties":{"name":"Buena Vista"},"geometry":{"type":"MultiPolygon","coordinates":[[[[-122.44473,37.76743],[-122.44511,37.76928],[-122.44346,37.7695],[-122.44365,37.77043],[-122.44384,37.77136],[-122.44402,37.7723],[-122.44238,37.7725],[-122.44074,37.77271],[-122.43909,37.77292],[-122.43742,37.77313],[-122.43723,37.7722],[-122.43705,37.77127],[-122.43685,37.77034],[-122.43682,37.77027],[-122.43675,37.77016],[-122.43667,37.77012],[-122.43656,37.77007],[-122.43646,37.77],[-122.43636,37.7699],[-122.43627,37.76978],[-122.4362,37.76975],[-122.43579,37.76906],[-122.43562,37.76733],[-122.4373,37.76722],[-122.4382,37.76716],[-122.43817,37.76681],[-122.43829,37.76673],[-122.43844,37.76677],[-122.43869,37.76675],[-122.43883,37.76672],[-122.43907,37.76667],[-122.4395,37.76658],[-122.44124,37.76527],[-122.44193,37.7653],[-122.44196,37.76517],[-122.44204,37.76512],[-122.4423,37.76511],[-122.44234,37.76505],[-122.44232,37.765],[-122.44233,37.76455],[-122.44213,37.76408],[-122.44198,37.76374],[-122.44198,37.76365],[-122.44198,37.76348],[-122.44199,37.76325],[-122.44186,37.76325],[-122.44165,37.76324],[-122.44154,37.7632],[-122.44149,37.76309],[-122.44152,37.76299],[-122.44157,37.76296],[-122.4418,37.76287],[-122.44223,37.7627],[-122.44298,37.76255],[-122.44329,37.76232],[-122.44336,37.762],[-122.44531,37.76188],[-122.44678,37.76178],[-122.44683,37.76185],[-122.44699,37.76272],[-122.44675,37.76334],[-122.44659,37.76361],[-122.4465,37.76371],[-122.44607,37.76419],[-122.44584,37.76458],[-122.44596,37.76522],[-122.44637,37.76722],[-122.44473,37.76743]]]]}},{"type":"Feature","properties":{"name":"Candlestick Point SRA"},"geometry":{"type":"MultiPolygon","coordinates":[[[[-122.39485,37.7084],[-122.39504,37.7092],[-122.39511,37.70951],[-122.39525,37.71009],[-122.39537,37.71063],[-122.39546,37.71102],[-122.39555,37.71143],[-122.39564,37.7117],[-122.39571,37.7119],[-122.39576,37.71201],[-122.39585,37.71223],[-122.39595,37.71247],[-122.39603,37.71261],[-122.39616,37.71283],[-122.39628,37.71303],[-122.39636,37.71315],[-122.3965,37.71335],[-122.39665,37.71356],[-122.39684,37.71379],[-122.39698,37.71395],[-122.39708,37.71407],[-122.39721,37.71422],[-122.39761,37.71469],[-122.3977,37.71483],[-122.39783,37.71498],[-122.39791,37.71508],[-122.39803,37.71521],[-122.39813,37.71537],[-122.39825,37.71557],[-122.39828,37.71562],[-122.39843,37.71588],[-122.39845,37.71592],[-122.3985,37.71602],[-122.39849,37.71606],[-122.3984,37.71606],[-122.39838,37.7161],[-122.39818,37.71608],[-122.39805,37.71606],[-122.39803,37.71606],[-122.39802,37.71606],[-122.398,37.71607],[-122.39798,37.71607],[-122.39796,37.71608],[-122.39794,37.71609],[-122.39793,37.71611],[-122.39792,37.71613],[-122.39792,37.71615],[-122.39792,37.71618],[-122.39793,37.7162],[-122.39794,37.71622],[-122.39794,37.71623],[-122.39794,37.71626],[-122.39794,37.71628],[-122.39793,37.7163],[-122.39792,37.71633],[-122.39779,37.7166],[-122.39764,37.71668],[-122.39751,37.71646],[-122.39713,37.7164],[-122.39674,37.7165],[-122.39681,37.71663],[-122.39678,37.71671],[-122.39636,37.7168],[-122.39597,37.7167],[-122.39529,37.71744],[-122.39555,37.71758],[-122.39539,37.71776],[-122.39502,37.71757],[-122.39498,37.71759],[-122.39495,37.71762],[-122.39492,37.71764],[-122.39488,37.71766],[-122.39485,37.71767],[-122.39478,37.7177],[-122.39471,37.71772],[-122.39463,37.71774],[-122.39461,37.71776],[-122.3946,37.71778],[-122.39458,37.71779],[-122.39457,37.71781],[-122.39456,37.71783],[-122.39455,37.71786],[-122.39455,37.71788],[-122.39455,37.71791],[-122.39455,37.71793],[-122.39455,37.71796],[-122.39457,37.71798],[-122.39458,37.718],[-122.3946,37.71802],[-122.39462,37.71804],[-122.39464,37.71805],[-122.39468,37.71806],[-122.39471,37.71808],[-122.39476,37.71811],[-122.39442,37.71849],[-122.39393,37.71821],[-122.39373,37.71843],[-122.39354,37.71849],[-122.39261,37.71796],[-122.39239,37.71789],[-122.3916,37.71753],[-122.39109,37.71726],[-122.39072,37.71692],[-122.39,37.71616],[-122.38944,37.71556],[-122.38876,37.71466],[-122.3886,37.71473],[-122.38827,37.7151],[-122.3884,37.71518],[-122.38859,37.71548],[-122.38852,37.71556],[-122.38854,37.71567],[-122.38853,37.71575],[-122.38847,37.71589],[-122.3884,37.71602],[-122.38832,37.71612],[-122.38849,37.71639],[-122.38857,37.71643],[-122.38851,37.71652],[-122.38813,37.7163],[-122.38791,37.71633],[-122.38685,37.71751],[-122.38627,37.71718],[-122.38516,37.71841],[-122.38416,37.71952],[-122.38409,37.71967],[-122.384,37.7197],[-122.38345,37.7203],[-122.38333,37.72037],[-122.38328,37.72034],[-122.38324,37.72025],[-122.38323,37.72012],[-122.38285,37.71992],[-122.38277,37.7199],[-122.38222,37.7196],[-122.38173,37.71933],[-122.38139,37.71886],[-122.38124,37.71877],[-122.38079,37.71878],[-122.38056,37.71875],[-122.38033,37.71868],[-122.3802,37.71852],[-122.38,37.71847],[-122.37971,37.71836],[-122.37944,37.71811],[-122.37906,37.71778],[-122.37859,37.71754],[-122.37788,37.71719],[-122.37719,37.71685],[-122.37651,37.71637],[-122.37623,37.71621],[-122.37614,37.71613],[-122.37612,37.71601],[-122.37668,37.71524],[-122.37714,37.7147],[-122.37732,37.71437],[-122.3777,37.71408],[-122.3784,37.71355],[-122.37845,37.71346],[-122.37866,37.71324],[-122.37883,37.71315],[-122.37893,37.71303],[-122.37934,37.71243],[-122.37943,37.71221],[-122.37985,37.71164],[-122.38005,37.71151],[-122.38012,37.71108],[-122.38011,37.71083],[-122.38003,37.71059],[-122.37987,37.71049],[-122.37972,37.71049],[-122.37939,37.7103],[-122.37922,37.71015],[-122.37894,37.70994],[-122.3789,37.70979],[-122.37882,37.70975],[-122.37867,37.70948],[-122.37859,37.7094],[-122.37846,37.70929],[-122.37837,37.70889],[-122.37829,37.70878],[-122.37811,37.7087],[-122.37796,37.70862],[-122.37778,37.70858],[-122.37754,37.70867],[-122.37699,37.70886],[-122.37681,37.70897],[-122.37673,37.70906],[-122.37668,37.70911],[-122.37639,37.70954],[-122.37643,37.70957],[-122.37637,37.70967],[-122.37602,37.70969],[-122.37582,37.70966],[-122.37556,37.70959],[-122.37532,37.70938],[-122.37493,37.70919],[-122.37457,37.70903],[-122.37444,37.70894],[-122.37437,37.70873],[-122.37439,37.70868],[-122.3746,37.70853],[-122.37561,37.70841],[-122.3761,37.70838],[-122.37943,37.70844],[-122.37976,37.70852],[-122.38017,37.7087],[-122.38057,37.7088],[-122.38134,37.70887],[-122.38159,37.70886],[-122.38184,37.70887],[-122.38222,37.70906],[-122.38284,37.70914],[-122.38337,37.70919],[-122.38379,37.7092],[-122.38408,37.70926],[-122.38445,37.70929],[-122.38502,37.70948],[-122.38557,37.70975],[-122.38585,37.70994],[-122.38609,37.71],[-122.3868,37.70978],[-122.38681,37.70962],[-122.3872,37.7095],[-122.3881,37.70867],[-122.38866,37.70888],[-122.3897,37.70961],[-122.38997,37.70955],[-122.39039,37.70925],[-122.39056,37.70921],[-122.39147,37.7097],[-122.39172,37.70961],[-122.39206,37.70926],[-122.39228,37.709],[-122.39252,37.70886],[-122.39313,37.7084],[-122.39485,37.7084]]]]}},{"type":"Feature","properties":{"name":"Castro"},"geometry":{"type":"MultiPolygon","coordinates":[[[[-122.43103,37.76587],[-122.43057,37.76116],[-122.43279,37.76102],[-122.43264,37.75942],[-122.43704,37.75916],[-122.43734,37.76235],[-122.43644,37.76241],[-122.43597,37.76245],[-122.43532,37.76269],[-122.43519,37.76267],[-122.43307,37.7642],[-122.43103,37.76587]]]]}},{"type":"Feature","properties":{"name":"Cathedral Hill"},"geometry":{"type":"MultiPolygon","coordinates":[[[[-122.42214,37.78941],[-122.42119,37.78475],[-122.42064,37.78196],[-122.42044,37.78103],[-122.42209,37.78082],[-122.42373,37.78061],[-122.42702,37.78019],[-122.4272,37.78112],[-122.4274,37.78206],[-122.42758,37.78299],[-122.42778,37.78392],[-122.42799,37.78495],[-122.42789,37.78506],[-122.42623,37.78527],[-122.42625,37.78538],[-122.42636,37.78591],[-122.42638,37.78601],[-122.4261,37.78604],[-122.42612,37.78613],[-122.4262,37.78651],[-122.4265,37.78647],[-122.42656,37.78679],[-122.42664,37.78678],[-122.42667,37.78692],[-122.42686,37.78786],[-122.42706,37.78879],[-122.42542,37.78899],[-122.42378,37.7892],[-122.42214,37.78941]]]]}},{"type":"Feature","properties":{"name":"Cayuga"},"geometry":{"type":"MultiPolygon","coordinates":[[[[-122.44371,37.71359],[-122.44432,37.71409],[-122.44584,37.7153],[-122.44637,37.71573],[-122.44796,37.717],[-122.44768,37.71745],[-122.44818,37.71765],[-122.4481,37.71828],[-122.44858,37.71839],[-122.44853,37.71882],[-122.44847,37.71921],[-122.44843,37.71941],[-122.44841,37.71964],[-122.44838,37.71998],[-122.44832,37.72049],[-122.44824,37.72115],[-122.44818,37.72155],[-122.44814,37.72188],[-122.44809,37.72215],[-122.44799,37.72267],[-122.4479,37.72292],[-122.44733,37.72291],[-122.44727,37.72296],[-122.44722,37.72291],[-122.44482,37.72292],[-122.44475,37.72297],[-122.44327,37.72309],[-122.44255,37.72317],[-122.44105,37.72334],[-122.43985,37.72348],[-122.43881,37.7236],[-122.43836,37.72364],[-122.43744,37.72372],[-122.43702,37.72372],[-122.43539,37.72391],[-122.43715,37.72158],[-122.43746,37.72116],[-122.43886,37.71931],[-122.4395,37.71847],[-122.44011,37.71767],[-122.44042,37.71724],[-122.44102,37.71646],[-122.4419,37.71531],[-122.44256,37.71466],[-122.44371,37.71359]]]]}},{"type":"Feature","properties":{"name":"Central Waterfront"},"geometry":{"type":"MultiPolygon","coordinates":[[[[-122.38792,37.76438],[-122.38778,37.76443],[-122.38694,37.76419],[-122.38657,37.76425],[-122.3866,37.76394],[-122.3869,37.76355],[-122.38518,37.76337],[-122.3851,37.76232],[-122.38468,37.76211],[-122.38429,37.76213],[-122.38446,37.76405],[-122.3843,37.76406],[-122.38413,37.76226],[-122.38372,37.76228],[-122.38391,37.76414],[-122.38358,37.76425],[-122.3833,37.76414],[-122.38311,37.76232],[-122.38229,37.76237],[-122.38251,37.76461],[-122.38234,37.76461],[-122.38212,37.76238],[-122.38175,37.76241],[-122.38169,37.76474],[-122.38145,37.76494],[-122.38117,37.76493],[-122.38098,37.7648],[-122.38091,37.76334],[-122.3807,37.76334],[-122.3804,37.7602],[-122.37951,37.76025],[-122.37978,37.76349],[-122.37953,37.76347],[-122.3792,37.75994],[-122.38126,37.75967],[-122.38121,37.75817],[-122.38143,37.75752],[-122.38123,37.75586],[-122.38075,37.75554],[-122.3808,37.7552],[-122.38138,37.75507],[-122.38407,37.75495],[-122.38408,37.75466],[-122.38347,37.75474],[-122.38299,37.75457],[-122.38278,37.75424],[-122.3829,37.75407],[-122.38283,37.75354],[-122.3822,37.75335],[-122.38179,37.75324],[-122.38155,37.75304],[-122.38126,37.75292],[-122.38088,37.75295],[-122.38043,37.7529],[-122.37993,37.75291],[-122.37985,37.75284],[-122.38002,37.75271],[-122.37996,37.75203],[-122.37609,37.75225],[-122.37577,37.74871],[-122.38611,37.74808],[-122.38632,37.7479],[-122.38647,37.74795],[-122.38715,37.74761],[-122.38726,37.74759],[-122.38721,37.74711],[-122.38702,37.74705],[-122.38701,37.74691],[-122.38264,37.74716],[-122.38202,37.74706],[-122.37966,37.74721],[-122.37956,37.74699],[-122.37813,37.74712],[-122.37618,37.74715],[-122.37547,37.74702],[-122.37501,37.74674],[-122.37479,37.74646],[-122.37495,37.7458],[-122.3741,37.74496],[-122.37321,37.74541],[-122.37276,37.74551],[-122.36763,37.74013],[-122.36787,37.73999],[-122.36829,37.73998],[-122.36827,37.73983],[-122.37125,37.73966],[-122.37126,37.73979],[-122.37341,37.73966],[-122.37346,37.73962],[-122.37397,37.73956],[-122.37491,37.73951],[-122.37492,37.73968],[-122.37607,37.73961],[-122.37694,37.74009],[-122.37685,37.74019],[-122.38312,37.74388],[-122.38717,37.74616],[-122.38713,37.74507],[-122.38737,37.74426],[-122.38763,37.74353],[-122.38793,37.7427],[-122.39601,37.74726],[-122.39619,37.74738],[-122.39729,37.74968],[-122.39627,37.74975],[-122.39531,37.7498],[-122.39334,37.74992],[-122.39238,37.75002],[-122.39142,37.75014],[-122.3919,37.75515],[-122.38707,37.75545],[-122.38792,37.76438]]]]}},{"type":"Feature","properties":{"name":"Chinatown"},"geometry":{"type":"MultiPolygon","coordinates":[[[[-122.40954,37.79385],[-122.40972,37.79474],[-122.4099,37.79562],[-122.41008,37.79649],[-122.41026,37.79742],[-122.40862,37.79763],[-122.40702,37.79782],[-122.40667,37.79786],[-122.40551,37.79706],[-122.40529,37.79691],[-122.40514,37.79621],[-122.40441,37.7963],[-122.40332,37.79553],[-122.40314,37.79467],[-122.40296,37.79378],[-122.40461,37.79357],[-122.40442,37.79264],[-122.40422,37.79169],[-122.40403,37.79076],[-122.40557,37.79057],[-122.40715,37.79037],[-122.40734,37.7913],[-122.40754,37.79225],[-122.40773,37.79318],[-122.4079,37.79406],[-122.40954,37.79385]]]]}},{"type":"Feature","properties":{"name":"Civic Center"},"geometry":{"type":"MultiPolygon","coordinates":[[[[-122.41251,37.78048],[-122.42194,37.77304],[-122.42211,37.77317],[-122.42223,37.77315],[-122.42373,37.78061],[-122.42044,37.78103],[-122.42064,37.78196],[-122.41734,37.78238],[-122.41715,37.78145],[-122.41387,37.78186],[-122.41368,37.78093],[-122.41315,37.78099],[-122.41251,37.78048]]]]}},{"type":"Feature","properties":{"name":"Clarendon Heights"},"geometry":{"type":"MultiPolygon","coordinates":[[[[-122.44643,37.76101],[-122.44639,37.76091],[-122.44634,37.76041],[-122.44641,37.75986],[-122.44643,37.75944],[-122.44645,37.75905],[-122.4464,37.75886],[-122.44627,37.75875],[-122.44602,37.75872],[-122.44586,37.75874],[-122.44491,37.75833],[-122.44456,37.75833],[-122.44425,37.75826],[-122.44399,37.75815],[-122.44378,37.75819],[-122.44322,37.7578],[-122.4432,37.75771],[-122.443,37.75749],[-122.44291,37.75736],[-122.44282,37.75723],[-122.44262,37.75694],[-122.44252,37.75683],[-122.44234,37.75669],[-122.44222,37.75664],[-122.44196,37.75654],[-122.4416,37.75651],[-122.4413,37.75638],[-122.44112,37.75618],[-122.44109,37.7561],[-122.44111,37.75589],[-122.44129,37.75563],[-122.44172,37.75499],[-122.44184,37.75467],[-122.44239,37.75482],[-122.44235,37.75507],[-122.44241,37.75521],[-122.44255,37.75532],[-122.44278,37.7554],[-122.44293,37.75548],[-122.44301,37.75543],[-122.44412,37.75519],[-122.44421,37.75516],[-122.44422,37.75558],[-122.44441,37.75547],[-122.44461,37.75535],[-122.44474,37.75521],[-122.44484,37.75519],[-122.44492,37.75499],[-122.44493,37.75484],[-122.44493,37.75467],[-122.44501,37.7544],[-122.44511,37.75439],[-122.44515,37.75427],[-122.44538,37.75405],[-122.44559,37.75386],[-122.44565,37.75383],[-122.448,37.75409],[-122.44814,37.7541],[-122.44836,37.75412],[-122.44861,37.75413],[-122.4493,37.75389],[-122.44943,37.75409],[-122.44957,37.75414],[-122.45001,37.75394],[-122.45071,37.75362],[-122.4508,37.75377],[-122.45094,37.75388],[-122.45111,37.75393],[-122.45136,37.75396],[-122.45159,37.7539],[-122.45243,37.75359],[-122.45257,37.75354],[-122.45298,37.75338],[-122.45326,37.75333],[-122.45363,37.75337],[-122.45472,37.7536],[-122.45554,37.75377],[-122.45518,37.75434],[-122.45513,37.75488],[-122.45505,37.75512],[-122.45482,37.75555],[-122.45452,37.75596],[-122.45425,37.75635],[-122.45417,37.75651],[-122.45409,37.75693],[-122.45408,37.75703],[-122.45403,37.75718],[-122.45377,37.75747],[-122.45332,37.75782],[-122.4529,37.75806],[-122.4523,37.75828],[-122.45205,37.75834],[-122.45137,37.75858],[-122.45093,37.75873],[-122.45,37.75885],[-122.44853,37.75905],[-122.44808,37.75909],[-122.44768,37.75919],[-122.44739,37.75937],[-122.44716,37.75966],[-122.44695,37.76017],[-122.44687,37.76042],[-122.44658,37.7609],[-122.44643,37.76101]]]]}},{"type":"Feature","properties":{"name":"Cole Valley"},"geometry":{"type":"MultiPolygon","coordinates":[[[[-122.45335,37.76825],[-122.44839,37.76886],[-122.44763,37.76514],[-122.45257,37.76451],[-122.45295,37.76637],[-122.453,37.76648],[-122.45335,37.76825]]]]}},{"type":"Feature","properties":{"name":"Corona Heights"},"geometry":{"type":"MultiPolygon","coordinates":[[[[-122.43519,37.76267],[-122.43532,37.76269],[-122.43597,37.76245],[-122.43734,37.76235],[-122.43949,37.76223],[-122.44017,37.76219],[-122.44336,37.762],[-122.44329,37.76232],[-122.44298,37.76255],[-122.44223,37.7627],[-122.4419,37.76283],[-122.44157,37.76296],[-122.44152,37.76299],[-122.44149,37.76309],[-122.44154,37.7632],[-122.44165,37.76324],[-122.44199,37.76325],[-122.44198,37.76348],[-122.44198,37.76374],[-122.44233,37.76455],[-122.44232,37.765],[-122.44234,37.76505],[-122.4423,37.76511],[-122.44204,37.76512],[-122.44196,37.76517],[-122.44193,37.7653],[-122.44124,37.76527],[-122.4395,37.76658],[-122.43898,37.76669],[-122.43869,37.76675],[-122.43844,37.76677],[-122.43835,37.76675],[-122.43829,37.76673],[-122.43817,37.76681],[-122.4382,37.76716],[-122.4373,37.76722],[-122.43562,37.76733],[-122.43555,37.76653],[-122.4354,37.76493],[-122.43532,37.7641],[-122.43519,37.76267]]]]}},{"type":"Feature","properties":{"name":"Cow Hollow"},"geometry":{"type":"MultiPolygon","coordinates":[[[[-122.44686,37.79469],[-122.44776,37.8005],[-122.44761,37.80032],[-122.44713,37.80039],[-122.44597,37.79958],[-122.44483,37.79884],[-122.44432,37.79879],[-122.44265,37.799],[-122.43769,37.79963],[-122.43695,37.79595],[-122.4419,37.79532],[-122.44686,37.79469]]]]}},{"type":"Feature","properties":{"name":"Crocker Amazon"},"geometry":{"type":"MultiPolygon","coordinates":[[[[-122.45428,37.70826],[-122.45088,37.70941],[-122.44893,37.71007],[-122.44838,37.71037],[-122.44638,37.71144],[-122.44553,37.71189],[-122.44474,37.71262],[-122.44371,37.71359],[-122.44266,37.71457],[-122.4419,37.71531],[-122.4418,37.71543],[-122.44102,37.71646],[-122.44026,37.71604],[-122.43944,37.71567],[-122.43781,37.71494],[-122.43618,37.71421],[-122.43536,37.71384],[-122.43454,37.71348],[-122.43371,37.71314],[-122.43354,37.71325],[-122.43274,37.71437],[-122.4327,37.71435],[-122.43108,37.7165],[-122.42702,37.71562],[-122.42725,37.71489],[-122.4253,37.71439],[-122.42659,37.71159],[-122.42522,37.71108],[-122.42507,37.711],[-122.42454,37.71073],[-122.4244,37.71063],[-122.42445,37.71054],[-122.42396,37.71035],[-122.42418,37.71027],[-122.42455,37.7101],[-122.42442,37.71005],[-122.42397,37.70968],[-122.42344,37.70938],[-122.42335,37.70925],[-122.42376,37.70834],[-122.45428,37.70822],[-122.45428,37.70826]]]]}},{"type":"Feature","properties":{"name":"Diamond Heights"},"geometry":{"type":"MultiPolygon","coordinates":[[[[-122.43825,37.74866],[-122.43786,37.74463],[-122.43568,37.74476],[-122.4356,37.744],[-122.43556,37.74316],[-122.43554,37.7427],[-122.43551,37.74259],[-122.43546,37.74227],[-122.43539,37.74192],[-122.43532,37.74171],[-122.43533,37.74162],[-122.43546,37.74148],[-122.43562,37.74153],[-122.43552,37.74143],[-122.43546,37.74127],[-122.43544,37.74097],[-122.4355,37.74075],[-122.43561,37.7405],[-122.43575,37.74023],[-122.43584,37.74015],[-122.43668,37.73875],[-122.43667,37.73869],[-122.43693,37.73841],[-122.43731,37.73827],[-122.4374,37.73829],[-122.43747,37.73827],[-122.43765,37.73828],[-122.43947,37.73864],[-122.43955,37.73869],[-122.43969,37.73878],[-122.43971,37.73884],[-122.44006,37.73881],[-122.44016,37.74009],[-122.43987,37.7401],[-122.43987,37.74023],[-122.43973,37.74037],[-122.44008,37.74035],[-122.43993,37.74077],[-122.44065,37.74117],[-122.44096,37.7415],[-122.44072,37.74197],[-122.44147,37.74247],[-122.44188,37.74361],[-122.44228,37.74399],[-122.44257,37.74365],[-122.44352,37.74306],[-122.44405,37.74291],[-122.44441,37.74303],[-122.44505,37.74325],[-122.44553,37.74343],[-122.44591,37.74366],[-122.44605,37.74433],[-122.44609,37.7445],[-122.44615,37.74462],[-122.44677,37.74543],[-122.44714,37.74575],[-122.44743,37.74638],[-122.44774,37.7463],[-122.44779,37.74644],[-122.44485,37.74695],[-122.44478,37.74677],[-122.4446,37.74668],[-122.44431,37.74671],[-122.44409,37.74672],[-122.44396,37.74677],[-122.44258,37.74808],[-122.44252,37.74818],[-122.44205,37.74841],[-122.44192,37.74847],[-122.44163,37.74855],[-122.44141,37.74861],[-122.44093,37.74863],[-122.44041,37.74864],[-122.43825,37.74866]]]]}},{"type":"Feature","properties":{"name":"Dogpatch"},"geometry":{"type":"MultiPolygon","coordinates":[[[[-122.38792,37.76438],[-122.38707,37.75545],[-122.3919,37.75515],[-122.39274,37.76408],[-122.38792,37.76438]]]]}},{"type":"Feature","properties":{"name":"Dolores Heights"},"geometry":{"type":"MultiPolygon","coordinates":[[[[-122.43279,37.76102],[-122.42835,37.76129],[-122.42805,37.75809],[-122.42127,37.7585],[-122.42112,37.7569],[-122.42096,37.75529],[-122.42144,37.75527],[-122.4216,37.75205],[-122.42288,37.75197],[-122.42257,37.74877],[-122.42249,37.74801],[-122.42288,37.74795],[-122.42477,37.74783],[-122.42705,37.7477],[-122.42758,37.75329],[-122.43202,37.75302],[-122.43241,37.75702],[-122.43243,37.75728],[-122.43249,37.7574],[-122.43251,37.75758],[-122.43248,37.75782],[-122.43279,37.76102]]]]}},{"type":"Feature","properties":{"name":"Downtown / Union Square"},"geometry":{"type":"MultiPolygon","coordinates":[[[[-122.40238,37.79097],[-122.40196,37.78892],[-122.40207,37.78872],[-122.40583,37.78574],[-122.40895,37.78329],[-122.40914,37.78352],[-122.41043,37.78995],[-122.40238,37.79097]]]]}},{"type":"Feature","properties":{"name":"Duboce Triangle"},"geometry":{"type":"MultiPolygon","coordinates":[[[[-122.43685,37.77034],[-122.42861,37.77138],[-122.42822,37.76944],[-122.42668,37.76953],[-122.42652,37.76956],[-122.42631,37.7696],[-122.42866,37.76773],[-122.42895,37.7675],[-122.43082,37.76601],[-122.43103,37.76587],[-122.43307,37.7642],[-122.43519,37.76267],[-122.43579,37.76906],[-122.4362,37.76975],[-122.43627,37.76978],[-122.43646,37.77],[-122.43667,37.77012],[-122.43675,37.77016],[-122.43685,37.77034]]]]}},{"type":"Feature","properties":{"name":"Eureka Valley"},"geometry":{"type":"MultiPolygon","coordinates":[[[[-122.43734,37.76235],[-122.43704,37.75916],[-122.43596,37.75922],[-122.43485,37.75929],[-122.43374,37.75936],[-122.43264,37.75942],[-122.43256,37.75862],[-122.43248,37.75782],[-122.43251,37.75758],[-122.4325,37.75752],[-122.43249,37.7574],[-122.43243,37.75728],[-122.43241,37.75702],[-122.43233,37.75623],[-122.43225,37.75542],[-122.43218,37.75463],[-122.43439,37.75449],[-122.43526,37.75444],[-122.43545,37.75438],[-122.43589,37.75436],[-122.43592,37.75439],[-122.43878,37.75423],[-122.43986,37.75417],[-122.44093,37.7541],[-122.44108,37.75418],[-122.4409,37.75449],[-122.44173,37.75464],[-122.44184,37.75466],[-122.44172,37.75499],[-122.44152,37.75529],[-122.44144,37.75541],[-122.44137,37.75552],[-122.44129,37.75563],[-122.44111,37.75589],[-122.44109,37.7561],[-122.44112,37.75618],[-122.4413,37.75638],[-122.4416,37.75651],[-122.44196,37.75654],[-122.44222,37.75664],[-122.44234,37.75669],[-122.44252,37.75683],[-122.44262,37.75694],[-122.44279,37.75718],[-122.44291,37.75736],[-122.443,37.75749],[-122.44305,37.75754],[-122.4432,37.75771],[-122.44322,37.7578],[-122.44378,37.75819],[-122.44399,37.75815],[-122.44425,37.75826],[-122.44456,37.75833],[-122.44474,37.75833],[-122.44491,37.75833],[-122.44586,37.75874],[-122.44602,37.75872],[-122.44627,37.75875],[-122.4464,37.75886],[-122.44645,37.75905],[-122.44644,37.75924],[-122.44643,37.75946],[-122.44642,37.75973],[-122.44641,37.75986],[-122.4464,37.76001],[-122.44639,37.76011],[-122.44636,37.7603],[-122.44634,37.76041],[-122.44637,37.76064],[-122.44638,37.76078],[-122.44639,37.76091],[-122.44643,37.76101],[-122.44641,37.76109],[-122.44653,37.7614],[-122.44668,37.76163],[-122.44678,37.76178],[-122.44531,37.76188],[-122.4442,37.76195],[-122.44336,37.762],[-122.44291,37.76202],[-122.44017,37.76219],[-122.43949,37.76223],[-122.43842,37.76229],[-122.43734,37.76235]]]]}},{"type":"Feature","properties":{"name":"Excelsior"},"geometry":{"type":"MultiPolygon","coordinates":[[[[-122.43108,37.7165],[-122.4327,37.71435],[-122.43274,37.71437],[-122.43354,37.71325],[-122.43371,37.71314],[-122.43454,37.71348],[-122.43536,37.71384],[-122.43699,37.71458],[-122.43862,37.71531],[-122.43944,37.71567],[-122.44026,37.71604],[-122.44102,37.71646],[-122.44042,37.71724],[-122.4395,37.71847],[-122.43886,37.71931],[-122.43833,37.72002],[-122.43746,37.72116],[-122.43715,37.72158],[-122.43539,37.72391],[-122.4348,37.72468],[-122.43362,37.72624],[-122.43291,37.72718],[-122.43281,37.72732],[-122.43245,37.72764],[-122.43129,37.72873],[-122.43039,37.72855],[-122.42867,37.72853],[-122.42821,37.72855],[-122.42758,37.72857],[-122.42642,37.72862],[-122.42596,37.72864],[-122.4242,37.72874],[-122.42374,37.72876],[-122.42334,37.72779],[-122.42284,37.7266],[-122.42234,37.7254],[-122.42185,37.7242],[-122.42418,37.72359],[-122.42433,37.72351],[-122.42436,37.72352],[-122.42485,37.72287],[-122.42479,37.72284],[-122.42524,37.72224],[-122.42436,37.72192],[-122.42553,37.72036],[-122.42535,37.72029],[-122.42534,37.72033],[-122.42493,37.72019],[-122.42482,37.72016],[-122.42453,37.72011],[-122.42429,37.72006],[-122.42401,37.72001],[-122.4238,37.71997],[-122.42367,37.71994],[-122.42357,37.71989],[-122.42348,37.71983],[-122.42341,37.71976],[-122.42335,37.71966],[-122.42331,37.71953],[-122.42333,37.7194],[-122.42337,37.71926],[-122.42338,37.71908],[-122.42337,37.71897],[-122.42333,37.71884],[-122.42328,37.71876],[-122.4232,37.71865],[-122.4229,37.71825],[-122.42507,37.71687],[-122.42551,37.71769],[-122.42561,37.71785],[-122.42575,37.718],[-122.42591,37.71812],[-122.42622,37.71825],[-122.42664,37.71714],[-122.42656,37.71709],[-122.42711,37.71563],[-122.43108,37.7165]]]]}},{"type":"Feature","properties":{"name":"Fairmount"},"geometry":{"type":"MultiPolygon","coordinates":[[[[-122.43556,37.74316],[-122.43332,37.7433],[-122.43338,37.74317],[-122.43326,37.7419],[-122.4329,37.74192],[-122.43278,37.7419],[-122.4326,37.7418],[-122.43244,37.74177],[-122.43222,37.74178],[-122.43202,37.74179],[-122.43089,37.74183],[-122.42329,37.74229],[-122.42415,37.73987],[-122.42428,37.73978],[-122.42448,37.73899],[-122.42472,37.73843],[-122.4249,37.73815],[-122.42508,37.73785],[-122.42528,37.73765],[-122.4256,37.73732],[-122.42666,37.73642],[-122.42787,37.73554],[-122.42861,37.73506],[-122.42932,37.73467],[-122.4297,37.73503],[-122.43025,37.73556],[-122.43079,37.73609],[-122.43135,37.73662],[-122.43137,37.73667],[-122.43156,37.73682],[-122.43176,37.73689],[-122.43198,37.73689],[-122.43242,37.7369],[-122.43257,37.73692],[-122.43272,37.73701],[-122.43296,37.73723],[-122.43317,37.73746],[-122.43395,37.73814],[-122.43404,37.73878],[-122.43408,37.73888],[-122.43431,37.73945],[-122.43433,37.74012],[-122.43494,37.74008],[-122.43525,37.74005],[-122.43554,37.74005],[-122.43584,37.74015],[-122.43575,37.74023],[-122.43552,37.74067],[-122.43544,37.74097],[-122.43546,37.74127],[-122.43552,37.74143],[-122.43562,37.74153],[-122.43546,37.74148],[-122.43533,37.74162],[-122.43532,37.74171],[-122.43539,37.74192],[-122.43546,37.74227],[-122.43551,37.74259],[-122.43554,37.7427],[-122.43556,37.74316]]]]}},{"type":"Feature","properties":{"name":"Financial District"},"geometry":{"type":"MultiPolygon","coordinates":[[[[-122.40296,37.79378],[-122.40332,37.79553],[-122.40168,37.79572],[-122.40049,37.79588],[-122.39815,37.79619],[-122.39696,37.79635],[-122.39678,37.79639],[-122.39649,37.79646],[-122.39617,37.7965],[-122.39584,37.79655],[-122.39541,37.79668],[-122.39516,37.79664],[-122.3948,37.79671],[-122.39468,37.79658],[-122.39317,37.79751],[-122.39309,37.79743],[-122.39347,37.79721],[-122.39413,37.79686],[-122.39393,37.79665],[-122.39385,37.79669],[-122.39374,37.79657],[-122.39388,37.7965],[-122.3936,37.7962],[-122.39352,37.79624],[-122.3934,37.7961],[-122.39348,37.79606],[-122.39326,37.79583],[-122.3932,37.79586],[-122.39301,37.79565],[-122.39306,37.79563],[-122.393,37.79556],[-122.39159,37.79621],[-122.3912,37.79578],[-122.39241,37.79482],[-122.39227,37.79467],[-122.39194,37.79485],[-122.39165,37.79455],[-122.39195,37.79434],[-122.39179,37.79417],[-122.39173,37.7942],[-122.39167,37.79413],[-122.39167,37.79405],[-122.39198,37.79387],[-122.39159,37.79353],[-122.39172,37.79343],[-122.38931,37.7914],[-122.3894,37.79131],[-122.39001,37.79083],[-122.39097,37.79007],[-122.39186,37.78937],[-122.39272,37.78869],[-122.39428,37.78993],[-122.39581,37.79115],[-122.39757,37.78976],[-122.3998,37.78801],[-122.4005,37.78745],[-122.40104,37.78789],[-122.40207,37.78872],[-122.40196,37.78892],[-122.402,37.7891],[-122.40219,37.79004],[-122.40238,37.79097],[-122.40403,37.79076],[-122.40422,37.79169],[-122.40442,37.79264],[-122.40461,37.79357],[-122.40296,37.79378]]]]}},{"type":"Feature","properties":{"name":"Fishermans Wharf"},"geometry":{"type":"MultiPolygon","coordinates":[[[[-122.42018,37.80479],[-122.42037,37.80572],[-122.42056,37.80666],[-122.42074,37.80759],[-122.42241,37.80738],[-122.42216,37.80756],[-122.42192,37.80775],[-122.4218,37.80784],[-122.42162,37.80799],[-122.42154,37.80806],[-122.42179,37.80837],[-122.42176,37.8084],[-122.42149,37.80811],[-122.42132,37.80828],[-122.42159,37.80853],[-122.42156,37.80854],[-122.4213,37.8083],[-122.42106,37.80856],[-122.4211,37.8088],[-122.42149,37.80913],[-122.42145,37.80916],[-122.42289,37.81022],[-122.42284,37.81026],[-122.42137,37.80916],[-122.42121,37.80919],[-122.42104,37.80896],[-122.42094,37.80897],[-122.42091,37.8088],[-122.42086,37.8088],[-122.42072,37.8089],[-122.42076,37.80908],[-122.42069,37.80908],[-122.42068,37.80902],[-122.42036,37.809],[-122.42038,37.80893],[-122.42067,37.80896],[-122.42064,37.80876],[-122.42054,37.80877],[-122.42046,37.8083],[-122.4191,37.80847],[-122.41912,37.80855],[-122.41898,37.80856],[-122.41897,37.80848],[-122.41789,37.80862],[-122.41792,37.80882],[-122.41784,37.80883],[-122.41781,37.80865],[-122.41773,37.80865],[-122.41773,37.80859],[-122.41756,37.80858],[-122.41749,37.80858],[-122.41748,37.80842],[-122.41767,37.80838],[-122.41762,37.8083],[-122.41739,37.80832],[-122.41735,37.80812],[-122.41635,37.80826],[-122.41635,37.80833],[-122.41631,37.80833],[-122.41634,37.80848],[-122.41718,37.8085],[-122.41718,37.80853],[-122.41615,37.8085],[-122.41614,37.80854],[-122.41621,37.80854],[-122.41619,37.80885],[-122.41743,37.80893],[-122.41741,37.80917],[-122.41929,37.8104],[-122.41931,37.81038],[-122.4206,37.81127],[-122.42035,37.81151],[-122.42,37.81128],[-122.41985,37.81132],[-122.41995,37.81156],[-122.41992,37.81157],[-122.41972,37.81113],[-122.41922,37.81089],[-122.41919,37.81093],[-122.4191,37.81092],[-122.41899,37.81084],[-122.41894,37.81088],[-122.41913,37.81102],[-122.41905,37.81109],[-122.41947,37.81138],[-122.41935,37.81149],[-122.41885,37.81147],[-122.41535,37.80916],[-122.4152,37.80917],[-122.41519,37.8092],[-122.41541,37.80936],[-122.41537,37.80941],[-122.41504,37.80919],[-122.41489,37.80924],[-122.41522,37.80944],[-122.41518,37.80948],[-122.41485,37.80926],[-122.41478,37.80928],[-122.41478,37.80937],[-122.41534,37.80975],[-122.41529,37.80984],[-122.41456,37.80956],[-122.41402,37.80947],[-122.41342,37.80924],[-122.41337,37.80932],[-122.41428,37.80995],[-122.41403,37.81014],[-122.41378,37.80991],[-122.41386,37.80985],[-122.41262,37.80908],[-122.4125,37.80907],[-122.4124,37.80912],[-122.41263,37.80939],[-122.41257,37.80943],[-122.41233,37.80918],[-122.4121,37.80928],[-122.41232,37.80956],[-122.41225,37.8096],[-122.41204,37.80934],[-122.412,37.80933],[-122.41189,37.80939],[-122.41286,37.81052],[-122.41271,37.81058],[-122.41151,37.81124],[-122.41149,37.81122],[-122.41132,37.81094],[-122.41125,37.81112],[-122.41095,37.81122],[-122.41093,37.81128],[-122.41068,37.81137],[-122.41061,37.81135],[-122.41042,37.81141],[-122.41015,37.81151],[-122.40851,37.81128],[-122.40758,37.8088],[-122.40771,37.80838],[-122.40761,37.8084],[-122.40751,37.80811],[-122.40755,37.80811],[-122.40754,37.80807],[-122.40745,37.80801],[-122.40749,37.80793],[-122.40743,37.8079],[-122.40735,37.80805],[-122.40664,37.80782],[-122.40682,37.81],[-122.40679,37.81002],[-122.40613,37.81004],[-122.4059,37.80716],[-122.40575,37.80679],[-122.40566,37.80667],[-122.40575,37.80651],[-122.4056,37.80635],[-122.40549,37.80578],[-122.40536,37.8057],[-122.40696,37.80549],[-122.40852,37.8053],[-122.41012,37.8051],[-122.41031,37.80603],[-122.42018,37.80479]]]]}},{"type":"Feature","properties":{"name":"Forest Hill"},"geometry":{"type":"MultiPolygon","coordinates":[[[[-122.46807,37.74338],[-122.46819,37.74486],[-122.46759,37.74489],[-122.46758,37.74493],[-122.46754,37.74494],[-122.46761,37.74505],[-122.46748,37.74521],[-122.46746,37.74522],[-122.46623,37.74804],[-122.46628,37.74812],[-122.46647,37.75094],[-122.4654,37.75099],[-122.46553,37.75285],[-122.46446,37.7529],[-122.46418,37.75291],[-122.46388,37.75364],[-122.46379,37.75365],[-122.46364,37.75331],[-122.4634,37.75298],[-122.46317,37.75274],[-122.46285,37.75251],[-122.46247,37.75219],[-122.46218,37.75187],[-122.46185,37.75162],[-122.46162,37.75152],[-122.46152,37.7515],[-122.4615,37.7514],[-122.46113,37.75092],[-122.46067,37.74994],[-122.46065,37.74991],[-122.46049,37.74971],[-122.46004,37.74928],[-122.45973,37.74898],[-122.45963,37.74894],[-122.45961,37.74885],[-122.45894,37.7482],[-122.45882,37.74804],[-122.45879,37.74781],[-122.45886,37.74766],[-122.45915,37.74739],[-122.45917,37.74729],[-122.46369,37.74375],[-122.46807,37.74338]]]]}},{"type":"Feature","properties":{"name":"Forest Knolls"},"geometry":{"type":"MultiPolygon","coordinates":[[[[-122.45408,37.75703],[-122.45414,37.75671],[-122.45417,37.75651],[-122.45425,37.75635],[-122.45437,37.75618],[-122.45452,37.75596],[-122.45467,37.75575],[-122.45482,37.75555],[-122.45491,37.75539],[-122.45501,37.7552],[-122.45505,37.75512],[-122.45509,37.75498],[-122.45513,37.75488],[-122.45516,37.7545],[-122.45518,37.75434],[-122.45524,37.75421],[-122.45537,37.75401],[-122.45554,37.75377],[-122.4557,37.75353],[-122.45578,37.75341],[-122.45592,37.75315],[-122.45599,37.75297],[-122.45603,37.75289],[-122.45603,37.75285],[-122.45601,37.75209],[-122.45609,37.7518],[-122.45645,37.75148],[-122.45703,37.7514],[-122.45899,37.75195],[-122.45977,37.75188],[-122.46014,37.75185],[-122.46067,37.75181],[-122.46116,37.75169],[-122.46152,37.7515],[-122.46162,37.75152],[-122.46185,37.75162],[-122.462,37.75173],[-122.46218,37.75187],[-122.46237,37.75208],[-122.46247,37.75219],[-122.46262,37.75232],[-122.46277,37.75245],[-122.46293,37.75256],[-122.46304,37.75265],[-122.46317,37.75274],[-122.46329,37.75287],[-122.4634,37.75298],[-122.46351,37.75314],[-122.46364,37.75331],[-122.46371,37.75345],[-122.46378,37.7536],[-122.4638,37.75367],[-122.46384,37.75381],[-122.46384,37.754],[-122.46384,37.75415],[-122.46377,37.75442],[-122.46372,37.7546],[-122.46368,37.75474],[-122.46363,37.75479],[-122.46358,37.75501],[-122.46355,37.7553],[-122.46359,37.75574],[-122.46364,37.75645],[-122.46366,37.75676],[-122.46369,37.75721],[-122.46371,37.75749],[-122.46372,37.7577],[-122.46378,37.75854],[-122.46323,37.75856],[-122.46314,37.75874],[-122.46317,37.75881],[-122.46155,37.75896],[-122.45952,37.75916],[-122.4595,37.75911],[-122.45942,37.7591],[-122.45935,37.75878],[-122.45939,37.7587],[-122.45948,37.75864],[-122.45973,37.75859],[-122.45992,37.75855],[-122.46018,37.7585],[-122.4603,37.75848],[-122.46048,37.75843],[-122.46071,37.75838],[-122.4608,37.75832],[-122.46084,37.75818],[-122.46072,37.75804],[-122.46059,37.75794],[-122.46047,37.75784],[-122.46029,37.75764],[-122.46019,37.75752],[-122.4599,37.75732],[-122.45978,37.75715],[-122.45971,37.757],[-122.45969,37.75687],[-122.45963,37.75657],[-122.45962,37.7564],[-122.45961,37.75623],[-122.45959,37.75611],[-122.45956,37.75593],[-122.45952,37.75577],[-122.45948,37.75562],[-122.45936,37.75546],[-122.45871,37.7551],[-122.45854,37.75508],[-122.45844,37.75507],[-122.45832,37.7551],[-122.45816,37.7552],[-122.45808,37.7553],[-122.45799,37.75545],[-122.4579,37.75555],[-122.45778,37.75563],[-122.45772,37.75566],[-122.4576,37.7557],[-122.45754,37.75572],[-122.45743,37.75574],[-122.45735,37.75569],[-122.45726,37.7559],[-122.45724,37.75605],[-122.45727,37.75621],[-122.45735,37.75631],[-122.45744,37.75642],[-122.45747,37.75656],[-122.45743,37.75666],[-122.45735,37.75675],[-122.4572,37.75683],[-122.45704,37.75684],[-122.45647,37.75675],[-122.45605,37.75669],[-122.45591,37.75667],[-122.45565,37.75668],[-122.45543,37.75672],[-122.45507,37.75682],[-122.45476,37.7569],[-122.45408,37.75703]]]]}},{"type":"Feature","properties":{"name":"Glen Park"},"geometry":{"type":"MultiPolygon","coordinates":[[[[-122.44006,37.73881],[-122.43971,37.73884],[-122.43969,37.73878],[-122.43955,37.73869],[-122.43947,37.73864],[-122.4388,37.73851],[-122.4379,37.73833],[-122.43765,37.73828],[-122.43747,37.73827],[-122.4374,37.73829],[-122.43731,37.73827],[-122.43693,37.73841],[-122.43667,37.73869],[-122.43668,37.73875],[-122.43584,37.74015],[-122.43554,37.74005],[-122.43525,37.74005],[-122.43494,37.74008],[-122.43433,37.74012],[-122.43431,37.73945],[-122.43421,37.73921],[-122.43416,37.73909],[-122.43404,37.73878],[-122.43395,37.73814],[-122.43369,37.73791],[-122.43317,37.73746],[-122.433,37.73728],[-122.43296,37.73723],[-122.43283,37.73711],[-122.4327,37.737],[-122.43257,37.73692],[-122.43242,37.7369],[-122.43198,37.73689],[-122.43176,37.73689],[-122.43156,37.73682],[-122.43146,37.73674],[-122.43137,37.73667],[-122.43135,37.73662],[-122.43079,37.73609],[-122.43025,37.73556],[-122.4297,37.73503],[-122.42932,37.73467],[-122.42956,37.73454],[-122.4298,37.73441],[-122.43017,37.73423],[-122.43058,37.73403],[-122.43234,37.73321],[-122.43267,37.73306],[-122.43309,37.73287],[-122.43323,37.7328],[-122.43346,37.7327],[-122.43363,37.73262],[-122.43396,37.73247],[-122.43431,37.73231],[-122.43434,37.73233],[-122.4346,37.73232],[-122.43444,37.73253],[-122.43499,37.7323],[-122.43517,37.73235],[-122.43541,37.73239],[-122.43537,37.73254],[-122.43747,37.73294],[-122.4372,37.73375],[-122.43754,37.73381],[-122.43774,37.73385],[-122.43774,37.73385],[-122.43842,37.73398],[-122.43887,37.73407],[-122.43886,37.73409],[-122.43894,37.73412],[-122.43895,37.73413],[-122.43902,37.73415],[-122.4391,37.73418],[-122.43918,37.7342],[-122.4392,37.73421],[-122.43926,37.73423],[-122.43928,37.73424],[-122.43934,37.73426],[-122.43937,37.73427],[-122.43942,37.73428],[-122.4395,37.73431],[-122.43958,37.73434],[-122.43966,37.73437],[-122.43974,37.73439],[-122.43982,37.73442],[-122.43997,37.73447],[-122.44013,37.73453],[-122.44015,37.73451],[-122.44031,37.73456],[-122.44033,37.73452],[-122.44049,37.73458],[-122.44056,37.73461],[-122.44072,37.73466],[-122.44071,37.73469],[-122.44087,37.73473],[-122.44082,37.73486],[-122.4408,37.73491],[-122.44031,37.7348],[-122.43993,37.73486],[-122.44002,37.73491],[-122.44069,37.73507],[-122.44081,37.73525],[-122.441,37.73554],[-122.44115,37.73571],[-122.44125,37.73577],[-122.44138,37.73586],[-122.44162,37.73593],[-122.44173,37.73596],[-122.44187,37.73598],[-122.44193,37.73597],[-122.44203,37.73599],[-122.44215,37.73597],[-122.44232,37.73592],[-122.44246,37.73589],[-122.44261,37.73584],[-122.44279,37.73579],[-122.44293,37.73575],[-122.44303,37.73573],[-122.44316,37.73569],[-122.4433,37.73568],[-122.44341,37.73569],[-122.44345,37.73569],[-122.44357,37.73573],[-122.44367,37.73579],[-122.44375,37.73586],[-122.44382,37.73601],[-122.44383,37.73613],[-122.4438,37.73624],[-122.44375,37.73635],[-122.44366,37.73643],[-122.4436,37.7365],[-122.44349,37.73654],[-122.44328,37.73667],[-122.44309,37.73679],[-122.44291,37.73689],[-122.44281,37.73696],[-122.44261,37.73708],[-122.44243,37.73726],[-122.44236,37.73742],[-122.44233,37.73763],[-122.44236,37.73776],[-122.44238,37.73783],[-122.44242,37.73795],[-122.44247,37.73808],[-122.4425,37.73817],[-122.44254,37.73832],[-122.44255,37.73847],[-122.44255,37.73854],[-122.44254,37.73864],[-122.44251,37.7388],[-122.44249,37.7389],[-122.44248,37.73897],[-122.44245,37.73914],[-122.44244,37.73923],[-122.44245,37.73938],[-122.44245,37.73946],[-122.44252,37.73958],[-122.44263,37.73968],[-122.44266,37.73972],[-122.44272,37.73975],[-122.44278,37.73979],[-122.44281,37.73981],[-122.44299,37.73987],[-122.44321,37.73992],[-122.44334,37.73994],[-122.44343,37.73997],[-122.44353,37.74],[-122.44366,37.74003],[-122.44376,37.74009],[-122.44387,37.74014],[-122.44403,37.74028],[-122.44414,37.74042],[-122.4443,37.74062],[-122.44438,37.74068],[-122.44446,37.74074],[-122.44459,37.74082],[-122.44464,37.74085],[-122.44489,37.74094],[-122.44504,37.74096],[-122.44518,37.74099],[-122.44531,37.741],[-122.44541,37.74101],[-122.44551,37.74103],[-122.4457,37.74108],[-122.44586,37.74118],[-122.44596,37.7412],[-122.44598,37.74129],[-122.44601,37.74135],[-122.44602,37.74138],[-122.44605,37.74148],[-122.44607,37.74155],[-122.44609,37.74165],[-122.4461,37.74177],[-122.44611,37.74183],[-122.44618,37.7421],[-122.44625,37.74222],[-122.44635,37.74233],[-122.44646,37.74241],[-122.44658,37.74248],[-122.44672,37.74254],[-122.44681,37.74258],[-122.44709,37.74264],[-122.44737,37.74267],[-122.44764,37.7427],[-122.44787,37.74272],[-122.44807,37.74273],[-122.44831,37.74276],[-122.44851,37.74277],[-122.4488,37.74281],[-122.4491,37.74289],[-122.44931,37.74298],[-122.44953,37.74311],[-122.44965,37.74322],[-122.44977,37.74334],[-122.44993,37.74352],[-122.45003,37.74365],[-122.45052,37.74425],[-122.45072,37.7445],[-122.45091,37.74473],[-122.45114,37.74501],[-122.45127,37.74517],[-122.45133,37.74525],[-122.45143,37.74537],[-122.4515,37.74546],[-122.45162,37.74553],[-122.45085,37.74583],[-122.44779,37.74644],[-122.44774,37.7463],[-122.44743,37.74638],[-122.44733,37.74615],[-122.44731,37.74611],[-122.44729,37.74606],[-122.44726,37.746],[-122.44719,37.74584],[-122.44714,37.74575],[-122.44677,37.74543],[-122.44667,37.7453],[-122.44615,37.74462],[-122.44609,37.7445],[-122.44605,37.74433],[-122.44602,37.74419],[-122.44595,37.74386],[-122.44591,37.74366],[-122.44553,37.74343],[-122.44514,37.74328],[-122.44493,37.74321],[-122.44473,37.74314],[-122.44452,37.74307],[-122.44418,37.74295],[-122.44405,37.74291],[-122.44379,37.74298],[-122.44353,37.74306],[-122.44321,37.74325],[-122.44303,37.74337],[-122.44275,37.74354],[-122.44257,37.74365],[-122.44228,37.74399],[-122.44188,37.74361],[-122.44147,37.74247],[-122.44104,37.74218],[-122.44072,37.74197],[-122.44096,37.7415],[-122.44065,37.74117],[-122.43993,37.74077],[-122.44008,37.74035],[-122.43974,37.74037],[-122.43987,37.74023],[-122.43987,37.7401],[-122.44016,37.74009],[-122.44007,37.73898],[-122.44006,37.73881]]]]}},{"type":"Feature","properties":{"name":"Golden Gate Heights"},"geometry":{"type":"MultiPolygon","coordinates":[[[[-122.47033,37.76012],[-122.4702,37.75826],[-122.46378,37.75854],[-122.46366,37.75676],[-122.46355,37.7553],[-122.46358,37.75501],[-122.46363,37.75479],[-122.46368,37.75474],[-122.46376,37.75447],[-122.46384,37.75415],[-122.46384,37.75405],[-122.46384,37.75381],[-122.46379,37.75365],[-122.46388,37.75364],[-122.46418,37.75291],[-122.46446,37.7529],[-122.46553,37.75285],[-122.4654,37.75099],[-122.46647,37.75094],[-122.46628,37.74812],[-122.46624,37.74804],[-122.46744,37.74522],[-122.46746,37.74522],[-122.46761,37.74506],[-122.46752,37.74494],[-122.46757,37.74493],[-122.46759,37.74489],[-122.46819,37.74486],[-122.46807,37.74338],[-122.47564,37.74305],[-122.47577,37.74492],[-122.47655,37.75611],[-122.47681,37.75983],[-122.47033,37.76012]]]]}},{"type":"Feature","properties":{"name":"Golden Gate Park"},"geometry":{"type":"MultiPolygon","coordinates":[[[[-122.51314,37.77133],[-122.51105,37.77134],[-122.50775,37.7715],[-122.50347,37.77169],[-122.49597,37.77203],[-122.48954,37.77233],[-122.48419,37.77257],[-122.47777,37.77286],[-122.47176,37.77314],[-122.46802,37.7733],[-122.46588,37.7734],[-122.46513,37.77344],[-122.45837,37.77431],[-122.45468,37.77476],[-122.45408,37.77193],[-122.45407,37.77187],[-122.45392,37.77113],[-122.4539,37.77105],[-122.45335,37.76825],[-122.453,37.76648],[-122.45295,37.76637],[-122.45459,37.76617],[-122.45691,37.76587],[-122.45719,37.76588],[-122.45762,37.76597],[-122.45779,37.76601],[-122.45798,37.76603],[-122.45857,37.76622],[-122.45883,37.76622],[-122.45895,37.76626],[-122.46644,37.76592],[-122.47731,37.76545],[-122.48369,37.76516],[-122.49548,37.76464],[-122.49655,37.7646],[-122.50083,37.76441],[-122.51034,37.764],[-122.51255,37.76393],[-122.51273,37.76418],[-122.51311,37.76724],[-122.51313,37.76929],[-122.51314,37.77133]]]]}},{"type":"Feature","properties":{"name":"Haight Ashbury"},"geometry":{"type":"MultiPolygon","coordinates":[[[[-122.44839,37.76886],[-122.45335,37.76825],[-122.4539,37.77105],[-122.45378,37.77102],[-122.44572,37.77208],[-122.44402,37.7723],[-122.44346,37.7695],[-122.44511,37.76928],[-122.44473,37.76743],[-122.44801,37.76701],[-122.44839,37.76886]]]]}},{"type":"Feature","properties":{"name":"Hayes Valley"},"geometry":{"type":"MultiPolygon","coordinates":[[[[-122.42335,37.77875],[-122.4226,37.77502],[-122.42918,37.77418],[-122.42937,37.77511],[-122.43101,37.7749],[-122.43157,37.7777],[-122.42335,37.77875]]]]}},{"type":"Feature","properties":{"name":"Holly Park"},"geometry":{"type":"MultiPolygon","coordinates":[[[[-122.41925,37.73328],[-122.41919,37.734],[-122.42017,37.73405],[-122.42007,37.73505],[-122.42022,37.73506],[-122.42212,37.73515],[-122.4226,37.73518],[-122.42269,37.7352],[-122.4247,37.73537],[-122.42447,37.73606],[-122.4246,37.73594],[-122.42621,37.73607],[-122.42673,37.73638],[-122.42666,37.73642],[-122.4256,37.73732],[-122.42508,37.73785],[-122.42472,37.73843],[-122.42448,37.73899],[-122.42428,37.73978],[-122.42415,37.73987],[-122.42358,37.73988],[-122.42284,37.74103],[-122.42086,37.74022],[-122.41858,37.7393],[-122.41846,37.73925],[-122.41652,37.73906],[-122.41646,37.73898],[-122.41697,37.73315],[-122.41797,37.73309],[-122.41796,37.73315],[-122.41858,37.73318],[-122.41858,37.73325],[-122.41925,37.73328]]]]}},{"type":"Feature","properties":{"name":"Hunters Point"},"geometry":{"type":"MultiPolygon","coordinates":[[[[-122.37201,37.72987],[-122.36975,37.73237],[-122.36963,37.73251],[-122.36957,37.73244],[-122.36952,37.7323],[-122.36951,37.7322],[-122.36919,37.73199],[-122.36889,37.73193],[-122.36868,37.73197],[-122.36862,37.73209],[-122.36864,37.7322],[-122.36859,37.73227],[-122.36824,37.73228],[-122.36762,37.73196],[-122.36732,37.73198],[-122.36715,37.73211],[-122.36697,37.73218],[-122.36689,37.73227],[-122.36679,37.7323],[-122.36668,37.73222],[-122.36533,37.73379],[-122.3652,37.73377],[-122.3664,37.73234],[-122.36623,37.73224],[-122.36545,37.73305],[-122.36533,37.733],[-122.36535,37.73289],[-122.36619,37.73192],[-122.366,37.73183],[-122.36516,37.73277],[-122.36501,37.73283],[-122.36494,37.73276],[-122.36497,37.73266],[-122.36581,37.73172],[-122.36565,37.73163],[-122.36483,37.73254],[-122.36473,37.73249],[-122.36511,37.73207],[-122.3637,37.73128],[-122.36288,37.73214],[-122.36262,37.73201],[-122.3634,37.73112],[-122.36285,37.7308],[-122.36206,37.73167],[-122.36178,37.73154],[-122.36257,37.73064],[-122.36198,37.73033],[-122.36209,37.73021],[-122.36188,37.73008],[-122.36135,37.73009],[-122.36112,37.73006],[-122.36088,37.72991],[-122.36078,37.72998],[-122.36081,37.73017],[-122.36063,37.73026],[-122.36023,37.73032],[-122.35992,37.73033],[-122.35879,37.72978],[-122.35884,37.72966],[-122.35897,37.72952],[-122.36203,37.72879],[-122.36222,37.72868],[-122.36229,37.72859],[-122.36218,37.72848],[-122.36194,37.72844],[-122.35773,37.72944],[-122.35748,37.72925],[-122.35787,37.72895],[-122.36014,37.72842],[-122.36037,37.72828],[-122.36036,37.72815],[-122.3602,37.72814],[-122.35996,37.72815],[-122.35716,37.72883],[-122.35712,37.72866],[-122.35698,37.72869],[-122.3577,37.72628],[-122.35801,37.72604],[-122.36164,37.72522],[-122.36125,37.72417],[-122.35796,37.72494],[-122.35784,37.72462],[-122.36152,37.72378],[-122.36201,37.72406],[-122.36209,37.72399],[-122.36497,37.72572],[-122.36519,37.72569],[-122.36531,37.72557],[-122.36529,37.72539],[-122.36237,37.72368],[-122.36275,37.72326],[-122.35998,37.72163],[-122.36024,37.72136],[-122.363,37.72298],[-122.36381,37.7221],[-122.35916,37.71937],[-122.35913,37.71931],[-122.35985,37.7185],[-122.36003,37.71849],[-122.36271,37.72007],[-122.36366,37.71905],[-122.3625,37.71838],[-122.36246,37.71826],[-122.36251,37.71816],[-122.35858,37.71588],[-122.35872,37.71573],[-122.36264,37.71802],[-122.36387,37.71673],[-122.35992,37.71443],[-122.36004,37.7143],[-122.36397,37.71658],[-122.36428,37.71628],[-122.36442,37.71632],[-122.36471,37.71648],[-122.36489,37.71639],[-122.36499,37.71622],[-122.3652,37.71602],[-122.36539,37.71597],[-122.36556,37.716],[-122.36565,37.71606],[-122.36618,37.71666],[-122.36786,37.71771],[-122.36825,37.71778],[-122.36861,37.71781],[-122.36927,37.71778],[-122.3696,37.71788],[-122.36985,37.71804],[-122.36998,37.71824],[-122.37012,37.71852],[-122.3704,37.71869],[-122.37086,37.71876],[-122.37101,37.71873],[-122.37152,37.71886],[-122.37175,37.719],[-122.37259,37.719],[-122.37338,37.71882],[-122.37378,37.71881],[-122.37405,37.71895],[-122.37415,37.71914],[-122.37417,37.71941],[-122.37442,37.71967],[-122.37464,37.71985],[-122.37488,37.72007],[-122.37544,37.72033],[-122.37555,37.72044],[-122.37587,37.72123],[-122.37592,37.7222],[-122.37593,37.72263],[-122.37609,37.72296],[-122.37635,37.72321],[-122.37657,37.72334],[-122.37672,37.72348],[-122.37667,37.72357],[-122.37708,37.72424],[-122.37723,37.72417],[-122.37763,37.72416],[-122.37786,37.72409],[-122.37838,37.724],[-122.37885,37.72385],[-122.37911,37.72363],[-122.37923,37.72332],[-122.37927,37.72308],[-122.37938,37.72299],[-122.37972,37.72288],[-122.37981,37.7227],[-122.37997,37.72229],[-122.38024,37.72207],[-122.3805,37.72184],[-122.3808,37.72176],[-122.38097,37.7218],[-122.38174,37.72219],[-122.38207,37.72221],[-122.38237,37.72231],[-122.38255,37.72239],[-122.38356,37.723],[-122.3838,37.72319],[-122.38396,37.72346],[-122.38434,37.7235],[-122.38489,37.72391],[-122.38504,37.72411],[-122.3852,37.7241],[-122.38561,37.72414],[-122.38621,37.72447],[-122.38645,37.72447],[-122.38669,37.7244],[-122.3868,37.7243],[-122.38692,37.72416],[-122.38596,37.72363],[-122.38546,37.72336],[-122.38515,37.72323],[-122.38471,37.72304],[-122.38424,37.72268],[-122.38368,37.72235],[-122.38295,37.72199],[-122.3828,37.72184],[-122.38273,37.72173],[-122.38278,37.72142],[-122.38288,37.72121],[-122.38304,37.72101],[-122.38333,37.72069],[-122.3834,37.72051],[-122.38336,37.72033],[-122.38345,37.7203],[-122.384,37.7197],[-122.38409,37.71967],[-122.38422,37.71981],[-122.38775,37.72181],[-122.38962,37.72285],[-122.3885,37.7241],[-122.38456,37.72849],[-122.38289,37.73034],[-122.38263,37.73051],[-122.38227,37.73062],[-122.38209,37.73064],[-122.38186,37.73062],[-122.38164,37.7306],[-122.38144,37.73058],[-122.38064,37.7305],[-122.38031,37.73053],[-122.38,37.73066],[-122.3799,37.73072],[-122.37978,37.7308],[-122.37965,37.73096],[-122.37955,37.73111],[-122.37948,37.73123],[-122.37939,37.73143],[-122.37935,37.73154],[-122.37935,37.73168],[-122.37935,37.73184],[-122.37947,37.73219],[-122.3796,37.73246],[-122.37985,37.73305],[-122.37992,37.73321],[-122.37993,37.73338],[-122.37992,37.73358],[-122.37983,37.73374],[-122.37968,37.7339],[-122.37955,37.73404],[-122.37943,37.73408],[-122.37201,37.72987]]]]}},{"type":"Feature","properties":{"name":"India Basin"},"geometry":{"type":"MultiPolygon","coordinates":[[[[-122.37201,37.72987],[-122.37943,37.73408],[-122.37941,37.73524],[-122.37941,37.73627],[-122.37941,37.73676],[-122.37941,37.73714],[-122.37934,37.7374],[-122.37911,37.73768],[-122.38094,37.73876],[-122.38471,37.7409],[-122.38655,37.74195],[-122.38793,37.7427],[-122.38763,37.74353],[-122.38737,37.74426],[-122.38713,37.74507],[-122.38717,37.74616],[-122.38312,37.74388],[-122.37685,37.74019],[-122.37694,37.74009],[-122.3761,37.73961],[-122.37492,37.73969],[-122.37491,37.73951],[-122.37396,37.73957],[-122.37401,37.7395],[-122.374,37.73946],[-122.37389,37.73934],[-122.37378,37.73916],[-122.37358,37.73878],[-122.37336,37.73857],[-122.37307,37.7384],[-122.37267,37.73829],[-122.37234,37.73828],[-122.37188,37.73824],[-122.37161,37.73821],[-122.37102,37.73817],[-122.37054,37.73821],[-122.37014,37.73821],[-122.36935,37.73827],[-122.36855,37.73825],[-122.36751,37.73834],[-122.36744,37.73831],[-122.3674,37.73821],[-122.36758,37.73809],[-122.3682,37.73799],[-122.36869,37.73792],[-122.36902,37.73777],[-122.36952,37.73772],[-122.36995,37.73757],[-122.37058,37.73737],[-122.37075,37.73737],[-122.37101,37.73718],[-122.37125,37.73707],[-122.37199,37.73704],[-122.37212,37.73715],[-122.3723,37.73709],[-122.37283,37.73704],[-122.37319,37.73707],[-122.37354,37.73718],[-122.37439,37.73781],[-122.37459,37.73785],[-122.37483,37.73796],[-122.37552,37.73834],[-122.37575,37.73842],[-122.37603,37.73848],[-122.3763,37.73841],[-122.37645,37.73827],[-122.37599,37.73799],[-122.37577,37.738],[-122.37549,37.73797],[-122.37526,37.73788],[-122.37511,37.73778],[-122.37494,37.73754],[-122.37488,37.73728],[-122.37492,37.73705],[-122.37505,37.73684],[-122.37503,37.73674],[-122.37513,37.73662],[-122.37516,37.73643],[-122.37524,37.73623],[-122.37574,37.73583],[-122.37595,37.73584],[-122.37588,37.73563],[-122.37583,37.73549],[-122.376,37.73519],[-122.37593,37.73509],[-122.37536,37.73542],[-122.37508,37.73526],[-122.37489,37.735],[-122.37487,37.73492],[-122.37499,37.7347],[-122.37515,37.73456],[-122.37489,37.7344],[-122.37489,37.73413],[-122.37498,37.73386],[-122.37516,37.73375],[-122.37536,37.73342],[-122.37538,37.73331],[-122.37551,37.7332],[-122.37551,37.73311],[-122.37567,37.73289],[-122.37555,37.73283],[-122.37562,37.73275],[-122.37557,37.73272],[-122.3752,37.73296],[-122.37483,37.73279],[-122.37461,37.73288],[-122.37456,37.73282],[-122.3749,37.7326],[-122.37481,37.73254],[-122.37468,37.73264],[-122.37431,37.73255],[-122.37411,37.73266],[-122.37388,37.73277],[-122.37374,37.73288],[-122.37352,37.73295],[-122.37349,37.7331],[-122.37318,37.73331],[-122.37285,37.73361],[-122.37252,37.734],[-122.37218,37.73422],[-122.37191,37.73421],[-122.37159,37.73401],[-122.37107,37.73354],[-122.37051,37.73301],[-122.37008,37.73279],[-122.36963,37.7325],[-122.36975,37.73237],[-122.37201,37.72987]]]]}},{"type":"Feature","properties":{"name":"Ingleside"},"geometry":{"type":"MultiPolygon","coordinates":[[[[-122.46221,37.72527],[-122.46121,37.72495],[-122.46023,37.72475],[-122.45995,37.72469],[-122.45921,37.72453],[-122.45819,37.72432],[-122.45717,37.7241],[-122.45615,37.72389],[-122.45412,37.72346],[-122.45233,37.72308],[-122.45189,37.72275],[-122.45105,37.72241],[-122.45163,37.72156],[-122.45252,37.72028],[-122.45257,37.72015],[-122.45258,37.72004],[-122.45287,37.71929],[-122.45291,37.71917],[-122.45298,37.71919],[-122.453,37.71906],[-122.45305,37.71897],[-122.45309,37.71893],[-122.4536,37.71858],[-122.45358,37.71857],[-122.45367,37.71838],[-122.45358,37.71832],[-122.45377,37.71809],[-122.45396,37.7182],[-122.45408,37.71817],[-122.45419,37.71824],[-122.45611,37.71824],[-122.45919,37.71823],[-122.46264,37.71821],[-122.46264,37.71794],[-122.46444,37.71792],[-122.46534,37.71792],[-122.46984,37.71789],[-122.47073,37.71788],[-122.47163,37.71788],[-122.47224,37.71787],[-122.47244,37.71787],[-122.47253,37.71787],[-122.47232,37.72162],[-122.47198,37.72166],[-122.47176,37.72167],[-122.47167,37.72163],[-122.46974,37.72164],[-122.46762,37.72166],[-122.46556,37.72167],[-122.46226,37.72169],[-122.46221,37.72527]]]]}},{"type":"Feature","properties":{"name":"Ingleside Terraces"},"geometry":{"type":"MultiPolygon","coordinates":[[[[-122.4718,37.73103],[-122.47011,37.73031],[-122.46934,37.72998],[-122.46861,37.7296],[-122.46821,37.72922],[-122.46808,37.72897],[-122.46774,37.72833],[-122.46733,37.72777],[-122.46668,37.72724],[-122.46607,37.72679],[-122.46531,37.72641],[-122.46457,37.72613],[-122.46422,37.726],[-122.46384,37.72586],[-122.46282,37.72548],[-122.46221,37.72527],[-122.46226,37.72169],[-122.47167,37.72163],[-122.47176,37.72167],[-122.47198,37.72166],[-122.47232,37.72162],[-122.47206,37.72682],[-122.4718,37.73103]]]]}},{"type":"Feature","properties":{"name":"Inner Richmond"},"geometry":{"type":"MultiPolygon","coordinates":[[[[-122.47263,37.78631],[-122.46683,37.78657],[-122.46669,37.78472],[-122.45918,37.78568],[-122.45837,37.77431],[-122.46517,37.77344],[-122.46588,37.7734],[-122.47777,37.77286],[-122.47856,37.78418],[-122.47259,37.78445],[-122.47263,37.78631]]]]}},{"type":"Feature","properties":{"name":"Inner Sunset"},"geometry":{"type":"MultiPolygon","coordinates":[[[[-122.47731,37.76545],[-122.46109,37.76616],[-122.45895,37.76626],[-122.45883,37.76622],[-122.45857,37.76622],[-122.45798,37.76603],[-122.45779,37.76601],[-122.45776,37.76535],[-122.45772,37.76481],[-122.4577,37.76455],[-122.45782,37.76441],[-122.45882,37.76437],[-122.45989,37.76432],[-122.45979,37.76293],[-122.46084,37.76263],[-122.46071,37.76255],[-122.46057,37.76044],[-122.46099,37.76042],[-122.46121,37.76006],[-122.46154,37.75998],[-122.46161,37.75998],[-122.46173,37.75995],[-122.46218,37.75993],[-122.46223,37.75992],[-122.46226,37.75991],[-122.46233,37.75989],[-122.46229,37.75981],[-122.46131,37.75931],[-122.46155,37.75896],[-122.46317,37.75881],[-122.46314,37.75874],[-122.46323,37.75856],[-122.46378,37.75854],[-122.46485,37.75849],[-122.46592,37.75844],[-122.46699,37.7584],[-122.46806,37.75835],[-122.46913,37.7583],[-122.4702,37.75826],[-122.47027,37.75925],[-122.47033,37.76012],[-122.47141,37.76008],[-122.47245,37.76003],[-122.47365,37.75998],[-122.47472,37.75993],[-122.4758,37.75988],[-122.47681,37.75983],[-122.47701,37.7617],[-122.47717,37.76356],[-122.47731,37.76545]]]]}},{"type":"Feature","properties":{"name":"Japantown"},"geometry":{"type":"MultiPolygon","coordinates":[[[[-122.42799,37.78495],[-122.42778,37.78392],[-122.42784,37.78388],[-122.42857,37.78379],[-122.43024,37.7836],[-122.43099,37.78351],[-122.43271,37.78329],[-122.43291,37.78436],[-122.43308,37.78515],[-122.43327,37.78609],[-122.43346,37.78702],[-122.43365,37.78795],[-122.432,37.78816],[-122.43036,37.78837],[-122.42871,37.78858],[-122.42706,37.78879],[-122.42686,37.78786],[-122.42667,37.78692],[-122.42664,37.78678],[-122.42656,37.78679],[-122.4265,37.78647],[-122.42622,37.7865],[-122.4262,37.78651],[-122.42612,37.78613],[-122.4261,37.78604],[-122.42637,37.78601],[-122.42636,37.78591],[-122.42625,37.78538],[-122.42623,37.78527],[-122.42789,37.78506],[-122.42799,37.78495]]]]}},{"type":"Feature","properties":{"name":"Laguna Honda"},"geometry":{"type":"MultiPolygon","coordinates":[[[[-122.46369,37.74375],[-122.46138,37.74557],[-122.45917,37.74729],[-122.45915,37.74739],[-122.45886,37.74766],[-122.45879,37.74781],[-122.45882,37.74804],[-122.45894,37.7482],[-122.45921,37.74846],[-122.45961,37.74885],[-122.45963,37.74894],[-122.45973,37.74898],[-122.45998,37.74922],[-122.46049,37.74971],[-122.46065,37.74991],[-122.46071,37.75004],[-122.46113,37.75092],[-122.4615,37.7514],[-122.46152,37.7515],[-122.46116,37.75169],[-122.46102,37.75173],[-122.46067,37.75181],[-122.46057,37.75182],[-122.45899,37.75195],[-122.45703,37.7514],[-122.45645,37.75148],[-122.45644,37.75134],[-122.45587,37.75129],[-122.45519,37.75126],[-122.45464,37.7512],[-122.45461,37.74861],[-122.45227,37.74859],[-122.45221,37.7485],[-122.45217,37.74834],[-122.45207,37.74818],[-122.45103,37.74708],[-122.45101,37.74619],[-122.45087,37.74608],[-122.45085,37.74583],[-122.45162,37.74553],[-122.45191,37.74551],[-122.45209,37.74542],[-122.45252,37.74519],[-122.45328,37.74473],[-122.45336,37.74459],[-122.45353,37.74456],[-122.45393,37.74429],[-122.45414,37.7441],[-122.4542,37.74398],[-122.45436,37.74396],[-122.45493,37.74346],[-122.45528,37.74313],[-122.45527,37.74305],[-122.45537,37.74298],[-122.45581,37.74223],[-122.45594,37.74203],[-122.45616,37.7418],[-122.45636,37.74167],[-122.45664,37.74152],[-122.45706,37.74129],[-122.45748,37.74107],[-122.45771,37.74096],[-122.45812,37.74079],[-122.45846,37.74067],[-122.45877,37.74061],[-122.4589,37.74054],[-122.45933,37.74055],[-122.46095,37.74036],[-122.46106,37.74029],[-122.46124,37.74034],[-122.46278,37.74014],[-122.46344,37.74008],[-122.46375,37.74005],[-122.46436,37.73997],[-122.46475,37.73989],[-122.46518,37.73976],[-122.46524,37.73969],[-122.46525,37.73999],[-122.46519,37.74022],[-122.46504,37.74065],[-122.46494,37.74083],[-122.46463,37.74127],[-122.4643,37.74163],[-122.46409,37.74197],[-122.46395,37.74226],[-122.46387,37.74253],[-122.4638,37.74293],[-122.46369,37.74375]]]]}},{"type":"Feature","properties":{"name":"Lake Street"},"geometry":{"type":"MultiPolygon","coordinates":[[[[-122.48715,37.78379],[-122.48729,37.78565],[-122.48408,37.78579],[-122.48417,37.78731],[-122.48237,37.78709],[-122.48217,37.78725],[-122.48198,37.78724],[-122.47885,37.78701],[-122.47455,37.78695],[-122.47241,37.78735],[-122.47263,37.78631],[-122.47259,37.78445],[-122.48715,37.78379]]]]}},{"type":"Feature","properties":{"name":"Lakeshore"},"geometry":{"type":"MultiPolygon","coordinates":[[[[-122.50854,37.7354],[-122.50672,37.73547],[-122.50526,37.73548],[-122.5031,37.73547],[-122.5011,37.73521],[-122.4992,37.73431],[-122.49664,37.73377],[-122.49134,37.73401],[-122.48896,37.73411],[-122.48903,37.73401],[-122.48884,37.73121],[-122.48795,37.73097],[-122.48752,37.73085],[-122.48705,37.73081],[-122.48618,37.73088],[-122.4853,37.73095],[-122.48442,37.73101],[-122.48354,37.73108],[-122.48266,37.73115],[-122.48179,37.73117],[-122.48134,37.73116],[-122.48134,37.73108],[-122.48129,37.73025],[-122.47993,37.72862],[-122.47988,37.72851],[-122.48026,37.72834],[-122.48139,37.72741],[-122.48193,37.72711],[-122.48386,37.72702],[-122.48508,37.724],[-122.48508,37.71857],[-122.48508,37.71833],[-122.48523,37.71469],[-122.4803,37.71454],[-122.48021,37.71448],[-122.47881,37.71446],[-122.47703,37.71448],[-122.47666,37.71445],[-122.47633,37.71439],[-122.47603,37.71431],[-122.47561,37.71415],[-122.47548,37.71416],[-122.47543,37.71406],[-122.47419,37.71341],[-122.47361,37.71318],[-122.47285,37.71291],[-122.47274,37.71293],[-122.47265,37.71281],[-122.4723,37.71271],[-122.47197,37.71268],[-122.47134,37.71268],[-122.47131,37.71247],[-122.47126,37.71183],[-122.47125,37.71159],[-122.47124,37.71091],[-122.47122,37.70894],[-122.47133,37.70821],[-122.50277,37.70809],[-122.50297,37.70911],[-122.50318,37.70964],[-122.50325,37.71018],[-122.50346,37.7109],[-122.50339,37.71103],[-122.50354,37.71139],[-122.50361,37.71182],[-122.50392,37.71198],[-122.50399,37.71214],[-122.50416,37.71301],[-122.50415,37.71328],[-122.50426,37.71348],[-122.50442,37.71417],[-122.50498,37.71574],[-122.50506,37.71612],[-122.50553,37.7173],[-122.50561,37.71775],[-122.5058,37.71833],[-122.50576,37.71852],[-122.50595,37.71884],[-122.50604,37.71909],[-122.5061,37.71975],[-122.50612,37.72066],[-122.50652,37.72166],[-122.50803,37.72966],[-122.50818,37.73095],[-122.50801,37.73119],[-122.5084,37.73282],[-122.50829,37.73327],[-122.50832,37.73491],[-122.50854,37.7354]]]]}},{"type":"Feature","properties":{"name":"Laurel Heights / Jordan Park"},"geometry":{"type":"MultiPolygon","coordinates":[[[[-122.45918,37.78568],[-122.45012,37.78684],[-122.44679,37.78726],[-122.44583,37.78251],[-122.44732,37.78243],[-122.44757,37.78242],[-122.44804,37.78237],[-122.45009,37.78212],[-122.45528,37.78146],[-122.45552,37.78143],[-122.4563,37.78138],[-122.45886,37.78126],[-122.45918,37.78568]]]]}},{"type":"Feature","properties":{"name":"Lincoln Park / Ft. Miley"},"geometry":{"type":"MultiPolygon","coordinates":[[[[-122.49333,37.78174],[-122.50965,37.781],[-122.50957,37.78006],[-122.51091,37.77998],[-122.51215,37.77936],[-122.51409,37.77918],[-122.51436,37.77886],[-122.51417,37.77788],[-122.51463,37.77851],[-122.51449,37.77924],[-122.51485,37.77952],[-122.5149,37.77985],[-122.51472,37.78113],[-122.51344,37.78278],[-122.51268,37.78412],[-122.51075,37.78467],[-122.5069,37.7875],[-122.50585,37.78823],[-122.49958,37.7887],[-122.4962,37.78737],[-122.49464,37.78814],[-122.49359,37.78762],[-122.49359,37.78731],[-122.49373,37.78725],[-122.49333,37.78174]]]]}},{"type":"Feature","properties":{"name":"Little Hollywood"},"geometry":{"type":"MultiPolygon","coordinates":[[[[-122.39899,37.71534],[-122.39884,37.71553],[-122.39877,37.71566],[-122.39866,37.71588],[-122.39864,37.71594],[-122.39861,37.71602],[-122.39856,37.71615],[-122.39852,37.71607],[-122.39848,37.71598],[-122.39843,37.71588],[-122.39832,37.71569],[-122.39825,37.71558],[-122.39816,37.71543],[-122.39809,37.71531],[-122.39803,37.71521],[-122.39782,37.71497],[-122.3977,37.71483],[-122.39761,37.71469],[-122.39744,37.7145],[-122.39724,37.71426],[-122.39695,37.71392],[-122.39665,37.71356],[-122.39628,37.71303],[-122.39595,37.71247],[-122.39578,37.71207],[-122.39571,37.7119],[-122.39555,37.71143],[-122.39537,37.71063],[-122.39533,37.71047],[-122.39519,37.70982],[-122.39509,37.70943],[-122.395,37.70902],[-122.39496,37.70885],[-122.39486,37.70841],[-122.40131,37.70838],[-122.40544,37.70836],[-122.40524,37.7088],[-122.40511,37.70885],[-122.40515,37.70896],[-122.40506,37.70922],[-122.40488,37.70955],[-122.40468,37.70993],[-122.40438,37.71037],[-122.40423,37.71041],[-122.40425,37.71052],[-122.40378,37.71116],[-122.40365,37.71119],[-122.40369,37.71128],[-122.40328,37.71182],[-122.4031,37.71197],[-122.40282,37.71213],[-122.40265,37.7122],[-122.40246,37.71218],[-122.40237,37.71229],[-122.40216,37.71235],[-122.40164,37.71248],[-122.40126,37.71264],[-122.40112,37.71275],[-122.40097,37.71287],[-122.40083,37.71301],[-122.40066,37.71306],[-122.40065,37.71319],[-122.39958,37.71428],[-122.39943,37.7145],[-122.39914,37.71523],[-122.39899,37.71534]]]]}},{"type":"Feature","properties":{"name":"Lone Mountain"},"geometry":{"type":"MultiPolygon","coordinates":[[[[-122.44728,37.78244],[-122.4473,37.78239],[-122.44731,37.78218],[-122.44754,37.78151],[-122.44747,37.78116],[-122.44752,37.78107],[-122.44735,37.78015],[-122.44704,37.77862],[-122.44647,37.7758],[-122.45136,37.77518],[-122.45116,37.77425],[-122.45281,37.77404],[-122.45262,37.77311],[-122.45429,37.7729],[-122.45468,37.77476],[-122.45837,37.77431],[-122.45886,37.78126],[-122.4563,37.78138],[-122.45552,37.78143],[-122.45528,37.78146],[-122.45009,37.78212],[-122.44804,37.78237],[-122.44762,37.78242],[-122.44728,37.78244]]]]}},{"type":"Feature","properties":{"name":"Lower Haight"},"geometry":{"type":"MultiPolygon","coordinates":[[[[-122.43761,37.77406],[-122.42937,37.77511],[-122.42918,37.77418],[-122.4226,37.77502],[-122.42223,37.77315],[-122.42211,37.77317],[-122.42194,37.77304],[-122.4234,37.77189],[-122.42354,37.772],[-122.42365,37.77222],[-122.42371,37.77244],[-122.4238,37.77286],[-122.42376,37.77296],[-122.42551,37.77273],[-122.4288,37.77232],[-122.42861,37.77138],[-122.43685,37.77034],[-122.43761,37.77406]]]]}},{"type":"Feature","properties":{"name":"Lower Nob Hill"},"geometry":{"type":"MultiPolygon","coordinates":[[[[-122.41062,37.79088],[-122.41043,37.78995],[-122.41024,37.78902],[-122.41006,37.78808],[-122.40987,37.78715],[-122.41152,37.78694],[-122.41316,37.78673],[-122.41481,37.78652],[-122.41645,37.78631],[-122.41809,37.7861],[-122.41974,37.78589],[-122.42139,37.78569],[-122.42157,37.78662],[-122.42176,37.78755],[-122.42195,37.78849],[-122.42214,37.78941],[-122.42049,37.78962],[-122.41884,37.78983],[-122.4172,37.79005],[-122.41556,37.79025],[-122.41392,37.79046],[-122.41227,37.79067],[-122.41062,37.79088]]]]}},{"type":"Feature","properties":{"name":"Lower Pacific Heights"},"geometry":{"type":"MultiPolygon","coordinates":[[[[-122.44044,37.78807],[-122.43877,37.78828],[-122.43713,37.78849],[-122.43549,37.7887],[-122.43384,37.78891],[-122.43365,37.78795],[-122.43346,37.78702],[-122.43327,37.78609],[-122.43308,37.78515],[-122.43291,37.78436],[-122.43456,37.78415],[-122.43785,37.78372],[-122.43948,37.78331],[-122.44279,37.78289],[-122.44582,37.78249],[-122.44603,37.78351],[-122.44625,37.78444],[-122.44642,37.78537],[-122.44661,37.7863],[-122.44679,37.78726],[-122.4454,37.78744],[-122.44375,37.78765],[-122.44211,37.78786],[-122.44044,37.78807]]]]}},{"type":"Feature","properties":{"name":"Marina"},"geometry":{"type":"MultiPolygon","coordinates":[[[[-122.44432,37.79879],[-122.44483,37.79884],[-122.44597,37.79958],[-122.44713,37.80039],[-122.44761,37.80032],[-122.44776,37.8005],[-122.44789,37.80136],[-122.44833,37.80142],[-122.44869,37.80153],[-122.44903,37.80169],[-122.44928,37.80187],[-122.44962,37.80225],[-122.44982,37.80268],[-122.44985,37.80314],[-122.44972,37.80361],[-122.44949,37.80395],[-122.44926,37.80417],[-122.44907,37.80431],[-122.44873,37.80448],[-122.4484,37.80459],[-122.44873,37.8067],[-122.44829,37.80682],[-122.44718,37.80748],[-122.44368,37.80772],[-122.44263,37.808],[-122.44053,37.80836],[-122.44003,37.80883],[-122.43993,37.80878],[-122.44029,37.80822],[-122.44046,37.80814],[-122.44025,37.80702],[-122.43751,37.80737],[-122.43575,37.80756],[-122.43556,37.80691],[-122.43416,37.80697],[-122.43383,37.80578],[-122.43234,37.80598],[-122.43222,37.80537],[-122.43209,37.8052],[-122.43205,37.80512],[-122.43168,37.80327],[-122.42511,37.80415],[-122.42454,37.8013],[-122.4344,37.80005],[-122.44265,37.799],[-122.44432,37.79879]]]]}},{"type":"Feature","properties":{"name":"McLaren Park"},"geometry":{"type":"MultiPolygon","coordinates":[[[[-122.42396,37.71035],[-122.42445,37.71054],[-122.4244,37.71063],[-122.42469,37.71081],[-122.42514,37.71104],[-122.42564,37.71124],[-122.42617,37.71142],[-122.42659,37.71159],[-122.4253,37.71439],[-122.42725,37.71489],[-122.42702,37.71562],[-122.42711,37.71563],[-122.42656,37.71709],[-122.42664,37.71714],[-122.42622,37.71825],[-122.42592,37.7181],[-122.42572,37.71797],[-122.42556,37.71778],[-122.42542,37.71752],[-122.42507,37.71687],[-122.4229,37.71825],[-122.42325,37.71871],[-122.42334,37.71888],[-122.42338,37.71907],[-122.42336,37.71929],[-122.42331,37.71956],[-122.42338,37.71972],[-122.42346,37.71982],[-122.42358,37.7199],[-122.42375,37.71996],[-122.42393,37.72],[-122.42419,37.72005],[-122.42461,37.72012],[-122.42493,37.72019],[-122.42534,37.72033],[-122.42535,37.72029],[-122.42553,37.72036],[-122.42436,37.72192],[-122.4252,37.72231],[-122.42479,37.72284],[-122.42485,37.72287],[-122.42436,37.72352],[-122.42433,37.72351],[-122.42418,37.72359],[-122.41988,37.72471],[-122.41938,37.7235],[-122.41839,37.72377],[-122.41791,37.72263],[-122.41778,37.7226],[-122.41692,37.72282],[-122.41655,37.72197],[-122.41556,37.72223],[-122.41592,37.72308],[-122.41297,37.72386],[-122.41247,37.72266],[-122.41099,37.71907],[-122.41109,37.71905],[-122.41097,37.71876],[-122.40899,37.71928],[-122.40884,37.71891],[-122.40875,37.71888],[-122.40899,37.71837],[-122.4083,37.71818],[-122.40884,37.71694],[-122.40802,37.71671],[-122.40813,37.71645],[-122.40846,37.71654],[-122.40854,37.71635],[-122.41018,37.71679],[-122.41032,37.71647],[-122.41048,37.71651],[-122.41055,37.71635],[-122.41219,37.7168],[-122.41247,37.71668],[-122.41318,37.71646],[-122.41318,37.71631],[-122.41366,37.7163],[-122.41405,37.71619],[-122.41404,37.71596],[-122.41434,37.71529],[-122.41548,37.7156],[-122.41547,37.71437],[-122.41544,37.71436],[-122.41567,37.71384],[-122.41531,37.71374],[-122.41584,37.71252],[-122.42177,37.7142],[-122.42201,37.71369],[-122.42368,37.71416],[-122.42427,37.71274],[-122.42264,37.71227],[-122.42319,37.71112],[-122.42257,37.71091],[-122.42264,37.71083],[-122.42297,37.71091],[-122.42304,37.71083],[-122.42313,37.71076],[-122.42322,37.71072],[-122.42337,37.71071],[-122.42398,37.71069],[-122.42396,37.71035]]]]}},{"type":"Feature","properties":{"name":"Merced Heights"},"geometry":{"type":"MultiPolygon","coordinates":[[[[-122.47253,37.71787],[-122.46264,37.71794],[-122.46262,37.71614],[-122.46262,37.71562],[-122.46259,37.71403],[-122.46255,37.7139],[-122.46257,37.71315],[-122.46258,37.71227],[-122.46257,37.71137],[-122.46206,37.71137],[-122.46255,37.71117],[-122.4625,37.71105],[-122.46139,37.71069],[-122.46117,37.71059],[-122.46218,37.71057],[-122.46356,37.71056],[-122.46423,37.71054],[-122.46477,37.71048],[-122.46544,37.7103],[-122.46599,37.71015],[-122.46679,37.70983],[-122.46707,37.70968],[-122.46713,37.70965],[-122.46718,37.70962],[-122.46734,37.70952],[-122.46759,37.70936],[-122.46772,37.70928],[-122.46783,37.70919],[-122.46807,37.709],[-122.46834,37.70879],[-122.46838,37.70876],[-122.46847,37.70869],[-122.46851,37.70865],[-122.46864,37.70853],[-122.46877,37.7084],[-122.46897,37.7082],[-122.46951,37.7082],[-122.47133,37.70821],[-122.47122,37.70894],[-122.47125,37.71159],[-122.47126,37.71183],[-122.47128,37.71209],[-122.47134,37.71268],[-122.47139,37.71299],[-122.47147,37.71343],[-122.4716,37.71385],[-122.47171,37.71423],[-122.47219,37.71561],[-122.47238,37.71612],[-122.47263,37.71691],[-122.47257,37.71717],[-122.47253,37.71787]]]]}},{"type":"Feature","properties":{"name":"Merced Manor"},"geometry":{"type":"MultiPolygon","coordinates":[[[[-122.47157,37.73471],[-122.47145,37.73459],[-122.47151,37.73323],[-122.47164,37.73111],[-122.4718,37.73103],[-122.47194,37.73106],[-122.47486,37.73107],[-122.47593,37.7311],[-122.47684,37.73111],[-122.47825,37.73113],[-122.47913,37.73114],[-122.48002,37.73115],[-122.4809,37.73116],[-122.48179,37.73117],[-122.48266,37.73115],[-122.48354,37.73108],[-122.48442,37.73101],[-122.4853,37.73095],[-122.48618,37.73088],[-122.48705,37.73081],[-122.48752,37.73085],[-122.48795,37.73097],[-122.48884,37.73121],[-122.4889,37.73212],[-122.48903,37.73401],[-122.48896,37.73411],[-122.48593,37.73425],[-122.47946,37.73453],[-122.47708,37.73462],[-122.4751,37.73463],[-122.47157,37.73471]]]]}},{"type":"Feature","properties":{"name":"Midtown Terrace"},"geometry":{"type":"MultiPolygon","coordinates":[[[[-122.45554,37.75377],[-122.45363,37.75337],[-122.45326,37.75333],[-122.45298,37.75338],[-122.45257,37.75354],[-122.45197,37.75376],[-122.45159,37.7539],[-122.45136,37.75396],[-122.45111,37.75393],[-122.45094,37.75388],[-122.4508,37.75377],[-122.45071,37.75362],[-122.44957,37.75414],[-122.44944,37.75409],[-122.44931,37.75389],[-122.4486,37.75412],[-122.44816,37.75411],[-122.44713,37.75398],[-122.447,37.75387],[-122.44687,37.75376],[-122.44673,37.75357],[-122.44672,37.75339],[-122.44678,37.75325],[-122.44736,37.75272],[-122.44754,37.75248],[-122.4474,37.75226],[-122.44728,37.75213],[-122.4471,37.75193],[-122.44703,37.75178],[-122.44703,37.75166],[-122.44709,37.75151],[-122.44717,37.75142],[-122.44738,37.75118],[-122.44763,37.75091],[-122.44777,37.75083],[-122.44793,37.7508],[-122.4484,37.75086],[-122.44873,37.7509],[-122.44892,37.75078],[-122.44919,37.75064],[-122.4493,37.75055],[-122.44942,37.75041],[-122.44956,37.7501],[-122.44968,37.74982],[-122.44972,37.74954],[-122.44968,37.74942],[-122.44964,37.74931],[-122.44954,37.74918],[-122.4494,37.74911],[-122.44925,37.74911],[-122.44905,37.74918],[-122.44889,37.74934],[-122.44863,37.74969],[-122.44851,37.74984],[-122.44826,37.75017],[-122.44813,37.75025],[-122.44796,37.75027],[-122.44764,37.75017],[-122.44723,37.75005],[-122.44692,37.74996],[-122.44676,37.74987],[-122.4458,37.7493],[-122.44566,37.74914],[-122.44542,37.74921],[-122.44534,37.7493],[-122.44528,37.74934],[-122.44513,37.74927],[-122.44481,37.74925],[-122.44485,37.74911],[-122.44498,37.7489],[-122.44505,37.74878],[-122.44506,37.74865],[-122.44502,37.74837],[-122.44499,37.74801],[-122.44485,37.74695],[-122.44779,37.74644],[-122.45085,37.74583],[-122.45087,37.74608],[-122.451,37.74619],[-122.45104,37.7471],[-122.452,37.74811],[-122.45215,37.74832],[-122.4522,37.7485],[-122.45225,37.74858],[-122.45341,37.7486],[-122.45461,37.7486],[-122.45464,37.75121],[-122.45516,37.75127],[-122.4554,37.75127],[-122.45597,37.75129],[-122.45644,37.75134],[-122.45645,37.75148],[-122.45609,37.7518],[-122.45601,37.75209],[-122.45603,37.75289],[-122.45592,37.75315],[-122.45578,37.75341],[-122.45554,37.75377]]]]}},{"type":"Feature","properties":{"name":"Mint Hill"},"geometry":{"type":"MultiPolygon","coordinates":[[[[-122.4288,37.77232],[-122.42376,37.77296],[-122.4238,37.77286],[-122.42371,37.77244],[-122.42365,37.77222],[-122.42359,37.77208],[-122.42354,37.772],[-122.4234,37.77189],[-122.42334,37.7717],[-122.42331,37.77164],[-122.42324,37.77155],[-122.42333,37.77148],[-122.4233,37.77144],[-122.42315,37.76982],[-122.42458,37.76973],[-122.42583,37.76966],[-122.4262,37.76962],[-122.42631,37.7696],[-122.42668,37.76953],[-122.42822,37.76944],[-122.4288,37.77232]]]]}},{"type":"Feature","properties":{"name":"Miraloma Park"},"geometry":{"type":"MultiPolygon","coordinates":[[[[-122.45755,37.74104],[-122.45694,37.74136],[-122.45636,37.74167],[-122.45616,37.7418],[-122.45594,37.74203],[-122.45581,37.74223],[-122.45575,37.74234],[-122.45537,37.74298],[-122.45527,37.74305],[-122.45528,37.74313],[-122.45436,37.74396],[-122.4542,37.74398],[-122.45414,37.7441],[-122.45393,37.74429],[-122.45353,37.74456],[-122.45336,37.74459],[-122.45328,37.74473],[-122.45239,37.74527],[-122.45217,37.74538],[-122.45191,37.74551],[-122.45162,37.74553],[-122.4515,37.74546],[-122.45096,37.7448],[-122.45052,37.74425],[-122.44993,37.74352],[-122.44977,37.74334],[-122.44953,37.74311],[-122.44931,37.74298],[-122.4491,37.74289],[-122.4488,37.74281],[-122.44848,37.74277],[-122.44804,37.74273],[-122.4477,37.7427],[-122.44737,37.74267],[-122.44709,37.74264],[-122.44681,37.74258],[-122.44661,37.7425],[-122.44646,37.74241],[-122.44635,37.74233],[-122.44625,37.74222],[-122.44618,37.7421],[-122.44611,37.74182],[-122.44607,37.74155],[-122.44602,37.74138],[-122.44598,37.74129],[-122.44596,37.7412],[-122.44586,37.74118],[-122.4457,37.74108],[-122.44551,37.74103],[-122.44518,37.74099],[-122.44489,37.74094],[-122.44464,37.74085],[-122.44446,37.74074],[-122.4443,37.74062],[-122.44414,37.74042],[-122.44403,37.74028],[-122.44387,37.74014],[-122.44366,37.74003],[-122.4434,37.73996],[-122.44299,37.73987],[-122.44281,37.73981],[-122.44266,37.73972],[-122.44252,37.73958],[-122.44245,37.73946],[-122.44244,37.73923],[-122.44248,37.73897],[-122.4425,37.73885],[-122.44255,37.73854],[-122.44254,37.73832],[-122.4425,37.73817],[-122.44238,37.73783],[-122.44233,37.73763],[-122.44236,37.73742],[-122.44243,37.73726],[-122.44261,37.73708],[-122.44301,37.73683],[-122.44334,37.73663],[-122.44349,37.73654],[-122.4436,37.7365],[-122.44366,37.73643],[-122.44375,37.73635],[-122.4438,37.73624],[-122.44383,37.73613],[-122.44382,37.73601],[-122.44375,37.73586],[-122.44367,37.73579],[-122.44357,37.73573],[-122.44345,37.73569],[-122.4433,37.73568],[-122.44316,37.73569],[-122.44303,37.73573],[-122.44279,37.73579],[-122.44249,37.73588],[-122.44215,37.73597],[-122.44203,37.73599],[-122.44193,37.73597],[-122.44187,37.73598],[-122.4417,37.73595],[-122.44138,37.73586],[-122.44115,37.73571],[-122.44101,37.73557],[-122.44069,37.73507],[-122.44002,37.73491],[-122.43993,37.73486],[-122.44031,37.7348],[-122.44106,37.73497],[-122.44177,37.73543],[-122.44202,37.7354],[-122.44201,37.7344],[-122.44215,37.73444],[-122.44234,37.73445],[-122.44245,37.7345],[-122.44261,37.73455],[-122.44274,37.73456],[-122.44297,37.73456],[-122.44434,37.73456],[-122.44535,37.73455],[-122.44535,37.73432],[-122.44539,37.73425],[-122.4457,37.73397],[-122.44578,37.73385],[-122.44586,37.73384],[-122.44602,37.73382],[-122.44619,37.73382],[-122.44639,37.73389],[-122.44654,37.73399],[-122.44685,37.73418],[-122.44705,37.73425],[-122.44732,37.73428],[-122.44833,37.73428],[-122.44889,37.73428],[-122.44888,37.73381],[-122.44899,37.73388],[-122.44913,37.73375],[-122.44949,37.73375],[-122.44951,37.73381],[-122.45045,37.7338],[-122.45251,37.7338],[-122.4533,37.73557],[-122.45332,37.73562],[-122.45344,37.73588],[-122.45342,37.73665],[-122.45343,37.73669],[-122.45342,37.73677],[-122.45343,37.73723],[-122.45343,37.73747],[-122.45261,37.73802],[-122.45187,37.7381],[-122.45183,37.73823],[-122.45182,37.7383],[-122.45181,37.73836],[-122.45181,37.73847],[-122.45183,37.73858],[-122.45183,37.73865],[-122.45184,37.73874],[-122.45183,37.73888],[-122.45192,37.73944],[-122.45216,37.73983],[-122.45171,37.73986],[-122.45186,37.74012],[-122.45191,37.74017],[-122.45196,37.74021],[-122.45204,37.74025],[-122.45212,37.74028],[-122.45218,37.74029],[-122.45227,37.74029],[-122.45233,37.74029],[-122.45245,37.74025],[-122.45257,37.74021],[-122.4527,37.74018],[-122.45284,37.74017],[-122.45296,37.74017],[-122.45317,37.74018],[-122.45328,37.74019],[-122.4534,37.74018],[-122.45345,37.74016],[-122.45345,37.74028],[-122.45412,37.74045],[-122.4544,37.74073],[-122.4549,37.74034],[-122.45515,37.74059],[-122.45528,37.74054],[-122.45547,37.74082],[-122.45576,37.74067],[-122.45596,37.74054],[-122.45615,37.74041],[-122.45637,37.74031],[-122.45654,37.74056],[-122.45695,37.74036],[-122.45699,37.74042],[-122.45747,37.74097],[-122.45755,37.74104]]]]}},{"type":"Feature","properties":{"name":"Mission"},"geometry":{"type":"MultiPolygon","coordinates":[[[[-122.42236,37.76987],[-122.42158,37.76992],[-122.42023,37.76994],[-122.42001,37.77011],[-122.41775,37.76982],[-122.41558,37.76959],[-122.41093,37.76941],[-122.41083,37.76923],[-122.41081,37.76905],[-122.40845,37.76916],[-122.40817,37.76925],[-122.40801,37.76924],[-122.40785,37.76895],[-122.40753,37.76578],[-122.4073,37.76319],[-122.40648,37.75456],[-122.40645,37.75428],[-122.40619,37.75137],[-122.40622,37.75124],[-122.4062,37.75106],[-122.40616,37.7509],[-122.40524,37.74913],[-122.40631,37.74894],[-122.40673,37.74882],[-122.40676,37.74877],[-122.40788,37.7484],[-122.40871,37.74835],[-122.41367,37.74826],[-122.42028,37.74813],[-122.42249,37.74801],[-122.42257,37.74877],[-122.42288,37.75197],[-122.4216,37.75205],[-122.42144,37.75527],[-122.42096,37.75529],[-122.42236,37.76987]]]]}},{"type":"Feature","properties":{"name":"Mission Bay"},"geometry":{"type":"MultiPolygon","coordinates":[[[[-122.39373,37.76402],[-122.39388,37.76561],[-122.39506,37.76654],[-122.40166,37.77182],[-122.39275,37.77885],[-122.39043,37.77701],[-122.39005,37.7765],[-122.38982,37.77659],[-122.38752,37.77674],[-122.38732,37.77658],[-122.38731,37.77632],[-122.3871,37.77633],[-122.38708,37.7761],[-122.385,37.77633],[-122.38483,37.77539],[-122.387,37.77508],[-122.38692,37.77433],[-122.38181,37.77462],[-122.38146,37.77192],[-122.38479,37.77337],[-122.38676,37.77327],[-122.38555,37.77215],[-122.38529,37.77163],[-122.38556,37.77064],[-122.38316,37.76971],[-122.38338,37.76933],[-122.38557,37.77018],[-122.38479,37.76866],[-122.38515,37.76815],[-122.3847,37.76817],[-122.38388,37.76812],[-122.38384,37.76775],[-122.38246,37.76783],[-122.38244,37.76769],[-122.3849,37.76754],[-122.38485,37.76701],[-122.38286,37.76714],[-122.3828,37.76678],[-122.38586,37.7666],[-122.38591,37.76628],[-122.38647,37.76528],[-122.38648,37.7644],[-122.3866,37.76426],[-122.38694,37.7642],[-122.38778,37.76442],[-122.38792,37.76438],[-122.39373,37.76402]]]]}},{"type":"Feature","properties":{"name":"Mission Dolores"},"geometry":{"type":"MultiPolygon","coordinates":[[[[-122.42236,37.76987],[-122.42127,37.7585],[-122.42805,37.75809],[-122.4282,37.75969],[-122.42835,37.76129],[-122.43057,37.76116],[-122.43103,37.76587],[-122.43082,37.76601],[-122.42895,37.7675],[-122.42866,37.76773],[-122.42631,37.7696],[-122.42236,37.76987]]]]}},{"type":"Feature","properties":{"name":"Mission Terrace"},"geometry":{"type":"MultiPolygon","coordinates":[[[[-122.43129,37.72873],[-122.4318,37.72825],[-122.43236,37.72772],[-122.43281,37.72732],[-122.43291,37.72718],[-122.43362,37.72624],[-122.43443,37.72518],[-122.43539,37.72391],[-122.43702,37.72372],[-122.43744,37.72372],[-122.43836,37.72364],[-122.43881,37.7236],[-122.44105,37.72334],[-122.44255,37.72317],[-122.44327,37.72309],[-122.44475,37.72297],[-122.44482,37.72292],[-122.44722,37.72291],[-122.44727,37.72296],[-122.44733,37.72291],[-122.44789,37.72292],[-122.44786,37.72306],[-122.44769,37.72355],[-122.44762,37.72377],[-122.44759,37.72388],[-122.44753,37.72401],[-122.44729,37.72447],[-122.4472,37.72464],[-122.44704,37.72492],[-122.44686,37.72521],[-122.44675,37.72537],[-122.44631,37.72598],[-122.44595,37.72636],[-122.44572,37.72661],[-122.44564,37.7267],[-122.44556,37.72678],[-122.44541,37.72693],[-122.44529,37.72704],[-122.44512,37.72722],[-122.44503,37.72731],[-122.44493,37.72738],[-122.4448,37.72749],[-122.44465,37.72761],[-122.44452,37.72772],[-122.4444,37.72781],[-122.44418,37.72797],[-122.4441,37.72802],[-122.44385,37.72819],[-122.44379,37.72823],[-122.44373,37.72827],[-122.44366,37.7283],[-122.44371,37.7283],[-122.44389,37.72829],[-122.44428,37.72826],[-122.44397,37.72838],[-122.44381,37.72847],[-122.44356,37.7286],[-122.44332,37.72872],[-122.44288,37.72895],[-122.4426,37.7291],[-122.44208,37.72931],[-122.44201,37.72938],[-122.44153,37.72955],[-122.44107,37.72976],[-122.44066,37.72992],[-122.43969,37.73033],[-122.43914,37.73055],[-122.43897,37.73062],[-122.43869,37.73074],[-122.43796,37.73104],[-122.43777,37.73112],[-122.43764,37.73117],[-122.43746,37.73125],[-122.43717,37.73137],[-122.43697,37.73143],[-122.43684,37.73147],[-122.43668,37.73154],[-122.4364,37.73155],[-122.43589,37.73158],[-122.43568,37.73159],[-122.43551,37.73161],[-122.4353,37.73164],[-122.4351,37.73166],[-122.43494,37.7317],[-122.43475,37.73174],[-122.43454,37.73179],[-122.43424,37.73187],[-122.43399,37.73193],[-122.4338,37.73198],[-122.43362,37.73202],[-122.43324,37.7321],[-122.43313,37.73212],[-122.43288,37.73216],[-122.43274,37.73218],[-122.43249,37.73222],[-122.43236,37.73223],[-122.43216,37.73224],[-122.43191,37.73227],[-122.43163,37.73229],[-122.4313,37.73233],[-122.43114,37.73233],[-122.43081,37.73234],[-122.43068,37.73235],[-122.43035,37.73235],[-122.43022,37.73234],[-122.43014,37.73234],[-122.43008,37.73233],[-122.42999,37.73233],[-122.42975,37.73231],[-122.42957,37.73229],[-122.42951,37.73228],[-122.42918,37.73223],[-122.42878,37.73216],[-122.42853,37.73212],[-122.42827,37.73207],[-122.42798,37.732],[-122.4278,37.73197],[-122.42755,37.73191],[-122.42734,37.73187],[-122.42703,37.73181],[-122.42679,37.73177],[-122.42655,37.73172],[-122.42635,37.73169],[-122.42615,37.73166],[-122.4261,37.73165],[-122.42618,37.73148],[-122.42617,37.73132],[-122.42616,37.73117],[-122.42608,37.73121],[-122.42565,37.73122],[-122.42537,37.73132],[-122.42519,37.73143],[-122.42497,37.73156],[-122.42455,37.73155],[-122.42404,37.73159],[-122.42364,37.73163],[-122.42326,37.73167],[-122.42295,37.7317],[-122.42261,37.73176],[-122.42227,37.73182],[-122.42201,37.73187],[-122.42171,37.73192],[-122.42141,37.73197],[-122.42089,37.73206],[-122.42028,37.73213],[-122.41997,37.73216],[-122.41958,37.73218],[-122.41961,37.73197],[-122.41964,37.73174],[-122.41969,37.73131],[-122.41996,37.72908],[-122.41996,37.72899],[-122.42053,37.72893],[-122.4216,37.72888],[-122.42267,37.72882],[-122.42374,37.72876],[-122.4242,37.72874],[-122.42596,37.72864],[-122.42821,37.72855],[-122.42933,37.72854],[-122.43039,37.72855],[-122.43129,37.72873]]]]}},{"type":"Feature","properties":{"name":"Monterey Heights"},"geometry":{"type":"MultiPolygon","coordinates":[[[[-122.46314,37.73702],[-122.46204,37.73635],[-122.46144,37.73592],[-122.46096,37.73556],[-122.46034,37.73506],[-122.46001,37.7348],[-122.4595,37.73429],[-122.4593,37.73399],[-122.45906,37.73365],[-122.45889,37.73331],[-122.45875,37.73297],[-122.45861,37.73254],[-122.45853,37.73202],[-122.4585,37.73163],[-122.45853,37.73129],[-122.45865,37.731],[-122.4587,37.73084],[-122.45891,37.73086],[-122.45921,37.73085],[-122.45947,37.73083],[-122.45976,37.73078],[-122.46004,37.73071],[-122.46029,37.73062],[-122.4605,37.73053],[-122.46057,37.73043],[-122.46059,37.73036],[-122.46089,37.73015],[-122.46132,37.73],[-122.46163,37.72999],[-122.46174,37.73002],[-122.46182,37.73],[-122.46209,37.73002],[-122.46241,37.73014],[-122.46332,37.73067],[-122.4635,37.73086],[-122.46357,37.73105],[-122.46376,37.73153],[-122.4638,37.73162],[-122.46411,37.73205],[-122.46442,37.73228],[-122.46446,37.73236],[-122.46467,37.73252],[-122.46451,37.73283],[-122.46435,37.73303],[-122.46414,37.7332],[-122.46392,37.73332],[-122.4638,37.73349],[-122.46377,37.73363],[-122.4638,37.73381],[-122.46381,37.73399],[-122.46379,37.73422],[-122.46384,37.73436],[-122.46399,37.7345],[-122.46427,37.7346],[-122.46444,37.73464],[-122.46445,37.73502],[-122.46449,37.73547],[-122.46435,37.73562],[-122.4642,37.73571],[-122.46402,37.7357],[-122.46377,37.73567],[-122.46337,37.73573],[-122.46308,37.73584],[-122.46291,37.73601],[-122.46288,37.73621],[-122.46302,37.73665],[-122.46314,37.73702]]]]}},{"type":"Feature","properties":{"name":"Mt. Davidson Manor"},"geometry":{"type":"MultiPolygon","coordinates":[[[[-122.46376,37.73153],[-122.4635,37.73086],[-122.46332,37.73067],[-122.46241,37.73014],[-122.46209,37.73002],[-122.46182,37.73],[-122.46174,37.73002],[-122.46163,37.72999],[-122.46132,37.73],[-122.46089,37.73015],[-122.46059,37.73036],[-122.46057,37.73043],[-122.46055,37.73028],[-122.46038,37.73007],[-122.46036,37.72881],[-122.46036,37.72874],[-122.46041,37.72874],[-122.46082,37.72868],[-122.46072,37.72863],[-122.46073,37.72827],[-122.46083,37.72824],[-122.46095,37.7282],[-122.46111,37.72813],[-122.4613,37.72804],[-122.46147,37.72795],[-122.46166,37.72786],[-122.46186,37.72779],[-122.46198,37.72776],[-122.46219,37.72772],[-122.46218,37.72729],[-122.46184,37.72709],[-122.46142,37.72712],[-122.46096,37.72733],[-122.46037,37.72724],[-122.46036,37.72692],[-122.46036,37.72565],[-122.46035,37.72488],[-122.46023,37.72475],[-122.46121,37.72495],[-122.46221,37.72527],[-122.46282,37.72548],[-122.46384,37.72586],[-122.46422,37.726],[-122.46457,37.72613],[-122.46531,37.72641],[-122.46607,37.72679],[-122.46668,37.72724],[-122.46624,37.7276],[-122.46582,37.72801],[-122.46564,37.72821],[-122.46541,37.72847],[-122.46508,37.72899],[-122.46487,37.72938],[-122.46475,37.72967],[-122.46463,37.72997],[-122.46455,37.73034],[-122.46449,37.7306],[-122.46441,37.73093],[-122.46386,37.73148],[-122.46376,37.73153]]]]}},{"type":"Feature","properties":{"name":"Nob Hill"},"geometry":{"type":"MultiPolygon","coordinates":[[[[-122.41062,37.79088],[-122.41227,37.79067],[-122.41392,37.79046],[-122.41556,37.79025],[-122.4172,37.79005],[-122.41884,37.78983],[-122.41904,37.79079],[-122.41922,37.7917],[-122.4194,37.79259],[-122.41958,37.79347],[-122.41975,37.79435],[-122.41994,37.79524],[-122.42011,37.79609],[-122.41996,37.79613],[-122.41683,37.79651],[-122.41665,37.79567],[-122.41501,37.79588],[-122.41337,37.79608],[-122.41172,37.79629],[-122.41008,37.79649],[-122.4099,37.79562],[-122.40972,37.79474],[-122.40954,37.79385],[-122.4079,37.79406],[-122.40773,37.79318],[-122.40752,37.79225],[-122.40732,37.7913],[-122.40715,37.79037],[-122.41043,37.78995],[-122.41062,37.79088]]]]}},{"type":"Feature","properties":{"name":"Noe Valley"},"geometry":{"type":"MultiPolygon","coordinates":[[[[-122.43332,37.7433],[-122.43556,37.74316],[-122.4356,37.744],[-122.43568,37.74476],[-122.43786,37.74463],[-122.43801,37.74623],[-122.43809,37.74705],[-122.43817,37.74783],[-122.43825,37.74866],[-122.43832,37.74943],[-122.43847,37.75102],[-122.43855,37.75183],[-122.43863,37.75263],[-122.43878,37.75423],[-122.43592,37.75439],[-122.43589,37.75436],[-122.43545,37.75438],[-122.43526,37.75444],[-122.43439,37.75449],[-122.43218,37.75463],[-122.43202,37.75302],[-122.42981,37.75316],[-122.4287,37.75323],[-122.42758,37.75329],[-122.42705,37.7477],[-122.42477,37.74783],[-122.42288,37.74795],[-122.42249,37.74801],[-122.42231,37.74638],[-122.4217,37.74641],[-122.42192,37.74583],[-122.42222,37.74558],[-122.42267,37.74394],[-122.42329,37.74229],[-122.42423,37.74224],[-122.42652,37.7421],[-122.42873,37.74196],[-122.42891,37.74195],[-122.42947,37.74192],[-122.43089,37.74183],[-122.43128,37.74182],[-122.43222,37.74178],[-122.43244,37.74177],[-122.4326,37.7418],[-122.43278,37.7419],[-122.4329,37.74192],[-122.43326,37.7419],[-122.43338,37.74317],[-122.43332,37.7433]]]]}},{"type":"Feature","properties":{"name":"North Beach"},"geometry":{"type":"MultiPolygon","coordinates":[[[[-122.40332,37.79553],[-122.40441,37.7963],[-122.40514,37.79621],[-122.40529,37.79691],[-122.40551,37.79706],[-122.40667,37.79786],[-122.40702,37.79782],[-122.40862,37.79763],[-122.41026,37.79742],[-122.41046,37.79837],[-122.41064,37.7993],[-122.41083,37.80024],[-122.41095,37.80083],[-122.41138,37.80113],[-122.41254,37.80193],[-122.41291,37.80218],[-122.41372,37.80274],[-122.41488,37.80354],[-122.41605,37.80436],[-122.41682,37.80489],[-122.41723,37.80517],[-122.41689,37.80521],[-122.41524,37.80542],[-122.4136,37.80562],[-122.41195,37.80582],[-122.41031,37.80603],[-122.41012,37.8051],[-122.40852,37.8053],[-122.40833,37.80437],[-122.40815,37.80343],[-122.40796,37.8025],[-122.40777,37.80157],[-122.40758,37.80064],[-122.40602,37.80083],[-122.40583,37.7999],[-122.40565,37.79897],[-122.40405,37.79917],[-122.40242,37.79938],[-122.40223,37.79843],[-122.40105,37.79858],[-122.40086,37.79765],[-122.40068,37.79678],[-122.40049,37.79588],[-122.40168,37.79572],[-122.40332,37.79553]]]]}},{"type":"Feature","properties":{"name":"Northern Waterfront"},"geometry":{"type":"MultiPolygon","coordinates":[[[[-122.40499,37.80383],[-122.40517,37.80476],[-122.40536,37.8057],[-122.40549,37.80578],[-122.4056,37.80635],[-122.40575,37.80651],[-122.40566,37.80667],[-122.40575,37.80679],[-122.4059,37.80716],[-122.40532,37.80687],[-122.40439,37.80886],[-122.40391,37.80874],[-122.40472,37.80697],[-122.40396,37.80658],[-122.40273,37.80802],[-122.40234,37.80782],[-122.40342,37.80647],[-122.4028,37.80602],[-122.40093,37.80764],[-122.4004,37.80726],[-122.40096,37.80356],[-122.40084,37.80343],[-122.40048,37.80347],[-122.39853,37.80461],[-122.39822,37.80426],[-122.39997,37.80323],[-122.3996,37.80281],[-122.39781,37.80381],[-122.39751,37.80348],[-122.39972,37.80218],[-122.39941,37.80182],[-122.3971,37.80302],[-122.39614,37.80195],[-122.39838,37.80067],[-122.39799,37.80023],[-122.39575,37.80148],[-122.39544,37.80116],[-122.39763,37.79986],[-122.39674,37.79883],[-122.39659,37.79884],[-122.39558,37.79946],[-122.39444,37.80018],[-122.39434,37.80016],[-122.39425,37.80007],[-122.39424,37.79999],[-122.39546,37.79935],[-122.39651,37.79876],[-122.39652,37.79873],[-122.39653,37.79868],[-122.39586,37.79787],[-122.39383,37.79894],[-122.39355,37.79864],[-122.39546,37.79755],[-122.39549,37.79747],[-122.39542,37.79739],[-122.3953,37.79739],[-122.39513,37.79749],[-122.395,37.79734],[-122.39518,37.79724],[-122.3952,37.79715],[-122.39517,37.79712],[-122.39488,37.79726],[-122.39321,37.79825],[-122.39292,37.79797],[-122.39342,37.79766],[-122.39386,37.79729],[-122.3948,37.79671],[-122.39516,37.79664],[-122.39541,37.79668],[-122.39557,37.79663],[-122.39584,37.79655],[-122.39638,37.79647],[-122.39659,37.79644],[-122.39696,37.79635],[-122.40049,37.79588],[-122.40105,37.79858],[-122.40223,37.79843],[-122.40335,37.80403],[-122.40499,37.80383]]]]}},{"type":"Feature","properties":{"name":"Oceanview"},"geometry":{"type":"MultiPolygon","coordinates":[[[[-122.46264,37.71794],[-122.46264,37.71821],[-122.45919,37.71823],[-122.45611,37.71824],[-122.45419,37.71824],[-122.45408,37.71817],[-122.45396,37.7182],[-122.45377,37.71809],[-122.45358,37.71832],[-122.45367,37.71837],[-122.45358,37.71857],[-122.4536,37.71858],[-122.45309,37.71893],[-122.45301,37.71904],[-122.45298,37.71919],[-122.45291,37.71917],[-122.45287,37.71929],[-122.45258,37.72004],[-122.45257,37.72012],[-122.45257,37.72015],[-122.45255,37.72022],[-122.45194,37.72113],[-122.45183,37.72127],[-122.45105,37.72241],[-122.45189,37.72275],[-122.45233,37.72308],[-122.45207,37.72296],[-122.45166,37.7229],[-122.4516,37.72299],[-122.45147,37.72289],[-122.44963,37.72291],[-122.44956,37.72296],[-122.44949,37.72292],[-122.44806,37.72292],[-122.4479,37.72292],[-122.44799,37.72267],[-122.4481,37.72212],[-122.44818,37.72156],[-122.44824,37.72115],[-122.44828,37.7208],[-122.44833,37.72035],[-122.44837,37.71999],[-122.4484,37.71977],[-122.44843,37.71941],[-122.44852,37.71892],[-122.44856,37.71861],[-122.44857,37.71847],[-122.44863,37.71805],[-122.44865,37.71789],[-122.44869,37.7176],[-122.44874,37.71741],[-122.44884,37.71706],[-122.44898,37.71677],[-122.44915,37.71643],[-122.44921,37.71631],[-122.44937,37.71609],[-122.44963,37.71574],[-122.45007,37.7153],[-122.45023,37.71513],[-122.45037,37.71502],[-122.45058,37.71483],[-122.45088,37.71457],[-122.45115,37.71435],[-122.45143,37.71411],[-122.45157,37.71399],[-122.45172,37.71386],[-122.45201,37.71359],[-122.45228,37.71334],[-122.45258,37.71309],[-122.45295,37.71277],[-122.45319,37.71259],[-122.45346,37.71237],[-122.4538,37.7121],[-122.45393,37.712],[-122.45411,37.71189],[-122.45437,37.71172],[-122.45461,37.71157],[-122.45491,37.71139],[-122.45503,37.71132],[-122.45539,37.71116],[-122.45573,37.71103],[-122.4562,37.71088],[-122.45634,37.71083],[-122.45731,37.71065],[-122.45799,37.71062],[-122.45831,37.7106],[-122.45904,37.7106],[-122.45949,37.71059],[-122.46054,37.71059],[-122.46117,37.71059],[-122.46151,37.71072],[-122.46226,37.71097],[-122.4625,37.71105],[-122.46255,37.71117],[-122.46206,37.71137],[-122.46257,37.71137],[-122.46264,37.71794]]]]}},{"type":"Feature","properties":{"name":"Outer Mission"},"geometry":{"type":"MultiPolygon","coordinates":[[[[-122.45428,37.70826],[-122.45428,37.70822],[-122.46897,37.7082],[-122.46871,37.70845],[-122.46855,37.70861],[-122.46832,37.7088],[-122.46819,37.70891],[-122.4681,37.70898],[-122.4679,37.70914],[-122.46772,37.70928],[-122.46754,37.7094],[-122.46735,37.70952],[-122.46716,37.70963],[-122.46702,37.70971],[-122.46679,37.70983],[-122.46656,37.70992],[-122.46636,37.71001],[-122.46617,37.71008],[-122.46599,37.71015],[-122.46566,37.71024],[-122.46532,37.71033],[-122.46503,37.71041],[-122.46477,37.71048],[-122.46446,37.71052],[-122.46422,37.71054],[-122.4635,37.71056],[-122.46297,37.71056],[-122.46207,37.71057],[-122.46141,37.71058],[-122.4607,37.71059],[-122.46006,37.71059],[-122.45914,37.7106],[-122.45864,37.7106],[-122.45831,37.7106],[-122.45793,37.71062],[-122.45731,37.71065],[-122.45694,37.71072],[-122.45646,37.71081],[-122.45634,37.71083],[-122.4561,37.71091],[-122.45582,37.711],[-122.45569,37.71104],[-122.45512,37.71128],[-122.45503,37.71132],[-122.45447,37.71166],[-122.45415,37.71186],[-122.45387,37.71204],[-122.45295,37.71277],[-122.45228,37.71334],[-122.45177,37.71381],[-122.45121,37.71429],[-122.45081,37.71463],[-122.45046,37.71493],[-122.45023,37.71513],[-122.44963,37.71574],[-122.44936,37.71611],[-122.44921,37.71631],[-122.44884,37.71706],[-122.44876,37.71734],[-122.44869,37.7176],[-122.44863,37.71804],[-122.44861,37.7184],[-122.4481,37.71828],[-122.44818,37.71765],[-122.44768,37.71745],[-122.44796,37.717],[-122.44735,37.71651],[-122.44584,37.7153],[-122.44371,37.71359],[-122.44553,37.71189],[-122.44638,37.71144],[-122.44893,37.71007],[-122.45428,37.70826]]]]}},{"type":"Feature","properties":{"name":"Outer Richmond"},"geometry":{"type":"MultiPolygon","coordinates":[[[[-122.51316,37.77501],[-122.50267,37.77547],[-122.50309,37.78118],[-122.5031,37.78129],[-122.49333,37.78174],[-122.49349,37.7835],[-122.48715,37.78379],[-122.47858,37.78417],[-122.47777,37.77286],[-122.48419,37.77257],[-122.48954,37.77233],[-122.49597,37.77203],[-122.50347,37.77169],[-122.50775,37.7715],[-122.51105,37.77134],[-122.51314,37.77133],[-122.51316,37.77501]]]]}},{"type":"Feature","properties":{"name":"Outer Sunset"},"geometry":{"type":"MultiPolygon","coordinates":[[[[-122.51255,37.76393],[-122.51034,37.764],[-122.50083,37.76441],[-122.49655,37.7646],[-122.49548,37.76464],[-122.48369,37.76516],[-122.47731,37.76545],[-122.47701,37.7617],[-122.47681,37.75983],[-122.47629,37.75238],[-122.47603,37.74865],[-122.48894,37.74808],[-122.49484,37.74782],[-122.49418,37.7385],[-122.50644,37.73796],[-122.50705,37.73795],[-122.50876,37.73787],[-122.5089,37.73913],[-122.50872,37.74025],[-122.50925,37.74134],[-122.50905,37.74246],[-122.50927,37.74324],[-122.50968,37.74444],[-122.50934,37.74594],[-122.50983,37.74781],[-122.50973,37.74911],[-122.51051,37.75058],[-122.51103,37.75263],[-122.51129,37.75412],[-122.51195,37.75995],[-122.51186,37.76084],[-122.51247,37.76252],[-122.51255,37.76393]]]]}},{"type":"Feature","properties":{"name":"Pacific Heights"},"geometry":{"type":"MultiPolygon","coordinates":[[[[-122.42379,37.79762],[-122.4236,37.79669],[-122.42341,37.79574],[-122.42323,37.79482],[-122.42305,37.79394],[-122.42287,37.79305],[-122.42269,37.79217],[-122.42233,37.79037],[-122.42214,37.78941],[-122.42706,37.78879],[-122.42871,37.78858],[-122.43036,37.78837],[-122.432,37.78816],[-122.43365,37.78795],[-122.43384,37.78891],[-122.43549,37.7887],[-122.43713,37.78849],[-122.43877,37.78828],[-122.44044,37.78807],[-122.44211,37.78786],[-122.44375,37.78765],[-122.4454,37.78744],[-122.44559,37.78836],[-122.44593,37.79012],[-122.44612,37.791],[-122.4463,37.79188],[-122.44644,37.79196],[-122.44647,37.79214],[-122.4468,37.79424],[-122.44685,37.7946],[-122.44687,37.79469],[-122.44673,37.79471],[-122.44522,37.7949],[-122.44357,37.79511],[-122.42379,37.79762]]]]}},{"type":"Feature","properties":{"name":"Panhandle"},"geometry":{"type":"MultiPolygon","coordinates":[[[[-122.45136,37.77518],[-122.44647,37.7758],[-122.43818,37.77686],[-122.43742,37.77313],[-122.44572,37.77208],[-122.45224,37.77123],[-122.45378,37.77102],[-122.4539,37.77105],[-122.45429,37.7729],[-122.45262,37.77311],[-122.45281,37.77404],[-122.45116,37.77425],[-122.45136,37.77518]]]]}},{"type":"Feature","properties":{"name":"Parkmerced"},"geometry":{"type":"MultiPolygon","coordinates":[[[[-122.48139,37.72741],[-122.48133,37.7273],[-122.47993,37.72538],[-122.47971,37.72529],[-122.47931,37.7253],[-122.47886,37.7254],[-122.47706,37.72535],[-122.4768,37.72483],[-122.47528,37.72438],[-122.47518,37.72441],[-122.47535,37.72118],[-122.47522,37.72106],[-122.47523,37.72044],[-122.47507,37.72029],[-122.47497,37.71992],[-122.47468,37.71957],[-122.47273,37.71747],[-122.47257,37.71717],[-122.47263,37.71691],[-122.47171,37.71423],[-122.4716,37.71385],[-122.47147,37.71343],[-122.47134,37.71269],[-122.47186,37.71268],[-122.47218,37.7127],[-122.4723,37.71271],[-122.47265,37.71281],[-122.47274,37.71293],[-122.47285,37.71291],[-122.47361,37.71318],[-122.47419,37.71341],[-122.47543,37.71406],[-122.47548,37.71416],[-122.47561,37.71415],[-122.47592,37.71427],[-122.47633,37.71439],[-122.47666,37.71445],[-122.47703,37.71448],[-122.47881,37.71446],[-122.48021,37.71448],[-122.4803,37.71454],[-122.48523,37.71469],[-122.48508,37.71833],[-122.48508,37.71857],[-122.48508,37.724],[-122.48386,37.72702],[-122.48193,37.72711],[-122.48139,37.72741]]]]}},{"type":"Feature","properties":{"name":"Parkside"},"geometry":{"type":"MultiPolygon","coordinates":[[[[-122.50876,37.73787],[-122.50692,37.73795],[-122.50644,37.73796],[-122.49418,37.7385],[-122.49484,37.74782],[-122.47603,37.74865],[-122.4751,37.73463],[-122.47708,37.73462],[-122.47946,37.73453],[-122.48201,37.73442],[-122.48378,37.73434],[-122.48593,37.73425],[-122.48896,37.73411],[-122.49044,37.73405],[-122.49134,37.73401],[-122.49664,37.73377],[-122.4992,37.73431],[-122.5011,37.73521],[-122.5031,37.73547],[-122.50526,37.73548],[-122.50672,37.73547],[-122.50854,37.7354],[-122.50845,37.73622],[-122.50868,37.73706],[-122.50876,37.73787]]]]}},{"type":"Feature","properties":{"name":"Parnassus Heights"},"geometry":{"type":"MultiPolygon","coordinates":[[[[-122.45295,37.76637],[-122.45276,37.76544],[-122.45257,37.76451],[-122.4521,37.76217],[-122.45155,37.75947],[-122.45137,37.75858],[-122.45205,37.75834],[-122.4523,37.75828],[-122.4529,37.75806],[-122.45332,37.75782],[-122.45359,37.75762],[-122.45377,37.75747],[-122.45403,37.75718],[-122.45408,37.75703],[-122.4546,37.75693],[-122.45476,37.7569],[-122.45511,37.75681],[-122.45543,37.75672],[-122.45565,37.75668],[-122.45591,37.75667],[-122.45647,37.75675],[-122.45681,37.7568],[-122.45704,37.75684],[-122.4572,37.75683],[-122.45735,37.75675],[-122.45743,37.75666],[-122.45747,37.75656],[-122.45744,37.75642],[-122.45735,37.75631],[-122.45727,37.75621],[-122.45724,37.75605],[-122.45726,37.7559],[-122.45735,37.75569],[-122.45743,37.75574],[-122.45754,37.75572],[-122.45772,37.75566],[-122.4579,37.75555],[-122.45799,37.75545],[-122.45808,37.7553],[-122.45816,37.7552],[-122.45832,37.7551],[-122.45844,37.75507],[-122.45871,37.7551],[-122.4591,37.75532],[-122.45936,37.75546],[-122.45948,37.75562],[-122.45956,37.75593],[-122.45961,37.75623],[-122.45963,37.75657],[-122.45967,37.75675],[-122.45971,37.757],[-122.45978,37.75715],[-122.4599,37.75732],[-122.46019,37.75752],[-122.46033,37.75768],[-122.46047,37.75784],[-122.46065,37.75799],[-122.46072,37.75804],[-122.46084,37.75818],[-122.4608,37.75832],[-122.46071,37.75838],[-122.46061,37.7584],[-122.46039,37.75846],[-122.46019,37.7585],[-122.45999,37.75854],[-122.45982,37.75858],[-122.45966,37.75861],[-122.45948,37.75864],[-122.45939,37.7587],[-122.45935,37.75878],[-122.45939,37.75897],[-122.4594,37.75903],[-122.45942,37.75909],[-122.4595,37.75911],[-122.45952,37.75916],[-122.45985,37.75912],[-122.46155,37.75896],[-122.46131,37.75931],[-122.46224,37.75979],[-122.46227,37.75981],[-122.46228,37.75981],[-122.46233,37.75989],[-122.46226,37.75991],[-122.46223,37.75992],[-122.46218,37.75993],[-122.46173,37.75995],[-122.46161,37.75997],[-122.46154,37.75998],[-122.46121,37.76006],[-122.46099,37.76042],[-122.46057,37.76044],[-122.46058,37.76066],[-122.46071,37.76255],[-122.46084,37.76263],[-122.45979,37.76293],[-122.45989,37.76432],[-122.45882,37.76437],[-122.45782,37.76441],[-122.4577,37.76455],[-122.45776,37.76535],[-122.45779,37.76601],[-122.45749,37.76593],[-122.45719,37.76588],[-122.45691,37.76587],[-122.45459,37.76617],[-122.45295,37.76637]]]]}},{"type":"Feature","properties":{"name":"Peralta Heights"},"geometry":{"type":"MultiPolygon","coordinates":[[[[-122.40364,37.74926],[-122.40405,37.74793],[-122.40426,37.74728],[-122.40437,37.74695],[-122.4046,37.74618],[-122.40473,37.7457],[-122.40482,37.7454],[-122.40505,37.74488],[-122.4052,37.74454],[-122.40541,37.74415],[-122.40546,37.74407],[-122.40574,37.74372],[-122.40595,37.74345],[-122.40639,37.74364],[-122.40659,37.74339],[-122.40671,37.74335],[-122.4075,37.7433],[-122.408,37.74328],[-122.4081,37.7431],[-122.40816,37.74329],[-122.40859,37.74335],[-122.40881,37.74329],[-122.4091,37.74326],[-122.40936,37.74326],[-122.40947,37.74326],[-122.40974,37.74329],[-122.40985,37.74333],[-122.41022,37.74362],[-122.41034,37.74375],[-122.41039,37.74432],[-122.41062,37.74694],[-122.41059,37.74714],[-122.4105,37.74735],[-122.41046,37.74743],[-122.41055,37.74832],[-122.40871,37.74835],[-122.40788,37.7484],[-122.40676,37.74877],[-122.40673,37.74882],[-122.40631,37.74894],[-122.4052,37.74913],[-122.40364,37.74926]]]]}},{"type":"Feature","properties":{"name":"Polk Gulch"},"geometry":{"type":"MultiPolygon","coordinates":[[[[-122.42049,37.78962],[-122.42214,37.78941],[-122.42233,37.79037],[-122.42251,37.79129],[-122.42269,37.79217],[-122.42287,37.79305],[-122.42305,37.79394],[-122.42323,37.79482],[-122.42341,37.79574],[-122.4236,37.79669],[-122.42379,37.79762],[-122.42398,37.79855],[-122.42234,37.79876],[-122.42069,37.79897],[-122.4205,37.79803],[-122.42032,37.79711],[-122.42011,37.79609],[-122.41994,37.79524],[-122.41975,37.79435],[-122.41958,37.79347],[-122.4194,37.79259],[-122.41922,37.7917],[-122.41904,37.79079],[-122.41884,37.78983],[-122.42049,37.78962]]]]}},{"type":"Feature","properties":{"name":"Portola"},"geometry":{"type":"MultiPolygon","coordinates":[[[[-122.40501,37.72051],[-122.40798,37.71974],[-122.408,37.71961],[-122.40892,37.71937],[-122.40899,37.71928],[-122.40945,37.71916],[-122.41097,37.71876],[-122.41109,37.71904],[-122.41099,37.71907],[-122.41148,37.72025],[-122.41197,37.72146],[-122.41247,37.72266],[-122.41297,37.72386],[-122.41347,37.72505],[-122.41446,37.72746],[-122.41496,37.72866],[-122.41578,37.7306],[-122.41624,37.73029],[-122.4165,37.73025],[-122.41656,37.73024],[-122.41676,37.73022],[-122.41688,37.73023],[-122.41699,37.73023],[-122.4172,37.73026],[-122.41716,37.73058],[-122.41696,37.73217],[-122.41632,37.73216],[-122.41599,37.73219],[-122.41567,37.73221],[-122.41546,37.73216],[-122.41511,37.73223],[-122.41476,37.73232],[-122.41439,37.73242],[-122.41378,37.73267],[-122.41344,37.73284],[-122.41332,37.73289],[-122.41301,37.73303],[-122.41271,37.73317],[-122.4125,37.73327],[-122.41239,37.73332],[-122.41233,37.73335],[-122.41208,37.73346],[-122.41153,37.73375],[-122.411,37.73404],[-122.41066,37.73423],[-122.41033,37.73436],[-122.41011,37.73444],[-122.40975,37.73459],[-122.40937,37.73471],[-122.4091,37.73479],[-122.40883,37.73488],[-122.40871,37.7349],[-122.40836,37.73498],[-122.40824,37.735],[-122.40808,37.73504],[-122.40786,37.73508],[-122.4075,37.73516],[-122.40721,37.73522],[-122.40702,37.73527],[-122.40671,37.73534],[-122.40645,37.7354],[-122.40638,37.73542],[-122.40635,37.73537],[-122.40623,37.73522],[-122.40609,37.73505],[-122.40575,37.73461],[-122.40549,37.73429],[-122.4054,37.73416],[-122.4051,37.73372],[-122.40486,37.73331],[-122.40466,37.73295],[-122.40365,37.73107],[-122.4034,37.73066],[-122.40302,37.7299],[-122.40275,37.72936],[-122.40251,37.7288],[-122.40221,37.7281],[-122.40211,37.72779],[-122.40188,37.72696],[-122.40174,37.72649],[-122.40167,37.72624],[-122.40141,37.72532],[-122.40127,37.72486],[-122.40111,37.72441],[-122.40078,37.72362],[-122.4005,37.72291],[-122.40032,37.72247],[-122.40016,37.72209],[-122.39993,37.72152],[-122.39983,37.72143],[-122.3996,37.72092],[-122.39955,37.72082],[-122.39942,37.72053],[-122.39928,37.72019],[-122.39921,37.71999],[-122.39913,37.71973],[-122.39908,37.71951],[-122.39901,37.71923],[-122.39897,37.71903],[-122.39885,37.71852],[-122.39879,37.71822],[-122.3987,37.71767],[-122.39865,37.71742],[-122.3986,37.71712],[-122.39856,37.7169],[-122.39853,37.71672],[-122.3985,37.71654],[-122.39855,37.71618],[-122.39861,37.71602],[-122.39866,37.71588],[-122.39876,37.71568],[-122.39884,37.71553],[-122.39899,37.71534],[-122.39914,37.71555],[-122.39944,37.71555],[-122.39955,37.71539],[-122.4006,37.71511],[-122.4016,37.71486],[-122.40209,37.71606],[-122.40258,37.71725],[-122.40307,37.71846],[-122.40357,37.71966],[-122.40455,37.71941],[-122.40501,37.72051]]]]}},{"type":"Feature","properties":{"name":"Potrero Hill"},"geometry":{"type":"MultiPolygon","coordinates":[[[[-122.40753,37.76578],[-122.39506,37.76654],[-122.39388,37.76561],[-122.39373,37.76402],[-122.39274,37.76408],[-122.3925,37.76154],[-122.39238,37.76025],[-122.3919,37.75515],[-122.39142,37.75014],[-122.39238,37.75002],[-122.39334,37.74992],[-122.39531,37.7498],[-122.39627,37.74975],[-122.40206,37.7494],[-122.40524,37.74913],[-122.40616,37.7509],[-122.40622,37.75124],[-122.40619,37.75137],[-122.40753,37.76578]]]]}},{"type":"Feature","properties":{"name":"Presidio Heights"},"geometry":{"type":"MultiPolygon","coordinates":[[[[-122.45946,37.7895],[-122.45424,37.79056],[-122.44771,37.7919],[-122.44647,37.79214],[-122.44644,37.79196],[-122.4463,37.79188],[-122.4454,37.78744],[-122.45012,37.78684],[-122.45918,37.78568],[-122.45946,37.7895]]]]}},{"type":"Feature","properties":{"name":"Presidio National Park"},"geometry":{"type":"MultiPolygon","coordinates":[[[[-122.47758,37.81099],[-122.47712,37.811],[-122.47647,37.81084],[-122.47597,37.80957],[-122.47495,37.80926],[-122.47301,37.80907],[-122.4706,37.8086],[-122.4693,37.80773],[-122.46879,37.807],[-122.4683,37.80682],[-122.4672,37.80601],[-122.46358,37.80488],[-122.46221,37.80502],[-122.45435,37.80648],[-122.44917,37.80684],[-122.44873,37.8067],[-122.4484,37.80458],[-122.44876,37.80445],[-122.44911,37.8043],[-122.44924,37.80419],[-122.44939,37.80406],[-122.44951,37.80393],[-122.4497,37.80365],[-122.44979,37.80343],[-122.44985,37.80316],[-122.44983,37.80273],[-122.44962,37.8023],[-122.44937,37.80203],[-122.44921,37.80176],[-122.44867,37.8015],[-122.44828,37.80141],[-122.4479,37.80137],[-122.44699,37.79551],[-122.44647,37.79214],[-122.45964,37.78947],[-122.471,37.78723],[-122.471,37.78765],[-122.47455,37.78695],[-122.47885,37.78701],[-122.48217,37.78725],[-122.48237,37.78709],[-122.48417,37.78731],[-122.48431,37.78735],[-122.48464,37.78738],[-122.48464,37.78753],[-122.48415,37.78755],[-122.48414,37.78778],[-122.48395,37.78803],[-122.48393,37.78832],[-122.48371,37.78878],[-122.48382,37.78928],[-122.48427,37.78941],[-122.48505,37.79037],[-122.48598,37.7908],[-122.48329,37.79467],[-122.48352,37.79473],[-122.48196,37.79854],[-122.47993,37.80275],[-122.47841,37.80809],[-122.4779,37.80845],[-122.47798,37.81054],[-122.47758,37.81099]]]]}},{"type":"Feature","properties":{"name":"Presidio Terrace"},"geometry":{"type":"MultiPolygon","coordinates":[[[[-122.47241,37.78735],[-122.471,37.78765],[-122.471,37.78723],[-122.45946,37.78951],[-122.45918,37.78568],[-122.46669,37.78472],[-122.46683,37.78657],[-122.47263,37.78631],[-122.47241,37.78735]]]]}},{"type":"Feature","properties":{"name":"Produce Market"},"geometry":{"type":"MultiPolygon","coordinates":[[[[-122.39601,37.74726],[-122.39519,37.74681],[-122.39467,37.74651],[-122.39405,37.74616],[-122.39218,37.7451],[-122.39331,37.74384],[-122.39346,37.74383],[-122.39372,37.74353],[-122.39378,37.74311],[-122.39383,37.74313],[-122.39481,37.74203],[-122.39479,37.74195],[-122.39483,37.74187],[-122.39505,37.74194],[-122.39557,37.74135],[-122.39671,37.74008],[-122.39695,37.74009],[-122.39735,37.73965],[-122.39725,37.73946],[-122.39781,37.73885],[-122.39957,37.73983],[-122.39997,37.74007],[-122.40045,37.74034],[-122.40156,37.74096],[-122.40319,37.74189],[-122.40345,37.74204],[-122.40431,37.74252],[-122.40483,37.74282],[-122.40524,37.74305],[-122.40538,37.7432],[-122.40582,37.74339],[-122.40596,37.74345],[-122.40588,37.74356],[-122.40567,37.74382],[-122.40544,37.7441],[-122.40532,37.74432],[-122.4052,37.74454],[-122.40505,37.74488],[-122.40482,37.7454],[-122.40473,37.74573],[-122.40451,37.74653],[-122.40426,37.74728],[-122.40414,37.74765],[-122.40402,37.74803],[-122.40391,37.74837],[-122.40382,37.74868],[-122.40371,37.74901],[-122.40364,37.74926],[-122.40206,37.7494],[-122.39729,37.74968],[-122.39619,37.74738],[-122.39601,37.74726]]]]}},{"type":"Feature","properties":{"name":"Rincon Hill"},"geometry":{"type":"MultiPolygon","coordinates":[[[[-122.3893,37.79139],[-122.38881,37.79098],[-122.38822,37.79],[-122.38573,37.79097],[-122.38551,37.79055],[-122.38761,37.78979],[-122.38733,37.78932],[-122.38532,37.78979],[-122.38511,37.78932],[-122.38719,37.78877],[-122.38705,37.78823],[-122.38524,37.78852],[-122.38513,37.78813],[-122.38738,37.78772],[-122.38741,37.78724],[-122.38767,37.78717],[-122.38779,37.7871],[-122.38839,37.78711],[-122.38859,37.78705],[-122.38878,37.7869],[-122.38964,37.78622],[-122.39362,37.78308],[-122.39516,37.78431],[-122.39671,37.78554],[-122.39001,37.79083],[-122.38938,37.79132],[-122.3893,37.79139]]]]}},{"type":"Feature","properties":{"name":"Russian Hill"},"geometry":{"type":"MultiPolygon","coordinates":[[[[-122.41008,37.79649],[-122.41665,37.79567],[-122.41682,37.79651],[-122.41996,37.79613],[-122.42011,37.79609],[-122.42032,37.79711],[-122.4205,37.79803],[-122.42069,37.79897],[-122.42234,37.79876],[-122.42398,37.79855],[-122.42417,37.79948],[-122.42436,37.80042],[-122.42454,37.8013],[-122.42473,37.80228],[-122.42492,37.80321],[-122.42511,37.80415],[-122.42347,37.80435],[-122.42182,37.80456],[-122.42018,37.80479],[-122.41853,37.805],[-122.41723,37.80517],[-122.41682,37.80489],[-122.41605,37.80436],[-122.41488,37.80354],[-122.41372,37.80274],[-122.41291,37.80218],[-122.41254,37.80193],[-122.41138,37.80113],[-122.41095,37.80083],[-122.41083,37.80024],[-122.41064,37.7993],[-122.41046,37.79837],[-122.41026,37.79742],[-122.41008,37.79649]]]]}},{"type":"Feature","properties":{"name":"Seacliff"},"geometry":{"type":"MultiPolygon","coordinates":[[[[-122.49346,37.78352],[-122.49373,37.78725],[-122.49359,37.78731],[-122.49361,37.78753],[-122.49283,37.78788],[-122.49276,37.78774],[-122.48983,37.78948],[-122.48899,37.78928],[-122.48786,37.78959],[-122.48737,37.78943],[-122.48598,37.7908],[-122.48582,37.7907],[-122.48558,37.79056],[-122.48505,37.79037],[-122.48427,37.78941],[-122.48408,37.7894],[-122.48382,37.78928],[-122.48371,37.78878],[-122.48393,37.78832],[-122.48395,37.78803],[-122.48414,37.78778],[-122.48415,37.78755],[-122.48464,37.78753],[-122.48464,37.78738],[-122.48431,37.78735],[-122.48417,37.78731],[-122.48408,37.78579],[-122.48729,37.78565],[-122.48715,37.78379],[-122.49346,37.78352]]]]}},{"type":"Feature","properties":{"name":"Sherwood Forest"},"geometry":{"type":"MultiPolygon","coordinates":[[[[-122.4589,37.74054],[-122.45877,37.74061],[-122.45846,37.74067],[-122.45812,37.74079],[-122.45783,37.74091],[-122.45771,37.74096],[-122.45755,37.74104],[-122.45747,37.74097],[-122.45699,37.74042],[-122.45696,37.74036],[-122.45654,37.74056],[-122.45637,37.74031],[-122.45627,37.74036],[-122.45616,37.7404],[-122.45574,37.74068],[-122.45547,37.74082],[-122.45528,37.74054],[-122.45515,37.74059],[-122.4549,37.74034],[-122.4544,37.74073],[-122.45412,37.74045],[-122.45345,37.74028],[-122.45344,37.74017],[-122.45333,37.74019],[-122.45323,37.74019],[-122.45317,37.74018],[-122.45301,37.74017],[-122.45289,37.74017],[-122.45282,37.74017],[-122.45275,37.74017],[-122.45269,37.74018],[-122.45259,37.74021],[-122.45252,37.74022],[-122.45245,37.74025],[-122.45238,37.74028],[-122.45229,37.74029],[-122.45221,37.74029],[-122.45215,37.74029],[-122.45208,37.74027],[-122.45204,37.74025],[-122.45196,37.74021],[-122.45191,37.74017],[-122.45186,37.74012],[-122.45181,37.74004],[-122.45171,37.73986],[-122.45216,37.73983],[-122.45192,37.73945],[-122.45192,37.73944],[-122.45183,37.73888],[-122.45183,37.73879],[-122.45184,37.73874],[-122.45183,37.73867],[-122.45183,37.7386],[-122.45181,37.73847],[-122.45181,37.7384],[-122.45181,37.73832],[-122.45183,37.73825],[-122.45187,37.7381],[-122.45261,37.73802],[-122.45287,37.73785],[-122.45343,37.73747],[-122.45343,37.73706],[-122.45342,37.73677],[-122.45343,37.73669],[-122.45342,37.73665],[-122.45343,37.73612],[-122.45344,37.73588],[-122.45332,37.73562],[-122.4533,37.73557],[-122.45251,37.7338],[-122.45386,37.73299],[-122.45394,37.73299],[-122.45405,37.73299],[-122.45421,37.73302],[-122.45427,37.73302],[-122.45437,37.73313],[-122.45444,37.73322],[-122.45451,37.7333],[-122.4546,37.73348],[-122.45466,37.7336],[-122.45474,37.73372],[-122.4548,37.73376],[-122.45499,37.7339],[-122.45524,37.73398],[-122.45534,37.73399],[-122.45549,37.734],[-122.45567,37.73403],[-122.45573,37.73404],[-122.45597,37.73413],[-122.45616,37.73421],[-122.45629,37.73423],[-122.45641,37.73425],[-122.45652,37.73427],[-122.45662,37.73444],[-122.45679,37.73454],[-122.45705,37.73457],[-122.45742,37.73448],[-122.45756,37.73449],[-122.45768,37.73449],[-122.45787,37.73452],[-122.45798,37.73454],[-122.45811,37.73457],[-122.45833,37.73458],[-122.45838,37.73458],[-122.45854,37.73456],[-122.45875,37.73454],[-122.45905,37.73446],[-122.4595,37.73429],[-122.45961,37.7344],[-122.45972,37.73451],[-122.45997,37.73476],[-122.46006,37.73484],[-122.46034,37.73506],[-122.46048,37.73518],[-122.46073,37.73538],[-122.46124,37.73578],[-122.46161,37.73604],[-122.46154,37.73611],[-122.46154,37.73613],[-122.46157,37.73627],[-122.46159,37.73641],[-122.46164,37.73668],[-122.46169,37.73695],[-122.46176,37.73739],[-122.46181,37.73767],[-122.46185,37.7379],[-122.46188,37.73808],[-122.46192,37.73827],[-122.46194,37.73842],[-122.46197,37.73857],[-122.46198,37.73864],[-122.46199,37.7387],[-122.46198,37.7388],[-122.46196,37.7389],[-122.46193,37.73898],[-122.46189,37.73907],[-122.46184,37.73915],[-122.46178,37.73922],[-122.46171,37.73929],[-122.46163,37.73936],[-122.46152,37.73943],[-122.46145,37.73946],[-122.46132,37.73952],[-122.46122,37.73955],[-122.46109,37.73961],[-122.46107,37.73962],[-122.46096,37.7397],[-122.46087,37.73976],[-122.46076,37.73985],[-122.46066,37.73992],[-122.46055,37.74001],[-122.46063,37.74016],[-122.46094,37.74025],[-122.46106,37.74029],[-122.46095,37.74036],[-122.45933,37.74055],[-122.4589,37.74054]]]]}},{"type":"Feature","properties":{"name":"Showplace Square"},"geometry":{"type":"MultiPolygon","coordinates":[[[[-122.40475,37.77428],[-122.39506,37.76654],[-122.40753,37.76578],[-122.40785,37.76895],[-122.40801,37.76924],[-122.40844,37.76932],[-122.40974,37.77035],[-122.40475,37.77428]]]]}},{"type":"Feature","properties":{"name":"Silver Terrace"},"geometry":{"type":"MultiPolygon","coordinates":[[[[-122.39987,37.73029],[-122.40083,37.72921],[-122.40139,37.72858],[-122.40196,37.72796],[-122.40211,37.72779],[-122.40221,37.7281],[-122.4024,37.72855],[-122.40255,37.72889],[-122.40275,37.72936],[-122.40302,37.7299],[-122.4034,37.73066],[-122.40364,37.73106],[-122.40466,37.73295],[-122.40492,37.73341],[-122.4051,37.73372],[-122.40549,37.73429],[-122.40577,37.73464],[-122.40611,37.73507],[-122.40632,37.73534],[-122.40638,37.73542],[-122.40616,37.73548],[-122.40586,37.73557],[-122.40567,37.73564],[-122.40545,37.73572],[-122.40518,37.73582],[-122.40477,37.736],[-122.40445,37.73613],[-122.40439,37.73616],[-122.4042,37.73626],[-122.40386,37.73644],[-122.40371,37.73651],[-122.40353,37.73663],[-122.4033,37.73677],[-122.40319,37.73683],[-122.40305,37.73692],[-122.40284,37.73705],[-122.40242,37.73732],[-122.40221,37.73749],[-122.40197,37.73768],[-122.40178,37.73784],[-122.40164,37.73794],[-122.40147,37.73809],[-122.40117,37.73835],[-122.40095,37.73854],[-122.4008,37.73871],[-122.40062,37.73891],[-122.4005,37.73905],[-122.40032,37.73924],[-122.40022,37.73935],[-122.4001,37.73948],[-122.39997,37.73962],[-122.39985,37.73975],[-122.39971,37.73992],[-122.39955,37.73982],[-122.39926,37.73966],[-122.39897,37.7395],[-122.39846,37.73921],[-122.39781,37.73885],[-122.39697,37.73837],[-122.3965,37.7381],[-122.39594,37.73778],[-122.39409,37.73673],[-122.39221,37.73566],[-122.39069,37.7348],[-122.39097,37.73401],[-122.39124,37.73322],[-122.39152,37.73243],[-122.3918,37.73164],[-122.39207,37.73086],[-122.39215,37.73064],[-122.39235,37.73007],[-122.39262,37.72928],[-122.39489,37.72958],[-122.39641,37.7298],[-122.39739,37.72994],[-122.39897,37.73016],[-122.39987,37.73029]]]]}},{"type":"Feature","properties":{"name":"South Beach"},"geometry":{"type":"MultiPolygon","coordinates":[[[[-122.38452,37.78739],[-122.38435,37.78572],[-122.38709,37.78553],[-122.38757,37.78546],[-122.38763,37.78486],[-122.38546,37.78499],[-122.38541,37.78461],[-122.38722,37.7845],[-122.38767,37.7844],[-122.38771,37.78388],[-122.38629,37.78396],[-122.38624,37.78341],[-122.38738,37.78334],[-122.38775,37.78325],[-122.38778,37.78287],[-122.38748,37.78279],[-122.38475,37.78294],[-122.38469,37.78253],[-122.38753,37.78234],[-122.38779,37.78227],[-122.38775,37.7818],[-122.38555,37.78193],[-122.38486,37.7818],[-122.38482,37.78125],[-122.38473,37.77933],[-122.38477,37.77898],[-122.38529,37.77845],[-122.38752,37.77674],[-122.38982,37.77659],[-122.39005,37.7765],[-122.39021,37.77672],[-122.39043,37.77701],[-122.39184,37.77813],[-122.39584,37.78132],[-122.39362,37.78308],[-122.38964,37.78622],[-122.38859,37.78705],[-122.38839,37.78711],[-122.38822,37.7871],[-122.38779,37.7871],[-122.38767,37.78717],[-122.38751,37.78722],[-122.38741,37.78724],[-122.38452,37.78739]]]]}},{"type":"Feature","properties":{"name":"South of Market"},"geometry":{"type":"MultiPolygon","coordinates":[[[[-122.39581,37.79115],[-122.39272,37.78869],[-122.39671,37.78554],[-122.39362,37.78308],[-122.39584,37.78132],[-122.39275,37.77885],[-122.40166,37.77182],[-122.40321,37.77305],[-122.40475,37.77428],[-122.40974,37.77035],[-122.40844,37.76932],[-122.40814,37.76925],[-122.40845,37.76916],[-122.40884,37.76914],[-122.41081,37.76905],[-122.41083,37.76923],[-122.41087,37.76932],[-122.41093,37.76941],[-122.41339,37.7695],[-122.41558,37.76959],[-122.41775,37.76982],[-122.42001,37.77011],[-122.42023,37.76994],[-122.42158,37.76992],[-122.42315,37.76982],[-122.4233,37.77144],[-122.42333,37.77148],[-122.42324,37.77155],[-122.42334,37.7717],[-122.4234,37.77189],[-122.42194,37.77304],[-122.41629,37.77749],[-122.41251,37.78048],[-122.40895,37.78329],[-122.40734,37.78456],[-122.40207,37.78872],[-122.4005,37.78745],[-122.39581,37.79115]]]]}},{"type":"Feature","properties":{"name":"St. Francis Wood"},"geometry":{"type":"MultiPolygon","coordinates":[[[[-122.47157,37.73471],[-122.46831,37.73742],[-122.46616,37.73924],[-122.46524,37.73969],[-122.46518,37.73976],[-122.46475,37.73989],[-122.46441,37.73996],[-122.4641,37.74],[-122.46375,37.74005],[-122.46344,37.74008],[-122.46323,37.7401],[-122.46302,37.74012],[-122.46283,37.74014],[-122.4625,37.74018],[-122.4621,37.74023],[-122.46178,37.74027],[-122.46124,37.74034],[-122.46106,37.74029],[-122.46094,37.74025],[-122.46063,37.74016],[-122.46055,37.74001],[-122.46066,37.73992],[-122.46076,37.73985],[-122.46087,37.73976],[-122.46098,37.73968],[-122.46108,37.73962],[-122.46122,37.73955],[-122.46132,37.73952],[-122.46137,37.7395],[-122.46145,37.73946],[-122.46155,37.73941],[-122.46163,37.73936],[-122.46166,37.73933],[-122.46171,37.73929],[-122.46178,37.73922],[-122.46181,37.73919],[-122.46184,37.73915],[-122.4619,37.73906],[-122.46193,37.739],[-122.46193,37.73898],[-122.46196,37.7389],[-122.46198,37.7388],[-122.46199,37.7387],[-122.46197,37.73857],[-122.46197,37.73857],[-122.46195,37.73846],[-122.46194,37.73842],[-122.46193,37.73836],[-122.46192,37.73827],[-122.46191,37.73822],[-122.46189,37.73811],[-122.46188,37.73808],[-122.46187,37.73798],[-122.46186,37.73793],[-122.46184,37.73782],[-122.46182,37.73771],[-122.4618,37.7376],[-122.46178,37.73746],[-122.46176,37.73739],[-122.46174,37.73723],[-122.46171,37.73709],[-122.46169,37.73695],[-122.46166,37.73682],[-122.46164,37.7367],[-122.46164,37.73668],[-122.46162,37.73657],[-122.46159,37.73641],[-122.46157,37.73627],[-122.46154,37.73611],[-122.46161,37.73604],[-122.46204,37.73635],[-122.46314,37.73702],[-122.46307,37.73681],[-122.46301,37.73662],[-122.46295,37.73644],[-122.46288,37.73621],[-122.46291,37.73601],[-122.46308,37.73584],[-122.46337,37.73573],[-122.46377,37.73567],[-122.46402,37.7357],[-122.4642,37.73571],[-122.46428,37.73566],[-122.46435,37.73562],[-122.4644,37.73557],[-122.46449,37.73547],[-122.46445,37.73502],[-122.46444,37.73464],[-122.46427,37.7346],[-122.46418,37.73457],[-122.46399,37.7345],[-122.46384,37.73436],[-122.46379,37.73422],[-122.46381,37.73399],[-122.4638,37.73381],[-122.46377,37.73363],[-122.4638,37.73349],[-122.46392,37.73332],[-122.46414,37.7332],[-122.46435,37.73303],[-122.46451,37.73283],[-122.46456,37.73275],[-122.46467,37.73252],[-122.4655,37.73314],[-122.46566,37.73315],[-122.467,37.73309],[-122.46785,37.73312],[-122.46868,37.73315],[-122.46956,37.73318],[-122.47044,37.73321],[-122.47132,37.73324],[-122.47151,37.73323],[-122.47145,37.73459],[-122.47157,37.73471]]]]}},{"type":"Feature","properties":{"name":"St. Marys Park"},"geometry":{"type":"MultiPolygon","coordinates":[[[[-122.4247,37.73537],[-122.42269,37.7352],[-122.4226,37.73518],[-122.42022,37.73506],[-122.42006,37.73505],[-122.42017,37.73405],[-122.41919,37.734],[-122.41924,37.73349],[-122.41925,37.73328],[-122.41927,37.73318],[-122.41931,37.733],[-122.41936,37.73287],[-122.41942,37.73277],[-122.41953,37.73262],[-122.41955,37.73242],[-122.41956,37.73231],[-122.41957,37.73222],[-122.41959,37.73218],[-122.41985,37.73217],[-122.42011,37.73215],[-122.42055,37.7321],[-122.42089,37.73206],[-122.42113,37.73202],[-122.42142,37.73197],[-122.42172,37.73192],[-122.42204,37.73186],[-122.42232,37.73181],[-122.42255,37.73177],[-122.42275,37.73173],[-122.42295,37.7317],[-122.42325,37.73167],[-122.42358,37.73163],[-122.42375,37.73162],[-122.424,37.7316],[-122.42424,37.73158],[-122.42455,37.73155],[-122.42465,37.73155],[-122.42498,37.73156],[-122.42511,37.73148],[-122.42522,37.73141],[-122.42532,37.73135],[-122.42537,37.73132],[-122.42565,37.73122],[-122.42577,37.73122],[-122.42608,37.73121],[-122.42616,37.73117],[-122.42618,37.73148],[-122.4261,37.73165],[-122.42621,37.73167],[-122.42634,37.73168],[-122.42637,37.73169],[-122.4266,37.73173],[-122.42673,37.73175],[-122.42734,37.73187],[-122.42775,37.73195],[-122.42794,37.73199],[-122.4281,37.73203],[-122.4283,37.73207],[-122.42853,37.73212],[-122.42892,37.73218],[-122.4295,37.73228],[-122.42975,37.73231],[-122.42994,37.73232],[-122.43035,37.73235],[-122.4313,37.73233],[-122.43153,37.7323],[-122.43172,37.73228],[-122.43205,37.73225],[-122.43249,37.73222],[-122.43273,37.73218],[-122.43296,37.73215],[-122.43313,37.73212],[-122.4333,37.73209],[-122.43351,37.73205],[-122.43362,37.73202],[-122.43374,37.732],[-122.43382,37.73197],[-122.43399,37.73193],[-122.43423,37.73187],[-122.43451,37.7318],[-122.43461,37.73178],[-122.43476,37.73174],[-122.43492,37.7317],[-122.43506,37.73167],[-122.4351,37.73166],[-122.43525,37.73164],[-122.43547,37.73161],[-122.43555,37.7316],[-122.43569,37.73159],[-122.4358,37.73158],[-122.43589,37.73158],[-122.43571,37.73166],[-122.4356,37.73171],[-122.43543,37.73179],[-122.43534,37.73183],[-122.43523,37.73188],[-122.43509,37.73195],[-122.43498,37.73201],[-122.43479,37.73209],[-122.43465,37.73215],[-122.43449,37.73223],[-122.4342,37.73236],[-122.43393,37.73248],[-122.43382,37.73253],[-122.43335,37.73275],[-122.43287,37.73297],[-122.43249,37.73314],[-122.43233,37.73322],[-122.43215,37.7333],[-122.4318,37.73346],[-122.43078,37.73394],[-122.43052,37.73406],[-122.43023,37.7342],[-122.4298,37.73441],[-122.42939,37.73464],[-122.4292,37.73474],[-122.42876,37.73498],[-122.42861,37.73506],[-122.42845,37.73516],[-122.42807,37.73541],[-122.42787,37.73554],[-122.42763,37.73571],[-122.42742,37.73587],[-122.42726,37.73599],[-122.42701,37.73616],[-122.42672,37.73637],[-122.42621,37.73607],[-122.4246,37.73594],[-122.42447,37.73606],[-122.4247,37.73537]]]]}},{"type":"Feature","properties":{"name":"Stonestown"},"geometry":{"type":"MultiPolygon","coordinates":[[[[-122.4718,37.73103],[-122.47206,37.72682],[-122.47232,37.72162],[-122.47257,37.71717],[-122.47273,37.71747],[-122.47468,37.71957],[-122.47497,37.71992],[-122.47507,37.72029],[-122.47523,37.72044],[-122.47522,37.72106],[-122.47535,37.72118],[-122.47518,37.7244],[-122.47528,37.72439],[-122.4768,37.72482],[-122.47705,37.72535],[-122.47882,37.7254],[-122.47932,37.72529],[-122.47973,37.72528],[-122.47992,37.72538],[-122.48132,37.7273],[-122.4814,37.7274],[-122.48026,37.72834],[-122.47988,37.72851],[-122.47991,37.72862],[-122.48129,37.73024],[-122.48134,37.73108],[-122.48134,37.73116],[-122.48002,37.73115],[-122.47593,37.7311],[-122.47486,37.73107],[-122.47194,37.73106],[-122.4718,37.73103]]]]}},{"type":"Feature","properties":{"name":"Sunnydale"},"geometry":{"type":"MultiPolygon","coordinates":[[[[-122.42376,37.70834],[-122.42335,37.70925],[-122.42344,37.70938],[-122.42361,37.70947],[-122.42397,37.70968],[-122.42408,37.70976],[-122.42424,37.7099],[-122.42442,37.71005],[-122.42455,37.7101],[-122.42396,37.71035],[-122.42398,37.71069],[-122.42363,37.7107],[-122.4233,37.71071],[-122.42325,37.71071],[-122.42316,37.71074],[-122.42307,37.7108],[-122.423,37.71087],[-122.42297,37.71091],[-122.42264,37.71083],[-122.42257,37.7109],[-122.42319,37.71112],[-122.42264,37.71227],[-122.42427,37.71274],[-122.42368,37.71416],[-122.42201,37.71369],[-122.42177,37.7142],[-122.41584,37.71252],[-122.41574,37.71249],[-122.416,37.71191],[-122.41688,37.70995],[-122.41596,37.70969],[-122.41601,37.70957],[-122.416,37.70942],[-122.41595,37.70924],[-122.41596,37.709],[-122.41596,37.70891],[-122.41622,37.70833],[-122.42376,37.70834]]]]}},{"type":"Feature","properties":{"name":"Sunnyside"},"geometry":{"type":"MultiPolygon","coordinates":[[[[-122.44888,37.73381],[-122.44889,37.73428],[-122.44833,37.73428],[-122.44732,37.73428],[-122.44705,37.73425],[-122.44685,37.73418],[-122.44654,37.73399],[-122.44639,37.73389],[-122.44619,37.73382],[-122.44609,37.73382],[-122.44602,37.73382],[-122.44599,37.73382],[-122.44578,37.73385],[-122.4457,37.73397],[-122.44565,37.73401],[-122.44539,37.73425],[-122.44535,37.73432],[-122.44535,37.73455],[-122.44434,37.73456],[-122.44297,37.73456],[-122.44285,37.73456],[-122.44274,37.73456],[-122.44272,37.73456],[-122.44267,37.73456],[-122.44261,37.73455],[-122.44245,37.7345],[-122.44234,37.73445],[-122.44215,37.73444],[-122.44201,37.7344],[-122.44202,37.7354],[-122.44177,37.73543],[-122.44106,37.73497],[-122.4408,37.73491],[-122.44082,37.73486],[-122.44087,37.73473],[-122.44071,37.73469],[-122.44072,37.73466],[-122.44056,37.73461],[-122.44049,37.73458],[-122.44041,37.73455],[-122.44033,37.73452],[-122.44031,37.73456],[-122.44023,37.73453],[-122.44015,37.73451],[-122.44013,37.73453],[-122.44005,37.7345],[-122.43997,37.73447],[-122.43989,37.73445],[-122.43982,37.73442],[-122.43974,37.73439],[-122.43966,37.73437],[-122.43958,37.73434],[-122.4395,37.73431],[-122.43942,37.73428],[-122.43937,37.73427],[-122.43934,37.73426],[-122.43928,37.73424],[-122.43926,37.73423],[-122.4392,37.73421],[-122.43918,37.7342],[-122.43912,37.73418],[-122.4391,37.73418],[-122.43904,37.73415],[-122.43902,37.73415],[-122.43895,37.73413],[-122.43894,37.73412],[-122.43886,37.73409],[-122.43887,37.73407],[-122.43862,37.73402],[-122.43842,37.73398],[-122.43774,37.73385],[-122.43774,37.73385],[-122.43754,37.73381],[-122.4372,37.73375],[-122.43747,37.73294],[-122.43736,37.73292],[-122.43648,37.73275],[-122.43545,37.73255],[-122.43536,37.73254],[-122.43541,37.73239],[-122.43517,37.73235],[-122.43499,37.7323],[-122.43444,37.73253],[-122.43461,37.73232],[-122.43434,37.73233],[-122.4343,37.73231],[-122.43454,37.7322],[-122.43478,37.7321],[-122.43499,37.732],[-122.43519,37.7319],[-122.43543,37.73179],[-122.43554,37.73173],[-122.43589,37.73158],[-122.43604,37.73157],[-122.4363,37.73156],[-122.43668,37.73154],[-122.43684,37.73147],[-122.43717,37.73137],[-122.43743,37.73126],[-122.4377,37.73115],[-122.43795,37.73104],[-122.43826,37.73092],[-122.43869,37.73074],[-122.43913,37.73055],[-122.43953,37.73039],[-122.43969,37.73033],[-122.44066,37.72992],[-122.44107,37.72976],[-122.44153,37.72955],[-122.44201,37.72938],[-122.44208,37.72931],[-122.4426,37.7291],[-122.44295,37.72892],[-122.4432,37.72879],[-122.44342,37.72867],[-122.44368,37.72854],[-122.44397,37.72838],[-122.44428,37.72826],[-122.44371,37.7283],[-122.44379,37.72823],[-122.444,37.72809],[-122.44425,37.72792],[-122.44458,37.72767],[-122.44481,37.72749],[-122.44504,37.7273],[-122.44528,37.72706],[-122.44548,37.72686],[-122.44572,37.72661],[-122.44595,37.72636],[-122.44616,37.72614],[-122.44631,37.72598],[-122.44647,37.72576],[-122.44664,37.72552],[-122.44686,37.72521],[-122.44692,37.72511],[-122.44705,37.72489],[-122.4472,37.72464],[-122.44733,37.72439],[-122.44753,37.72401],[-122.44763,37.72376],[-122.44777,37.72334],[-122.44791,37.72291],[-122.44949,37.72292],[-122.44956,37.72296],[-122.44963,37.72291],[-122.45147,37.72289],[-122.4516,37.72299],[-122.45166,37.7229],[-122.45207,37.72296],[-122.45233,37.72308],[-122.45234,37.72425],[-122.45237,37.72674],[-122.45238,37.72787],[-122.45233,37.7283],[-122.45244,37.7285],[-122.45244,37.72906],[-122.45244,37.72987],[-122.45339,37.72984],[-122.45341,37.73153],[-122.45342,37.73231],[-122.45343,37.73304],[-122.45386,37.73299],[-122.45251,37.7338],[-122.45117,37.7338],[-122.44951,37.73381],[-122.44949,37.73375],[-122.44913,37.73375],[-122.44899,37.73388],[-122.44888,37.73381]]]]}},{"type":"Feature","properties":{"name":"Sutro Heights"},"geometry":{"type":"MultiPolygon","coordinates":[[[[-122.5031,37.7813],[-122.50309,37.78118],[-122.50267,37.77547],[-122.51129,37.77508],[-122.51317,37.77501],[-122.51313,37.77604],[-122.51335,37.77734],[-122.51352,37.77759],[-122.51396,37.77775],[-122.51419,37.778],[-122.51436,37.77886],[-122.51409,37.77918],[-122.51215,37.77936],[-122.51091,37.77998],[-122.50957,37.78006],[-122.50965,37.781],[-122.5031,37.7813]]]]}},{"type":"Feature","properties":{"name":"Telegraph Hill"},"geometry":{"type":"MultiPolygon","coordinates":[[[[-122.40852,37.8053],[-122.40536,37.8057],[-122.40499,37.80383],[-122.40335,37.80403],[-122.40242,37.79938],[-122.40565,37.79897],[-122.40602,37.80083],[-122.40758,37.80064],[-122.40852,37.8053]]]]}},{"type":"Feature","properties":{"name":"Tenderloin"},"geometry":{"type":"MultiPolygon","coordinates":[[[[-122.40987,37.78715],[-122.40914,37.78352],[-122.40895,37.78329],[-122.41251,37.78048],[-122.41315,37.78099],[-122.41368,37.78093],[-122.41387,37.78186],[-122.41715,37.78145],[-122.41734,37.78238],[-122.42064,37.78196],[-122.42139,37.78569],[-122.40987,37.78715]]]]}},{"type":"Feature","properties":{"name":"Treasure Island"},"geometry":{"type":"MultiPolygon","coordinates":[[[[-122.37177,37.81571],[-122.37663,37.82276],[-122.37912,37.82678],[-122.37769,37.83044],[-122.37332,37.8324],[-122.36862,37.83115],[-122.36284,37.82259],[-122.36358,37.82087],[-122.36046,37.82012],[-122.36058,37.8198],[-122.36364,37.82054],[-122.36436,37.81868],[-122.37177,37.81571]]]]}},{"type":"Feature","properties":{"name":"Union Street"},"geometry":{"type":"MultiPolygon","coordinates":[[[[-122.43769,37.79963],[-122.42454,37.8013],[-122.42379,37.79762],[-122.43695,37.79595],[-122.43769,37.79963]]]]}},{"type":"Feature","properties":{"name":"University Mound"},"geometry":{"type":"MultiPolygon","coordinates":[[[[-122.42185,37.7242],[-122.42234,37.7254],[-122.42284,37.7266],[-122.42312,37.72728],[-122.42334,37.72779],[-122.42374,37.72876],[-122.42267,37.72882],[-122.4216,37.72888],[-122.42112,37.7289],[-122.42053,37.72893],[-122.41997,37.72899],[-122.41996,37.72908],[-122.41995,37.72918],[-122.4199,37.72957],[-122.41986,37.72992],[-122.41982,37.73027],[-122.41979,37.73055],[-122.41972,37.73107],[-122.41965,37.7316],[-122.41964,37.73178],[-122.41959,37.73209],[-122.41957,37.73222],[-122.41897,37.73221],[-122.41848,37.7322],[-122.41813,37.73219],[-122.41742,37.73217],[-122.41696,37.73217],[-122.4172,37.73026],[-122.41699,37.73023],[-122.41676,37.73022],[-122.4165,37.73025],[-122.41635,37.73027],[-122.41624,37.73029],[-122.41606,37.73041],[-122.41578,37.7306],[-122.41558,37.73013],[-122.4154,37.72971],[-122.41519,37.72922],[-122.41446,37.72746],[-122.41347,37.72505],[-122.41297,37.72386],[-122.41592,37.72308],[-122.41556,37.72223],[-122.41655,37.72197],[-122.41692,37.72282],[-122.41778,37.7226],[-122.41791,37.72263],[-122.41839,37.72377],[-122.41938,37.7235],[-122.41988,37.72471],[-122.42185,37.7242]]]]}},{"type":"Feature","properties":{"name":"Upper Market"},"geometry":{"type":"MultiPolygon","coordinates":[[[[-122.44422,37.75558],[-122.44421,37.75516],[-122.44412,37.75518],[-122.443,37.75543],[-122.44293,37.75548],[-122.44278,37.7554],[-122.44255,37.75532],[-122.44241,37.75521],[-122.44235,37.75507],[-122.44239,37.75482],[-122.44184,37.75467],[-122.44173,37.75464],[-122.4409,37.75449],[-122.44108,37.75418],[-122.44093,37.7541],[-122.43878,37.75423],[-122.4387,37.75343],[-122.43832,37.74943],[-122.43825,37.74866],[-122.43982,37.74865],[-122.44088,37.74863],[-122.44141,37.74861],[-122.44192,37.74847],[-122.44252,37.74818],[-122.44258,37.74808],[-122.44316,37.7475],[-122.44346,37.74723],[-122.44396,37.74677],[-122.44409,37.74672],[-122.44435,37.7467],[-122.4446,37.74668],[-122.44478,37.74677],[-122.44485,37.74695],[-122.44499,37.74801],[-122.44502,37.74837],[-122.44506,37.74865],[-122.44505,37.74878],[-122.44492,37.749],[-122.44485,37.74911],[-122.44481,37.74925],[-122.44513,37.74927],[-122.44528,37.74934],[-122.44535,37.7493],[-122.44542,37.74921],[-122.44566,37.74914],[-122.4458,37.7493],[-122.44634,37.74961],[-122.44692,37.74996],[-122.44706,37.75],[-122.44773,37.7502],[-122.44796,37.75027],[-122.44813,37.75025],[-122.44826,37.75017],[-122.44889,37.74934],[-122.44905,37.74918],[-122.44925,37.74911],[-122.4494,37.74911],[-122.44954,37.74918],[-122.44964,37.74931],[-122.44972,37.74954],[-122.4497,37.74966],[-122.44968,37.74982],[-122.44965,37.7499],[-122.4496,37.75002],[-122.4495,37.75026],[-122.44942,37.75041],[-122.4493,37.75055],[-122.44919,37.75064],[-122.44903,37.75072],[-122.44884,37.75083],[-122.44873,37.7509],[-122.44793,37.7508],[-122.44777,37.75083],[-122.44763,37.75091],[-122.44739,37.75117],[-122.44709,37.75151],[-122.44703,37.75166],[-122.44703,37.75178],[-122.4471,37.75193],[-122.44722,37.75207],[-122.4474,37.75226],[-122.44754,37.75248],[-122.44736,37.75272],[-122.44711,37.75295],[-122.44678,37.75325],[-122.44672,37.75339],[-122.44673,37.75357],[-122.44687,37.75376],[-122.44714,37.75399],[-122.44563,37.75383],[-122.44533,37.7541],[-122.4452,37.75421],[-122.44511,37.75439],[-122.44502,37.7544],[-122.44496,37.75455],[-122.44495,37.75469],[-122.44492,37.75495],[-122.44483,37.7552],[-122.44474,37.75521],[-122.44461,37.75535],[-122.44441,37.75547],[-122.44422,37.75558]]]]}},{"type":"Feature","properties":{"name":"Visitacion Valley"},"geometry":{"type":"MultiPolygon","coordinates":[[[[-122.41622,37.70833],[-122.41596,37.70891],[-122.41596,37.709],[-122.41595,37.70924],[-122.416,37.70942],[-122.41601,37.70957],[-122.41596,37.70969],[-122.41688,37.70995],[-122.41574,37.71249],[-122.41584,37.71252],[-122.41531,37.71374],[-122.41567,37.71384],[-122.41544,37.71436],[-122.41547,37.71437],[-122.41548,37.7156],[-122.41434,37.71529],[-122.41404,37.71596],[-122.41405,37.71619],[-122.41366,37.7163],[-122.41318,37.71631],[-122.41318,37.71646],[-122.41297,37.71652],[-122.41273,37.71659],[-122.41252,37.71666],[-122.41219,37.7168],[-122.41055,37.71635],[-122.41048,37.71651],[-122.41032,37.71647],[-122.41018,37.71679],[-122.40854,37.71635],[-122.40846,37.71654],[-122.40813,37.71645],[-122.40802,37.71671],[-122.40884,37.71694],[-122.4083,37.71818],[-122.40899,37.71837],[-122.40875,37.71888],[-122.40884,37.71891],[-122.40899,37.71928],[-122.40892,37.71937],[-122.408,37.71961],[-122.40798,37.71974],[-122.40501,37.72051],[-122.40455,37.71941],[-122.40357,37.71966],[-122.40258,37.71725],[-122.4016,37.71486],[-122.39955,37.71539],[-122.39944,37.71555],[-122.39914,37.71555],[-122.39899,37.71534],[-122.39914,37.71523],[-122.39943,37.7145],[-122.39958,37.71428],[-122.40037,37.71348],[-122.40065,37.71319],[-122.40066,37.71306],[-122.40083,37.71301],[-122.40097,37.71287],[-122.40126,37.71264],[-122.40164,37.71248],[-122.40237,37.71229],[-122.40246,37.71218],[-122.40265,37.7122],[-122.40282,37.71213],[-122.4031,37.71197],[-122.40328,37.71182],[-122.40369,37.71128],[-122.40365,37.71119],[-122.40378,37.71116],[-122.40425,37.71052],[-122.40423,37.71041],[-122.40438,37.71037],[-122.40468,37.70993],[-122.40486,37.70959],[-122.40506,37.70922],[-122.40515,37.70896],[-122.40511,37.70885],[-122.40524,37.7088],[-122.40544,37.70836],[-122.41622,37.70833]]]]}},{"type":"Feature","properties":{"name":"West Portal"},"geometry":{"type":"MultiPolygon","coordinates":[[[[-122.4751,37.73463],[-122.47564,37.74305],[-122.47136,37.74324],[-122.47023,37.74329],[-122.46917,37.74334],[-122.46807,37.74338],[-122.46604,37.74356],[-122.46369,37.74375],[-122.4638,37.74293],[-122.46387,37.74253],[-122.46395,37.74226],[-122.46409,37.74197],[-122.4643,37.74163],[-122.46463,37.74127],[-122.46494,37.74083],[-122.46504,37.74065],[-122.46519,37.74022],[-122.46525,37.73999],[-122.46524,37.73969],[-122.46616,37.73924],[-122.46831,37.73742],[-122.47157,37.73471],[-122.4751,37.73463]]]]}},{"type":"Feature","properties":{"name":"Western Addition"},"geometry":{"type":"MultiPolygon","coordinates":[[[[-122.43948,37.78331],[-122.43785,37.78372],[-122.43456,37.78415],[-122.43291,37.78436],[-122.43271,37.78329],[-122.43099,37.78351],[-122.43024,37.7836],[-122.42784,37.78388],[-122.42778,37.78392],[-122.42758,37.78299],[-122.4274,37.78206],[-122.4272,37.78112],[-122.42702,37.78019],[-122.42373,37.78061],[-122.42335,37.77875],[-122.42664,37.77833],[-122.42985,37.77792],[-122.43157,37.7777],[-122.43176,37.77863],[-122.43837,37.77779],[-122.43818,37.77686],[-122.43984,37.77664],[-122.44149,37.77644],[-122.44313,37.77623],[-122.44478,37.77602],[-122.44647,37.7758],[-122.44704,37.77862],[-122.44535,37.77884],[-122.4437,37.77904],[-122.44205,37.77924],[-122.44112,37.77937],[-122.44096,37.77936],[-122.4404,37.77944],[-122.43874,37.77966],[-122.43893,37.78059],[-122.43911,37.78152],[-122.43948,37.78331]]]]}},{"type":"Feature","properties":{"name":"Westwood Highlands"},"geometry":{"type":"MultiPolygon","coordinates":[[[[-122.4595,37.73429],[-122.45916,37.73442],[-122.45905,37.73446],[-122.45875,37.73454],[-122.45838,37.73458],[-122.45811,37.73457],[-122.4578,37.73451],[-122.45768,37.73449],[-122.45756,37.73449],[-122.45742,37.73448],[-122.45705,37.73457],[-122.45679,37.73454],[-122.45662,37.73444],[-122.45652,37.73427],[-122.45631,37.73424],[-122.45616,37.73421],[-122.45597,37.73413],[-122.45583,37.73408],[-122.45565,37.73403],[-122.45538,37.73399],[-122.45524,37.73398],[-122.45499,37.7339],[-122.45474,37.73372],[-122.45466,37.7336],[-122.4546,37.73348],[-122.45451,37.7333],[-122.45427,37.73302],[-122.45405,37.73299],[-122.45386,37.73299],[-122.45343,37.73304],[-122.45342,37.73231],[-122.45341,37.73153],[-122.45492,37.73146],[-122.45576,37.73135],[-122.45661,37.73119],[-122.45747,37.731],[-122.45757,37.73101],[-122.45795,37.73093],[-122.45822,37.73088],[-122.45857,37.73085],[-122.4587,37.73084],[-122.45865,37.731],[-122.45853,37.73129],[-122.45851,37.73154],[-122.4585,37.73163],[-122.45853,37.73202],[-122.45861,37.73254],[-122.45875,37.73297],[-122.45889,37.73331],[-122.45906,37.73365],[-122.4595,37.73429]]]]}},{"type":"Feature","properties":{"name":"Westwood Park"},"geometry":{"type":"MultiPolygon","coordinates":[[[[-122.46057,37.73043],[-122.4605,37.73053],[-122.46029,37.73062],[-122.46004,37.73071],[-122.45976,37.73078],[-122.45947,37.73083],[-122.45921,37.73085],[-122.45891,37.73086],[-122.4587,37.73084],[-122.45822,37.73088],[-122.45757,37.73101],[-122.45747,37.731],[-122.45661,37.73119],[-122.45576,37.73135],[-122.45492,37.73146],[-122.45341,37.73153],[-122.45341,37.73067],[-122.45339,37.72984],[-122.45322,37.72986],[-122.45244,37.72987],[-122.45244,37.72906],[-122.45244,37.7285],[-122.45233,37.7283],[-122.45238,37.72787],[-122.45238,37.72765],[-122.45236,37.72563],[-122.45233,37.72308],[-122.45311,37.72324],[-122.45514,37.72367],[-122.45615,37.72389],[-122.45717,37.7241],[-122.45819,37.72432],[-122.45921,37.72453],[-122.45995,37.72469],[-122.46023,37.72475],[-122.46035,37.72488],[-122.46037,37.72724],[-122.46096,37.72733],[-122.46142,37.72712],[-122.46184,37.72709],[-122.46218,37.72729],[-122.46219,37.72772],[-122.46204,37.72775],[-122.46186,37.72779],[-122.4617,37.72785],[-122.46152,37.72793],[-122.46128,37.72805],[-122.46111,37.72813],[-122.4609,37.72821],[-122.46073,37.72827],[-122.46072,37.72863],[-122.46082,37.72868],[-122.46041,37.72874],[-122.46035,37.72874],[-122.46036,37.72881],[-122.46038,37.73007],[-122.46055,37.73028],[-122.46057,37.73043]]]]}},{"type":"Feature","properties":{"name":"Yerba Buena Island"},"geometry":{"type":"MultiPolygon","coordinates":[[[[-122.37105,37.81595],[-122.37053,37.81466],[-122.37038,37.81423],[-122.3698,37.8134],[-122.3694,37.81303],[-122.36849,37.81266],[-122.36814,37.81254],[-122.36756,37.81233],[-122.36672,37.81242],[-122.36501,37.81332],[-122.36499,37.81347],[-122.36438,37.81393],[-122.3639,37.81408],[-122.3631,37.81408],[-122.36301,37.81415],[-122.36207,37.81414],[-122.36172,37.81446],[-122.36074,37.81471],[-122.35938,37.81503],[-122.35891,37.81477],[-122.35885,37.8146],[-122.35891,37.81441],[-122.35915,37.81361],[-122.35953,37.81337],[-122.35957,37.81339],[-122.36106,37.81248],[-122.36113,37.81205],[-122.36111,37.81157],[-122.36142,37.81103],[-122.3614,37.81075],[-122.36134,37.81024],[-122.36072,37.8103],[-122.36035,37.81093],[-122.36024,37.81088],[-122.36055,37.8102],[-122.36115,37.81011],[-122.36097,37.80809],[-122.36131,37.80806],[-122.36147,37.80781],[-122.36185,37.80734],[-122.3618,37.80726],[-122.3619,37.80707],[-122.36216,37.80702],[-122.36262,37.80707],[-122.36279,37.80735],[-122.3634,37.80748],[-122.36396,37.80748],[-122.36412,37.80755],[-122.36462,37.80753],[-122.3648,37.80742],[-122.36515,37.80752],[-122.36522,37.80763],[-122.3658,37.80761],[-122.36629,37.80738],[-122.36725,37.80739],[-122.3674,37.80764],[-122.36788,37.80788],[-122.36793,37.80777],[-122.36978,37.80863],[-122.3703,37.80863],[-122.37073,37.809],[-122.37169,37.80949],[-122.37203,37.81006],[-122.37284,37.81087],[-122.37281,37.81123],[-122.37251,37.81124],[-122.37217,37.81135],[-122.37179,37.81269],[-122.37157,37.81304],[-122.37178,37.81337],[-122.37177,37.81357],[-122.37144,37.81356],[-122.37125,37.81444],[-122.37147,37.81526],[-122.37178,37.81573],[-122.37105,37.81595]]]]}}]}
